INSERT INTO USUARIO (ID, USUARIO, CORREO, CONTRASENA, NUMERO_DOCUMENTO, TIPO_DOCUMENTO) VALUES (0, 'usuario0', 'usuario_0@gmail.com', 'contrasena_0', 385711, 0);
INSERT INTO USUARIO (ID, USUARIO, CORREO, CONTRASENA, NUMERO_DOCUMENTO, TIPO_DOCUMENTO) VALUES (1, 'usuario1', 'usuario_1@gmail.com', 'contrasena_1', 724891, 2);
INSERT INTO USUARIO (ID, USUARIO, CORREO, CONTRASENA, NUMERO_DOCUMENTO, TIPO_DOCUMENTO) VALUES (2, 'usuario2', 'usuario_2@gmail.com', 'contrasena_2', 163762, 2);
INSERT INTO USUARIO (ID, USUARIO, CORREO, CONTRASENA, NUMERO_DOCUMENTO, TIPO_DOCUMENTO) VALUES (3, 'usuario3', 'usuario_3@gmail.com', 'contrasena_3', 491900, 1);
INSERT INTO USUARIO (ID, USUARIO, CORREO, CONTRASENA, NUMERO_DOCUMENTO, TIPO_DOCUMENTO) VALUES (4, 'usuario4', 'usuario_4@gmail.com', 'contrasena_4', 312175, 1);
INSERT INTO USUARIO (ID, USUARIO, CORREO, CONTRASENA, NUMERO_DOCUMENTO, TIPO_DOCUMENTO) VALUES (5, 'usuario5', 'usuario_5@gmail.com', 'contrasena_5', 469357, 1);
INSERT INTO USUARIO (ID, USUARIO, CORREO, CONTRASENA, NUMERO_DOCUMENTO, TIPO_DOCUMENTO) VALUES (6, 'usuario6', 'usuario_6@gmail.com', 'contrasena_6', 31614, 2);
INSERT INTO USUARIO (ID, USUARIO, CORREO, CONTRASENA, NUMERO_DOCUMENTO, TIPO_DOCUMENTO) VALUES (7, 'usuario7', 'usuario_7@gmail.com', 'contrasena_7', 752953, 2);
INSERT INTO USUARIO (ID, USUARIO, CORREO, CONTRASENA, NUMERO_DOCUMENTO, TIPO_DOCUMENTO) VALUES (8, 'usuario8', 'usuario_8@gmail.com', 'contrasena_8', 129923, 1);
INSERT INTO USUARIO (ID, USUARIO, CORREO, CONTRASENA, NUMERO_DOCUMENTO, TIPO_DOCUMENTO) VALUES (9, 'usuario9', 'usuario_9@gmail.com', 'contrasena_9', 971415, 1);
INSERT INTO USUARIO (ID, USUARIO, CORREO, CONTRASENA, NUMERO_DOCUMENTO, TIPO_DOCUMENTO) VALUES (10, 'usuario10', 'usuario_10@gmail.com', 'contrasena_10', 483244, 2);
INSERT INTO USUARIO (ID, USUARIO, CORREO, CONTRASENA, NUMERO_DOCUMENTO, TIPO_DOCUMENTO) VALUES (11, 'usuario11', 'usuario_11@gmail.com', 'contrasena_11', 152409, 0);
INSERT INTO USUARIO (ID, USUARIO, CORREO, CONTRASENA, NUMERO_DOCUMENTO, TIPO_DOCUMENTO) VALUES (12, 'usuario12', 'usuario_12@gmail.com', 'contrasena_12', 637713, 0);
INSERT INTO USUARIO (ID, USUARIO, CORREO, CONTRASENA, NUMERO_DOCUMENTO, TIPO_DOCUMENTO) VALUES (13, 'usuario13', 'usuario_13@gmail.com', 'contrasena_13', 638233, 2);
INSERT INTO USUARIO (ID, USUARIO, CORREO, CONTRASENA, NUMERO_DOCUMENTO, TIPO_DOCUMENTO) VALUES (14, 'usuario14', 'usuario_14@gmail.com', 'contrasena_14', 538342, 0);
INSERT INTO USUARIO (ID, USUARIO, CORREO, CONTRASENA, NUMERO_DOCUMENTO, TIPO_DOCUMENTO) VALUES (15, 'usuario15', 'usuario_15@gmail.com', 'contrasena_15', 3194, 2);
INSERT INTO USUARIO (ID, USUARIO, CORREO, CONTRASENA, NUMERO_DOCUMENTO, TIPO_DOCUMENTO) VALUES (16, 'usuario16', 'usuario_16@gmail.com', 'contrasena_16', 622660, 2);
INSERT INTO USUARIO (ID, USUARIO, CORREO, CONTRASENA, NUMERO_DOCUMENTO, TIPO_DOCUMENTO) VALUES (17, 'usuario17', 'usuario_17@gmail.com', 'contrasena_17', 941259, 1);
INSERT INTO USUARIO (ID, USUARIO, CORREO, CONTRASENA, NUMERO_DOCUMENTO, TIPO_DOCUMENTO) VALUES (18, 'usuario18', 'usuario_18@gmail.com', 'contrasena_18', 548928, 2);
INSERT INTO USUARIO (ID, USUARIO, CORREO, CONTRASENA, NUMERO_DOCUMENTO, TIPO_DOCUMENTO) VALUES (19, 'usuario19', 'usuario_19@gmail.com', 'contrasena_19', 390318, 2);
INSERT INTO USUARIO (ID, USUARIO, CORREO, CONTRASENA, NUMERO_DOCUMENTO, TIPO_DOCUMENTO) VALUES (20, 'usuario20', 'usuario_20@gmail.com', 'contrasena_20', 642196, 1);
INSERT INTO USUARIO (ID, USUARIO, CORREO, CONTRASENA, NUMERO_DOCUMENTO, TIPO_DOCUMENTO) VALUES (21, 'usuario21', 'usuario_21@gmail.com', 'contrasena_21', 738590, 0);
INSERT INTO USUARIO (ID, USUARIO, CORREO, CONTRASENA, NUMERO_DOCUMENTO, TIPO_DOCUMENTO) VALUES (22, 'usuario22', 'usuario_22@gmail.com', 'contrasena_22', 736230, 0);
INSERT INTO USUARIO (ID, USUARIO, CORREO, CONTRASENA, NUMERO_DOCUMENTO, TIPO_DOCUMENTO) VALUES (23, 'usuario23', 'usuario_23@gmail.com', 'contrasena_23', 818976, 0);
INSERT INTO USUARIO (ID, USUARIO, CORREO, CONTRASENA, NUMERO_DOCUMENTO, TIPO_DOCUMENTO) VALUES (24, 'usuario24', 'usuario_24@gmail.com', 'contrasena_24', 465274, 0);
INSERT INTO USUARIO (ID, USUARIO, CORREO, CONTRASENA, NUMERO_DOCUMENTO, TIPO_DOCUMENTO) VALUES (25, 'usuario25', 'usuario_25@gmail.com', 'contrasena_25', 538831, 0);
INSERT INTO USUARIO (ID, USUARIO, CORREO, CONTRASENA, NUMERO_DOCUMENTO, TIPO_DOCUMENTO) VALUES (26, 'usuario26', 'usuario_26@gmail.com', 'contrasena_26', 216876, 0);
INSERT INTO USUARIO (ID, USUARIO, CORREO, CONTRASENA, NUMERO_DOCUMENTO, TIPO_DOCUMENTO) VALUES (27, 'usuario27', 'usuario_27@gmail.com', 'contrasena_27', 415435, 1);
INSERT INTO USUARIO (ID, USUARIO, CORREO, CONTRASENA, NUMERO_DOCUMENTO, TIPO_DOCUMENTO) VALUES (28, 'usuario28', 'usuario_28@gmail.com', 'contrasena_28', 895462, 1);
INSERT INTO USUARIO (ID, USUARIO, CORREO, CONTRASENA, NUMERO_DOCUMENTO, TIPO_DOCUMENTO) VALUES (29, 'usuario29', 'usuario_29@gmail.com', 'contrasena_29', 991559, 2);
INSERT INTO USUARIO (ID, USUARIO, CORREO, CONTRASENA, NUMERO_DOCUMENTO, TIPO_DOCUMENTO) VALUES (30, 'usuario30', 'usuario_30@gmail.com', 'contrasena_30', 366060, 1);
INSERT INTO USUARIO (ID, USUARIO, CORREO, CONTRASENA, NUMERO_DOCUMENTO, TIPO_DOCUMENTO) VALUES (31, 'usuario31', 'usuario_31@gmail.com', 'contrasena_31', 90877, 1);
INSERT INTO USUARIO (ID, USUARIO, CORREO, CONTRASENA, NUMERO_DOCUMENTO, TIPO_DOCUMENTO) VALUES (32, 'usuario32', 'usuario_32@gmail.com', 'contrasena_32', 948597, 2);
INSERT INTO USUARIO (ID, USUARIO, CORREO, CONTRASENA, NUMERO_DOCUMENTO, TIPO_DOCUMENTO) VALUES (33, 'usuario33', 'usuario_33@gmail.com', 'contrasena_33', 139576, 1);
INSERT INTO USUARIO (ID, USUARIO, CORREO, CONTRASENA, NUMERO_DOCUMENTO, TIPO_DOCUMENTO) VALUES (34, 'usuario34', 'usuario_34@gmail.com', 'contrasena_34', 615342, 2);
INSERT INTO USUARIO (ID, USUARIO, CORREO, CONTRASENA, NUMERO_DOCUMENTO, TIPO_DOCUMENTO) VALUES (35, 'usuario35', 'usuario_35@gmail.com', 'contrasena_35', 328351, 1);
INSERT INTO USUARIO (ID, USUARIO, CORREO, CONTRASENA, NUMERO_DOCUMENTO, TIPO_DOCUMENTO) VALUES (36, 'usuario36', 'usuario_36@gmail.com', 'contrasena_36', 607644, 0);
INSERT INTO USUARIO (ID, USUARIO, CORREO, CONTRASENA, NUMERO_DOCUMENTO, TIPO_DOCUMENTO) VALUES (37, 'usuario37', 'usuario_37@gmail.com', 'contrasena_37', 218102, 0);
INSERT INTO USUARIO (ID, USUARIO, CORREO, CONTRASENA, NUMERO_DOCUMENTO, TIPO_DOCUMENTO) VALUES (38, 'usuario38', 'usuario_38@gmail.com', 'contrasena_38', 32734, 0);
INSERT INTO USUARIO (ID, USUARIO, CORREO, CONTRASENA, NUMERO_DOCUMENTO, TIPO_DOCUMENTO) VALUES (39, 'usuario39', 'usuario_39@gmail.com', 'contrasena_39', 502984, 2);
INSERT INTO USUARIO (ID, USUARIO, CORREO, CONTRASENA, NUMERO_DOCUMENTO, TIPO_DOCUMENTO) VALUES (40, 'usuario40', 'usuario_40@gmail.com', 'contrasena_40', 627428, 1);
INSERT INTO USUARIO (ID, USUARIO, CORREO, CONTRASENA, NUMERO_DOCUMENTO, TIPO_DOCUMENTO) VALUES (41, 'usuario41', 'usuario_41@gmail.com', 'contrasena_41', 36048, 1);
INSERT INTO USUARIO (ID, USUARIO, CORREO, CONTRASENA, NUMERO_DOCUMENTO, TIPO_DOCUMENTO) VALUES (42, 'usuario42', 'usuario_42@gmail.com', 'contrasena_42', 282732, 0);
INSERT INTO USUARIO (ID, USUARIO, CORREO, CONTRASENA, NUMERO_DOCUMENTO, TIPO_DOCUMENTO) VALUES (43, 'usuario43', 'usuario_43@gmail.com', 'contrasena_43', 895617, 1);
INSERT INTO USUARIO (ID, USUARIO, CORREO, CONTRASENA, NUMERO_DOCUMENTO, TIPO_DOCUMENTO) VALUES (44, 'usuario44', 'usuario_44@gmail.com', 'contrasena_44', 111872, 0);
INSERT INTO USUARIO (ID, USUARIO, CORREO, CONTRASENA, NUMERO_DOCUMENTO, TIPO_DOCUMENTO) VALUES (45, 'usuario45', 'usuario_45@gmail.com', 'contrasena_45', 224549, 2);
INSERT INTO USUARIO (ID, USUARIO, CORREO, CONTRASENA, NUMERO_DOCUMENTO, TIPO_DOCUMENTO) VALUES (46, 'usuario46', 'usuario_46@gmail.com', 'contrasena_46', 813947, 2);
INSERT INTO USUARIO (ID, USUARIO, CORREO, CONTRASENA, NUMERO_DOCUMENTO, TIPO_DOCUMENTO) VALUES (47, 'usuario47', 'usuario_47@gmail.com', 'contrasena_47', 810017, 1);
INSERT INTO USUARIO (ID, USUARIO, CORREO, CONTRASENA, NUMERO_DOCUMENTO, TIPO_DOCUMENTO) VALUES (48, 'usuario48', 'usuario_48@gmail.com', 'contrasena_48', 836437, 1);
INSERT INTO USUARIO (ID, USUARIO, CORREO, CONTRASENA, NUMERO_DOCUMENTO, TIPO_DOCUMENTO) VALUES (49, 'usuario49', 'usuario_49@gmail.com', 'contrasena_49', 887895, 0);
INSERT INTO USUARIO (ID, USUARIO, CORREO, CONTRASENA, NUMERO_DOCUMENTO, TIPO_DOCUMENTO) VALUES (50, 'usuario50', 'usuario_50@gmail.com', 'contrasena_50', 371987, 0);
INSERT INTO USUARIO (ID, USUARIO, CORREO, CONTRASENA, NUMERO_DOCUMENTO, TIPO_DOCUMENTO) VALUES (51, 'usuario51', 'usuario_51@gmail.com', 'contrasena_51', 453822, 2);
INSERT INTO USUARIO (ID, USUARIO, CORREO, CONTRASENA, NUMERO_DOCUMENTO, TIPO_DOCUMENTO) VALUES (52, 'usuario52', 'usuario_52@gmail.com', 'contrasena_52', 538371, 2);
INSERT INTO USUARIO (ID, USUARIO, CORREO, CONTRASENA, NUMERO_DOCUMENTO, TIPO_DOCUMENTO) VALUES (53, 'usuario53', 'usuario_53@gmail.com', 'contrasena_53', 442025, 1);
INSERT INTO USUARIO (ID, USUARIO, CORREO, CONTRASENA, NUMERO_DOCUMENTO, TIPO_DOCUMENTO) VALUES (54, 'usuario54', 'usuario_54@gmail.com', 'contrasena_54', 185266, 1);
INSERT INTO USUARIO (ID, USUARIO, CORREO, CONTRASENA, NUMERO_DOCUMENTO, TIPO_DOCUMENTO) VALUES (55, 'usuario55', 'usuario_55@gmail.com', 'contrasena_55', 493373, 2);
INSERT INTO USUARIO (ID, USUARIO, CORREO, CONTRASENA, NUMERO_DOCUMENTO, TIPO_DOCUMENTO) VALUES (56, 'usuario56', 'usuario_56@gmail.com', 'contrasena_56', 647469, 1);
INSERT INTO USUARIO (ID, USUARIO, CORREO, CONTRASENA, NUMERO_DOCUMENTO, TIPO_DOCUMENTO) VALUES (57, 'usuario57', 'usuario_57@gmail.com', 'contrasena_57', 675741, 2);
INSERT INTO USUARIO (ID, USUARIO, CORREO, CONTRASENA, NUMERO_DOCUMENTO, TIPO_DOCUMENTO) VALUES (58, 'usuario58', 'usuario_58@gmail.com', 'contrasena_58', 421363, 1);
INSERT INTO USUARIO (ID, USUARIO, CORREO, CONTRASENA, NUMERO_DOCUMENTO, TIPO_DOCUMENTO) VALUES (59, 'usuario59', 'usuario_59@gmail.com', 'contrasena_59', 442591, 2);
INSERT INTO USUARIO (ID, USUARIO, CORREO, CONTRASENA, NUMERO_DOCUMENTO, TIPO_DOCUMENTO) VALUES (60, 'usuario60', 'usuario_60@gmail.com', 'contrasena_60', 179969, 1);
INSERT INTO USUARIO (ID, USUARIO, CORREO, CONTRASENA, NUMERO_DOCUMENTO, TIPO_DOCUMENTO) VALUES (61, 'usuario61', 'usuario_61@gmail.com', 'contrasena_61', 319793, 1);
INSERT INTO USUARIO (ID, USUARIO, CORREO, CONTRASENA, NUMERO_DOCUMENTO, TIPO_DOCUMENTO) VALUES (62, 'usuario62', 'usuario_62@gmail.com', 'contrasena_62', 761620, 2);
INSERT INTO USUARIO (ID, USUARIO, CORREO, CONTRASENA, NUMERO_DOCUMENTO, TIPO_DOCUMENTO) VALUES (63, 'usuario63', 'usuario_63@gmail.com', 'contrasena_63', 296063, 0);
INSERT INTO USUARIO (ID, USUARIO, CORREO, CONTRASENA, NUMERO_DOCUMENTO, TIPO_DOCUMENTO) VALUES (64, 'usuario64', 'usuario_64@gmail.com', 'contrasena_64', 768257, 0);
INSERT INTO USUARIO (ID, USUARIO, CORREO, CONTRASENA, NUMERO_DOCUMENTO, TIPO_DOCUMENTO) VALUES (65, 'usuario65', 'usuario_65@gmail.com', 'contrasena_65', 658990, 1);
INSERT INTO USUARIO (ID, USUARIO, CORREO, CONTRASENA, NUMERO_DOCUMENTO, TIPO_DOCUMENTO) VALUES (66, 'usuario66', 'usuario_66@gmail.com', 'contrasena_66', 191618, 0);
INSERT INTO USUARIO (ID, USUARIO, CORREO, CONTRASENA, NUMERO_DOCUMENTO, TIPO_DOCUMENTO) VALUES (67, 'usuario67', 'usuario_67@gmail.com', 'contrasena_67', 66474, 1);
INSERT INTO USUARIO (ID, USUARIO, CORREO, CONTRASENA, NUMERO_DOCUMENTO, TIPO_DOCUMENTO) VALUES (68, 'usuario68', 'usuario_68@gmail.com', 'contrasena_68', 49020, 0);
INSERT INTO USUARIO (ID, USUARIO, CORREO, CONTRASENA, NUMERO_DOCUMENTO, TIPO_DOCUMENTO) VALUES (69, 'usuario69', 'usuario_69@gmail.com', 'contrasena_69', 972506, 2);
INSERT INTO USUARIO (ID, USUARIO, CORREO, CONTRASENA, NUMERO_DOCUMENTO, TIPO_DOCUMENTO) VALUES (70, 'usuario70', 'usuario_70@gmail.com', 'contrasena_70', 355186, 0);
INSERT INTO USUARIO (ID, USUARIO, CORREO, CONTRASENA, NUMERO_DOCUMENTO, TIPO_DOCUMENTO) VALUES (71, 'usuario71', 'usuario_71@gmail.com', 'contrasena_71', 136564, 2);
INSERT INTO USUARIO (ID, USUARIO, CORREO, CONTRASENA, NUMERO_DOCUMENTO, TIPO_DOCUMENTO) VALUES (72, 'usuario72', 'usuario_72@gmail.com', 'contrasena_72', 882538, 1);
INSERT INTO USUARIO (ID, USUARIO, CORREO, CONTRASENA, NUMERO_DOCUMENTO, TIPO_DOCUMENTO) VALUES (73, 'usuario73', 'usuario_73@gmail.com', 'contrasena_73', 837518, 0);
INSERT INTO USUARIO (ID, USUARIO, CORREO, CONTRASENA, NUMERO_DOCUMENTO, TIPO_DOCUMENTO) VALUES (74, 'usuario74', 'usuario_74@gmail.com', 'contrasena_74', 69610, 0);
INSERT INTO USUARIO (ID, USUARIO, CORREO, CONTRASENA, NUMERO_DOCUMENTO, TIPO_DOCUMENTO) VALUES (75, 'usuario75', 'usuario_75@gmail.com', 'contrasena_75', 585750, 2);
INSERT INTO USUARIO (ID, USUARIO, CORREO, CONTRASENA, NUMERO_DOCUMENTO, TIPO_DOCUMENTO) VALUES (76, 'usuario76', 'usuario_76@gmail.com', 'contrasena_76', 125716, 0);
INSERT INTO USUARIO (ID, USUARIO, CORREO, CONTRASENA, NUMERO_DOCUMENTO, TIPO_DOCUMENTO) VALUES (77, 'usuario77', 'usuario_77@gmail.com', 'contrasena_77', 581353, 2);
INSERT INTO USUARIO (ID, USUARIO, CORREO, CONTRASENA, NUMERO_DOCUMENTO, TIPO_DOCUMENTO) VALUES (78, 'usuario78', 'usuario_78@gmail.com', 'contrasena_78', 849691, 0);
INSERT INTO USUARIO (ID, USUARIO, CORREO, CONTRASENA, NUMERO_DOCUMENTO, TIPO_DOCUMENTO) VALUES (79, 'usuario79', 'usuario_79@gmail.com', 'contrasena_79', 901573, 1);
INSERT INTO USUARIO (ID, USUARIO, CORREO, CONTRASENA, NUMERO_DOCUMENTO, TIPO_DOCUMENTO) VALUES (80, 'usuario80', 'usuario_80@gmail.com', 'contrasena_80', 931580, 2);
INSERT INTO USUARIO (ID, USUARIO, CORREO, CONTRASENA, NUMERO_DOCUMENTO, TIPO_DOCUMENTO) VALUES (81, 'usuario81', 'usuario_81@gmail.com', 'contrasena_81', 417282, 1);
INSERT INTO USUARIO (ID, USUARIO, CORREO, CONTRASENA, NUMERO_DOCUMENTO, TIPO_DOCUMENTO) VALUES (82, 'usuario82', 'usuario_82@gmail.com', 'contrasena_82', 538300, 2);
INSERT INTO USUARIO (ID, USUARIO, CORREO, CONTRASENA, NUMERO_DOCUMENTO, TIPO_DOCUMENTO) VALUES (83, 'usuario83', 'usuario_83@gmail.com', 'contrasena_83', 736135, 2);
INSERT INTO USUARIO (ID, USUARIO, CORREO, CONTRASENA, NUMERO_DOCUMENTO, TIPO_DOCUMENTO) VALUES (84, 'usuario84', 'usuario_84@gmail.com', 'contrasena_84', 797822, 1);
INSERT INTO USUARIO (ID, USUARIO, CORREO, CONTRASENA, NUMERO_DOCUMENTO, TIPO_DOCUMENTO) VALUES (85, 'usuario85', 'usuario_85@gmail.com', 'contrasena_85', 49127, 1);
INSERT INTO USUARIO (ID, USUARIO, CORREO, CONTRASENA, NUMERO_DOCUMENTO, TIPO_DOCUMENTO) VALUES (86, 'usuario86', 'usuario_86@gmail.com', 'contrasena_86', 391114, 2);
INSERT INTO USUARIO (ID, USUARIO, CORREO, CONTRASENA, NUMERO_DOCUMENTO, TIPO_DOCUMENTO) VALUES (87, 'usuario87', 'usuario_87@gmail.com', 'contrasena_87', 617667, 2);
INSERT INTO USUARIO (ID, USUARIO, CORREO, CONTRASENA, NUMERO_DOCUMENTO, TIPO_DOCUMENTO) VALUES (88, 'usuario88', 'usuario_88@gmail.com', 'contrasena_88', 837113, 0);
INSERT INTO USUARIO (ID, USUARIO, CORREO, CONTRASENA, NUMERO_DOCUMENTO, TIPO_DOCUMENTO) VALUES (89, 'usuario89', 'usuario_89@gmail.com', 'contrasena_89', 779837, 0);
INSERT INTO USUARIO (ID, USUARIO, CORREO, CONTRASENA, NUMERO_DOCUMENTO, TIPO_DOCUMENTO) VALUES (90, 'usuario90', 'usuario_90@gmail.com', 'contrasena_90', 213151, 0);
INSERT INTO USUARIO (ID, USUARIO, CORREO, CONTRASENA, NUMERO_DOCUMENTO, TIPO_DOCUMENTO) VALUES (91, 'usuario91', 'usuario_91@gmail.com', 'contrasena_91', 777398, 2);
INSERT INTO USUARIO (ID, USUARIO, CORREO, CONTRASENA, NUMERO_DOCUMENTO, TIPO_DOCUMENTO) VALUES (92, 'usuario92', 'usuario_92@gmail.com', 'contrasena_92', 991803, 2);
INSERT INTO USUARIO (ID, USUARIO, CORREO, CONTRASENA, NUMERO_DOCUMENTO, TIPO_DOCUMENTO) VALUES (93, 'usuario93', 'usuario_93@gmail.com', 'contrasena_93', 409184, 1);
INSERT INTO USUARIO (ID, USUARIO, CORREO, CONTRASENA, NUMERO_DOCUMENTO, TIPO_DOCUMENTO) VALUES (94, 'usuario94', 'usuario_94@gmail.com', 'contrasena_94', 394798, 1);
INSERT INTO USUARIO (ID, USUARIO, CORREO, CONTRASENA, NUMERO_DOCUMENTO, TIPO_DOCUMENTO) VALUES (95, 'usuario95', 'usuario_95@gmail.com', 'contrasena_95', 501873, 0);
INSERT INTO USUARIO (ID, USUARIO, CORREO, CONTRASENA, NUMERO_DOCUMENTO, TIPO_DOCUMENTO) VALUES (96, 'usuario96', 'usuario_96@gmail.com', 'contrasena_96', 165666, 0);
INSERT INTO USUARIO (ID, USUARIO, CORREO, CONTRASENA, NUMERO_DOCUMENTO, TIPO_DOCUMENTO) VALUES (97, 'usuario97', 'usuario_97@gmail.com', 'contrasena_97', 455747, 1);
INSERT INTO USUARIO (ID, USUARIO, CORREO, CONTRASENA, NUMERO_DOCUMENTO, TIPO_DOCUMENTO) VALUES (98, 'usuario98', 'usuario_98@gmail.com', 'contrasena_98', 944953, 1);
INSERT INTO USUARIO (ID, USUARIO, CORREO, CONTRASENA, NUMERO_DOCUMENTO, TIPO_DOCUMENTO) VALUES (99, 'usuario99', 'usuario_99@gmail.com', 'contrasena_99', 670881, 2);
INSERT INTO CLIENTE (ID, NOMBRE, ROL) VALUES (0, 'cliente_0', 2);
INSERT INTO CLIENTE (ID, NOMBRE, ROL) VALUES (1, 'cliente_1', 4);
INSERT INTO CLIENTE (ID, NOMBRE, ROL) VALUES (2, 'cliente_2', 2);
INSERT INTO CLIENTE (ID, NOMBRE, ROL) VALUES (3, 'cliente_3', 0);
INSERT INTO CLIENTE (ID, NOMBRE, ROL) VALUES (4, 'cliente_4', 4);
INSERT INTO CLIENTE (ID, NOMBRE, ROL) VALUES (5, 'cliente_5', 2);
INSERT INTO CLIENTE (ID, NOMBRE, ROL) VALUES (6, 'cliente_6', 1);
INSERT INTO CLIENTE (ID, NOMBRE, ROL) VALUES (7, 'cliente_7', 1);
INSERT INTO CLIENTE (ID, NOMBRE, ROL) VALUES (8, 'cliente_8', 1);
INSERT INTO CLIENTE (ID, NOMBRE, ROL) VALUES (9, 'cliente_9', 4);
INSERT INTO CLIENTE (ID, NOMBRE, ROL) VALUES (10, 'cliente_10', 3);
INSERT INTO CLIENTE (ID, NOMBRE, ROL) VALUES (11, 'cliente_11', 1);
INSERT INTO CLIENTE (ID, NOMBRE, ROL) VALUES (12, 'cliente_12', 2);
INSERT INTO CLIENTE (ID, NOMBRE, ROL) VALUES (13, 'cliente_13', 0);
INSERT INTO CLIENTE (ID, NOMBRE, ROL) VALUES (14, 'cliente_14', 4);
INSERT INTO CLIENTE (ID, NOMBRE, ROL) VALUES (15, 'cliente_15', 0);
INSERT INTO CLIENTE (ID, NOMBRE, ROL) VALUES (16, 'cliente_16', 4);
INSERT INTO CLIENTE (ID, NOMBRE, ROL) VALUES (17, 'cliente_17', 4);
INSERT INTO CLIENTE (ID, NOMBRE, ROL) VALUES (18, 'cliente_18', 1);
INSERT INTO CLIENTE (ID, NOMBRE, ROL) VALUES (19, 'cliente_19', 1);
INSERT INTO CLIENTE (ID, NOMBRE, ROL) VALUES (20, 'cliente_20', 2);
INSERT INTO CLIENTE (ID, NOMBRE, ROL) VALUES (21, 'cliente_21', 1);
INSERT INTO CLIENTE (ID, NOMBRE, ROL) VALUES (22, 'cliente_22', 0);
INSERT INTO CLIENTE (ID, NOMBRE, ROL) VALUES (23, 'cliente_23', 3);
INSERT INTO CLIENTE (ID, NOMBRE, ROL) VALUES (24, 'cliente_24', 0);
INSERT INTO CLIENTE (ID, NOMBRE, ROL) VALUES (25, 'cliente_25', 3);
INSERT INTO CLIENTE (ID, NOMBRE, ROL) VALUES (26, 'cliente_26', 2);
INSERT INTO CLIENTE (ID, NOMBRE, ROL) VALUES (27, 'cliente_27', 3);
INSERT INTO CLIENTE (ID, NOMBRE, ROL) VALUES (28, 'cliente_28', 1);
INSERT INTO CLIENTE (ID, NOMBRE, ROL) VALUES (29, 'cliente_29', 4);
INSERT INTO CLIENTE (ID, NOMBRE, ROL) VALUES (30, 'cliente_30', 1);
INSERT INTO CLIENTE (ID, NOMBRE, ROL) VALUES (31, 'cliente_31', 4);
INSERT INTO CLIENTE (ID, NOMBRE, ROL) VALUES (32, 'cliente_32', 0);
INSERT INTO CLIENTE (ID, NOMBRE, ROL) VALUES (33, 'cliente_33', 4);
INSERT INTO CLIENTE (ID, NOMBRE, ROL) VALUES (34, 'cliente_34', 4);
INSERT INTO CLIENTE (ID, NOMBRE, ROL) VALUES (35, 'cliente_35', 1);
INSERT INTO CLIENTE (ID, NOMBRE, ROL) VALUES (36, 'cliente_36', 1);
INSERT INTO CLIENTE (ID, NOMBRE, ROL) VALUES (37, 'cliente_37', 3);
INSERT INTO CLIENTE (ID, NOMBRE, ROL) VALUES (38, 'cliente_38', 4);
INSERT INTO CLIENTE (ID, NOMBRE, ROL) VALUES (39, 'cliente_39', 3);
INSERT INTO CLIENTE (ID, NOMBRE, ROL) VALUES (40, 'cliente_40', 1);
INSERT INTO CLIENTE (ID, NOMBRE, ROL) VALUES (41, 'cliente_41', 1);
INSERT INTO CLIENTE (ID, NOMBRE, ROL) VALUES (42, 'cliente_42', 2);
INSERT INTO CLIENTE (ID, NOMBRE, ROL) VALUES (43, 'cliente_43', 1);
INSERT INTO CLIENTE (ID, NOMBRE, ROL) VALUES (44, 'cliente_44', 2);
INSERT INTO CLIENTE (ID, NOMBRE, ROL) VALUES (45, 'cliente_45', 1);
INSERT INTO CLIENTE (ID, NOMBRE, ROL) VALUES (46, 'cliente_46', 4);
INSERT INTO CLIENTE (ID, NOMBRE, ROL) VALUES (47, 'cliente_47', 4);
INSERT INTO CLIENTE (ID, NOMBRE, ROL) VALUES (48, 'cliente_48', 3);
INSERT INTO CLIENTE (ID, NOMBRE, ROL) VALUES (49, 'cliente_49', 3);
INSERT INTO OPERADOR (ID, TIPO) VALUES (50, 0);
INSERT INTO OPERADOR (ID, TIPO) VALUES (51, 1);
INSERT INTO OPERADOR (ID, TIPO) VALUES (52, 1);
INSERT INTO OPERADOR (ID, TIPO) VALUES (53, 1);
INSERT INTO OPERADOR (ID, TIPO) VALUES (54, 0);
INSERT INTO OPERADOR (ID, TIPO) VALUES (55, 0);
INSERT INTO OPERADOR (ID, TIPO) VALUES (56, 1);
INSERT INTO OPERADOR (ID, TIPO) VALUES (57, 0);
INSERT INTO OPERADOR (ID, TIPO) VALUES (58, 1);
INSERT INTO OPERADOR (ID, TIPO) VALUES (59, 1);
INSERT INTO OPERADOR (ID, TIPO) VALUES (60, 0);
INSERT INTO OPERADOR (ID, TIPO) VALUES (61, 1);
INSERT INTO OPERADOR (ID, TIPO) VALUES (62, 0);
INSERT INTO OPERADOR (ID, TIPO) VALUES (63, 0);
INSERT INTO OPERADOR (ID, TIPO) VALUES (64, 1);
INSERT INTO OPERADOR (ID, TIPO) VALUES (65, 1);
INSERT INTO OPERADOR (ID, TIPO) VALUES (66, 1);
INSERT INTO OPERADOR (ID, TIPO) VALUES (67, 0);
INSERT INTO OPERADOR (ID, TIPO) VALUES (68, 0);
INSERT INTO OPERADOR (ID, TIPO) VALUES (69, 0);
INSERT INTO OPERADOR (ID, TIPO) VALUES (70, 0);
INSERT INTO OPERADOR (ID, TIPO) VALUES (71, 0);
INSERT INTO OPERADOR (ID, TIPO) VALUES (72, 1);
INSERT INTO OPERADOR (ID, TIPO) VALUES (73, 1);
INSERT INTO OPERADOR (ID, TIPO) VALUES (74, 0);
INSERT INTO OPERADOR (ID, TIPO) VALUES (75, 1);
INSERT INTO OPERADOR (ID, TIPO) VALUES (76, 1);
INSERT INTO OPERADOR (ID, TIPO) VALUES (77, 0);
INSERT INTO OPERADOR (ID, TIPO) VALUES (78, 0);
INSERT INTO OPERADOR (ID, TIPO) VALUES (79, 1);
INSERT INTO OPERADOR (ID, TIPO) VALUES (80, 0);
INSERT INTO OPERADOR (ID, TIPO) VALUES (81, 0);
INSERT INTO OPERADOR (ID, TIPO) VALUES (82, 1);
INSERT INTO OPERADOR (ID, TIPO) VALUES (83, 0);
INSERT INTO OPERADOR (ID, TIPO) VALUES (84, 0);
INSERT INTO OPERADOR (ID, TIPO) VALUES (85, 1);
INSERT INTO OPERADOR (ID, TIPO) VALUES (86, 0);
INSERT INTO OPERADOR (ID, TIPO) VALUES (87, 1);
INSERT INTO OPERADOR (ID, TIPO) VALUES (88, 0);
INSERT INTO OPERADOR (ID, TIPO) VALUES (89, 1);
INSERT INTO OPERADOR (ID, TIPO) VALUES (90, 1);
INSERT INTO OPERADOR (ID, TIPO) VALUES (91, 0);
INSERT INTO OPERADOR (ID, TIPO) VALUES (92, 0);
INSERT INTO OPERADOR (ID, TIPO) VALUES (93, 1);
INSERT INTO OPERADOR (ID, TIPO) VALUES (94, 0);
INSERT INTO OPERADOR (ID, TIPO) VALUES (95, 0);
INSERT INTO OPERADOR (ID, TIPO) VALUES (96, 0);
INSERT INTO OPERADOR (ID, TIPO) VALUES (97, 0);
INSERT INTO OPERADOR (ID, TIPO) VALUES (98, 1);
INSERT INTO OPERADOR (ID, TIPO) VALUES (99, 0);
INSERT INTO HORARIO (ID, HORA_INICIO, HORA_FIN, DIAS_SEMANA) VALUES (0, TO_DATE('00:00:00', 'hh24:mi:ss') , TO_DATE('15:21:58', 'hh24:mi:ss') , 'todos los dias');
INSERT INTO HORARIO (ID, HORA_INICIO, HORA_FIN, DIAS_SEMANA) VALUES (1, TO_DATE('00:00:00', 'hh24:mi:ss') , TO_DATE('15:21:58', 'hh24:mi:ss') , 'todos los dias');
INSERT INTO HORARIO (ID, HORA_INICIO, HORA_FIN, DIAS_SEMANA) VALUES (2, TO_DATE('00:00:00', 'hh24:mi:ss') , TO_DATE('15:21:58', 'hh24:mi:ss') , 'todos los dias');
INSERT INTO HORARIO (ID, HORA_INICIO, HORA_FIN, DIAS_SEMANA) VALUES (3, TO_DATE('00:00:00', 'hh24:mi:ss') , TO_DATE('15:21:58', 'hh24:mi:ss') , 'todos los dias');
INSERT INTO HORARIO (ID, HORA_INICIO, HORA_FIN, DIAS_SEMANA) VALUES (4, TO_DATE('00:00:00', 'hh24:mi:ss') , TO_DATE('15:21:58', 'hh24:mi:ss') , 'todos los dias');
INSERT INTO HORARIO (ID, HORA_INICIO, HORA_FIN, DIAS_SEMANA) VALUES (5, TO_DATE('00:00:00', 'hh24:mi:ss') , TO_DATE('15:21:58', 'hh24:mi:ss') , 'todos los dias');
INSERT INTO HORARIO (ID, HORA_INICIO, HORA_FIN, DIAS_SEMANA) VALUES (6, TO_DATE('00:00:00', 'hh24:mi:ss') , TO_DATE('15:21:58', 'hh24:mi:ss') , 'todos los dias');
INSERT INTO HORARIO (ID, HORA_INICIO, HORA_FIN, DIAS_SEMANA) VALUES (7, TO_DATE('00:00:00', 'hh24:mi:ss') , TO_DATE('15:21:58', 'hh24:mi:ss') , 'todos los dias');
INSERT INTO HORARIO (ID, HORA_INICIO, HORA_FIN, DIAS_SEMANA) VALUES (8, TO_DATE('00:00:00', 'hh24:mi:ss') , TO_DATE('15:21:58', 'hh24:mi:ss') , 'todos los dias');
INSERT INTO HORARIO (ID, HORA_INICIO, HORA_FIN, DIAS_SEMANA) VALUES (9, TO_DATE('00:00:00', 'hh24:mi:ss') , TO_DATE('15:21:58', 'hh24:mi:ss') , 'todos los dias');
INSERT INTO HORARIO (ID, HORA_INICIO, HORA_FIN, DIAS_SEMANA) VALUES (10, TO_DATE('00:00:00', 'hh24:mi:ss') , TO_DATE('15:21:58', 'hh24:mi:ss') , 'todos los dias');
INSERT INTO HORARIO (ID, HORA_INICIO, HORA_FIN, DIAS_SEMANA) VALUES (11, TO_DATE('00:00:00', 'hh24:mi:ss') , TO_DATE('15:21:58', 'hh24:mi:ss') , 'todos los dias');
INSERT INTO HORARIO (ID, HORA_INICIO, HORA_FIN, DIAS_SEMANA) VALUES (12, TO_DATE('00:00:00', 'hh24:mi:ss') , TO_DATE('15:21:58', 'hh24:mi:ss') , 'todos los dias');
INSERT INTO HORARIO (ID, HORA_INICIO, HORA_FIN, DIAS_SEMANA) VALUES (13, TO_DATE('00:00:00', 'hh24:mi:ss') , TO_DATE('15:21:58', 'hh24:mi:ss') , 'todos los dias');
INSERT INTO HORARIO (ID, HORA_INICIO, HORA_FIN, DIAS_SEMANA) VALUES (14, TO_DATE('00:00:00', 'hh24:mi:ss') , TO_DATE('15:21:58', 'hh24:mi:ss') , 'todos los dias');
INSERT INTO HORARIO (ID, HORA_INICIO, HORA_FIN, DIAS_SEMANA) VALUES (15, TO_DATE('00:00:00', 'hh24:mi:ss') , TO_DATE('15:21:58', 'hh24:mi:ss') , 'todos los dias');
INSERT INTO HORARIO (ID, HORA_INICIO, HORA_FIN, DIAS_SEMANA) VALUES (16, TO_DATE('00:00:00', 'hh24:mi:ss') , TO_DATE('15:21:58', 'hh24:mi:ss') , 'todos los dias');
INSERT INTO HORARIO (ID, HORA_INICIO, HORA_FIN, DIAS_SEMANA) VALUES (17, TO_DATE('00:00:00', 'hh24:mi:ss') , TO_DATE('15:21:58', 'hh24:mi:ss') , 'todos los dias');
INSERT INTO HORARIO (ID, HORA_INICIO, HORA_FIN, DIAS_SEMANA) VALUES (18, TO_DATE('00:00:00', 'hh24:mi:ss') , TO_DATE('15:21:58', 'hh24:mi:ss') , 'todos los dias');
INSERT INTO HORARIO (ID, HORA_INICIO, HORA_FIN, DIAS_SEMANA) VALUES (19, TO_DATE('00:00:00', 'hh24:mi:ss') , TO_DATE('15:21:58', 'hh24:mi:ss') , 'todos los dias');
INSERT INTO HORARIO (ID, HORA_INICIO, HORA_FIN, DIAS_SEMANA) VALUES (20, TO_DATE('00:00:00', 'hh24:mi:ss') , TO_DATE('15:21:58', 'hh24:mi:ss') , 'todos los dias');
INSERT INTO HORARIO (ID, HORA_INICIO, HORA_FIN, DIAS_SEMANA) VALUES (21, TO_DATE('00:00:00', 'hh24:mi:ss') , TO_DATE('15:21:58', 'hh24:mi:ss') , 'todos los dias');
INSERT INTO HORARIO (ID, HORA_INICIO, HORA_FIN, DIAS_SEMANA) VALUES (22, TO_DATE('00:00:00', 'hh24:mi:ss') , TO_DATE('15:21:58', 'hh24:mi:ss') , 'todos los dias');
INSERT INTO HORARIO (ID, HORA_INICIO, HORA_FIN, DIAS_SEMANA) VALUES (23, TO_DATE('00:00:00', 'hh24:mi:ss') , TO_DATE('15:21:58', 'hh24:mi:ss') , 'todos los dias');
INSERT INTO HORARIO (ID, HORA_INICIO, HORA_FIN, DIAS_SEMANA) VALUES (24, TO_DATE('00:00:00', 'hh24:mi:ss') , TO_DATE('15:21:58', 'hh24:mi:ss') , 'todos los dias');
INSERT INTO HORARIO (ID, HORA_INICIO, HORA_FIN, DIAS_SEMANA) VALUES (25, TO_DATE('00:00:00', 'hh24:mi:ss') , TO_DATE('15:21:58', 'hh24:mi:ss') , 'todos los dias');
INSERT INTO HORARIO (ID, HORA_INICIO, HORA_FIN, DIAS_SEMANA) VALUES (26, TO_DATE('00:00:00', 'hh24:mi:ss') , TO_DATE('15:21:58', 'hh24:mi:ss') , 'todos los dias');
INSERT INTO HORARIO (ID, HORA_INICIO, HORA_FIN, DIAS_SEMANA) VALUES (27, TO_DATE('00:00:00', 'hh24:mi:ss') , TO_DATE('15:21:58', 'hh24:mi:ss') , 'todos los dias');
INSERT INTO HORARIO (ID, HORA_INICIO, HORA_FIN, DIAS_SEMANA) VALUES (28, TO_DATE('00:00:00', 'hh24:mi:ss') , TO_DATE('15:21:58', 'hh24:mi:ss') , 'todos los dias');
INSERT INTO HORARIO (ID, HORA_INICIO, HORA_FIN, DIAS_SEMANA) VALUES (29, TO_DATE('00:00:00', 'hh24:mi:ss') , TO_DATE('15:21:58', 'hh24:mi:ss') , 'todos los dias');
INSERT INTO HORARIO (ID, HORA_INICIO, HORA_FIN, DIAS_SEMANA) VALUES (30, TO_DATE('00:00:00', 'hh24:mi:ss') , TO_DATE('15:21:58', 'hh24:mi:ss') , 'todos los dias');
INSERT INTO HORARIO (ID, HORA_INICIO, HORA_FIN, DIAS_SEMANA) VALUES (31, TO_DATE('00:00:00', 'hh24:mi:ss') , TO_DATE('15:21:58', 'hh24:mi:ss') , 'todos los dias');
INSERT INTO HORARIO (ID, HORA_INICIO, HORA_FIN, DIAS_SEMANA) VALUES (32, TO_DATE('00:00:00', 'hh24:mi:ss') , TO_DATE('15:21:58', 'hh24:mi:ss') , 'todos los dias');
INSERT INTO HORARIO (ID, HORA_INICIO, HORA_FIN, DIAS_SEMANA) VALUES (33, TO_DATE('00:00:00', 'hh24:mi:ss') , TO_DATE('15:21:58', 'hh24:mi:ss') , 'todos los dias');
INSERT INTO HORARIO (ID, HORA_INICIO, HORA_FIN, DIAS_SEMANA) VALUES (34, TO_DATE('00:00:00', 'hh24:mi:ss') , TO_DATE('15:21:58', 'hh24:mi:ss') , 'todos los dias');
INSERT INTO HORARIO (ID, HORA_INICIO, HORA_FIN, DIAS_SEMANA) VALUES (35, TO_DATE('00:00:00', 'hh24:mi:ss') , TO_DATE('15:21:58', 'hh24:mi:ss') , 'todos los dias');
INSERT INTO HORARIO (ID, HORA_INICIO, HORA_FIN, DIAS_SEMANA) VALUES (36, TO_DATE('00:00:00', 'hh24:mi:ss') , TO_DATE('15:21:58', 'hh24:mi:ss') , 'todos los dias');
INSERT INTO HORARIO (ID, HORA_INICIO, HORA_FIN, DIAS_SEMANA) VALUES (37, TO_DATE('00:00:00', 'hh24:mi:ss') , TO_DATE('15:21:58', 'hh24:mi:ss') , 'todos los dias');
INSERT INTO HORARIO (ID, HORA_INICIO, HORA_FIN, DIAS_SEMANA) VALUES (38, TO_DATE('00:00:00', 'hh24:mi:ss') , TO_DATE('15:21:58', 'hh24:mi:ss') , 'todos los dias');
INSERT INTO HORARIO (ID, HORA_INICIO, HORA_FIN, DIAS_SEMANA) VALUES (39, TO_DATE('00:00:00', 'hh24:mi:ss') , TO_DATE('15:21:58', 'hh24:mi:ss') , 'todos los dias');
INSERT INTO HORARIO (ID, HORA_INICIO, HORA_FIN, DIAS_SEMANA) VALUES (40, TO_DATE('00:00:00', 'hh24:mi:ss') , TO_DATE('15:21:58', 'hh24:mi:ss') , 'todos los dias');
INSERT INTO HORARIO (ID, HORA_INICIO, HORA_FIN, DIAS_SEMANA) VALUES (41, TO_DATE('00:00:00', 'hh24:mi:ss') , TO_DATE('15:21:58', 'hh24:mi:ss') , 'todos los dias');
INSERT INTO HORARIO (ID, HORA_INICIO, HORA_FIN, DIAS_SEMANA) VALUES (42, TO_DATE('00:00:00', 'hh24:mi:ss') , TO_DATE('15:21:58', 'hh24:mi:ss') , 'todos los dias');
INSERT INTO HORARIO (ID, HORA_INICIO, HORA_FIN, DIAS_SEMANA) VALUES (43, TO_DATE('00:00:00', 'hh24:mi:ss') , TO_DATE('15:21:58', 'hh24:mi:ss') , 'todos los dias');
INSERT INTO HORARIO (ID, HORA_INICIO, HORA_FIN, DIAS_SEMANA) VALUES (44, TO_DATE('00:00:00', 'hh24:mi:ss') , TO_DATE('15:21:58', 'hh24:mi:ss') , 'todos los dias');
INSERT INTO HORARIO (ID, HORA_INICIO, HORA_FIN, DIAS_SEMANA) VALUES (45, TO_DATE('00:00:00', 'hh24:mi:ss') , TO_DATE('15:21:58', 'hh24:mi:ss') , 'todos los dias');
INSERT INTO HORARIO (ID, HORA_INICIO, HORA_FIN, DIAS_SEMANA) VALUES (46, TO_DATE('00:00:00', 'hh24:mi:ss') , TO_DATE('15:21:58', 'hh24:mi:ss') , 'todos los dias');
INSERT INTO HORARIO (ID, HORA_INICIO, HORA_FIN, DIAS_SEMANA) VALUES (47, TO_DATE('00:00:00', 'hh24:mi:ss') , TO_DATE('15:21:58', 'hh24:mi:ss') , 'todos los dias');
INSERT INTO HORARIO (ID, HORA_INICIO, HORA_FIN, DIAS_SEMANA) VALUES (48, TO_DATE('00:00:00', 'hh24:mi:ss') , TO_DATE('15:21:58', 'hh24:mi:ss') , 'todos los dias');
INSERT INTO HORARIO (ID, HORA_INICIO, HORA_FIN, DIAS_SEMANA) VALUES (49, TO_DATE('00:00:00', 'hh24:mi:ss') , TO_DATE('15:21:58', 'hh24:mi:ss') , 'todos los dias');
INSERT INTO SERVICIO (ID, DESCRIPCION, COSTO, HORARIO_ID) VALUES (0, 'descripcion0', 3075, 25);
INSERT INTO SERVICIO (ID, DESCRIPCION, COSTO, HORARIO_ID) VALUES (1, 'descripcion1', 9925, 48);
INSERT INTO SERVICIO (ID, DESCRIPCION, COSTO, HORARIO_ID) VALUES (2, 'descripcion2', 8376, 43);
INSERT INTO SERVICIO (ID, DESCRIPCION, COSTO, HORARIO_ID) VALUES (3, 'descripcion3', 7227, 44);
INSERT INTO SERVICIO (ID, DESCRIPCION, COSTO, HORARIO_ID) VALUES (4, 'descripcion4', 7549, 6);
INSERT INTO SERVICIO (ID, DESCRIPCION, COSTO, HORARIO_ID) VALUES (5, 'descripcion5', 9304, 20);
INSERT INTO SERVICIO (ID, DESCRIPCION, COSTO, HORARIO_ID) VALUES (6, 'descripcion6', 4544, 36);
INSERT INTO SERVICIO (ID, DESCRIPCION, COSTO, HORARIO_ID) VALUES (7, 'descripcion7', 432, 8);
INSERT INTO SERVICIO (ID, DESCRIPCION, COSTO, HORARIO_ID) VALUES (8, 'descripcion8', 8610, 43);
INSERT INTO SERVICIO (ID, DESCRIPCION, COSTO, HORARIO_ID) VALUES (9, 'descripcion9', 4344, 16);
INSERT INTO SERVICIO (ID, DESCRIPCION, COSTO, HORARIO_ID) VALUES (10, 'descripcion10', 1735, 44);
INSERT INTO SERVICIO (ID, DESCRIPCION, COSTO, HORARIO_ID) VALUES (11, 'descripcion11', 7534, 49);
INSERT INTO SERVICIO (ID, DESCRIPCION, COSTO, HORARIO_ID) VALUES (12, 'descripcion12', 1093, 35);
INSERT INTO SERVICIO (ID, DESCRIPCION, COSTO, HORARIO_ID) VALUES (13, 'descripcion13', 6812, 39);
INSERT INTO SERVICIO (ID, DESCRIPCION, COSTO, HORARIO_ID) VALUES (14, 'descripcion14', 6227, 44);
INSERT INTO SERVICIO (ID, DESCRIPCION, COSTO, HORARIO_ID) VALUES (15, 'descripcion15', 2795, 11);
INSERT INTO SERVICIO (ID, DESCRIPCION, COSTO, HORARIO_ID) VALUES (16, 'descripcion16', 4062, 46);
INSERT INTO SERVICIO (ID, DESCRIPCION, COSTO, HORARIO_ID) VALUES (17, 'descripcion17', 4469, 31);
INSERT INTO SERVICIO (ID, DESCRIPCION, COSTO, HORARIO_ID) VALUES (18, 'descripcion18', 906, 47);
INSERT INTO SERVICIO (ID, DESCRIPCION, COSTO, HORARIO_ID) VALUES (19, 'descripcion19', 1224, 6);
INSERT INTO SERVICIO (ID, DESCRIPCION, COSTO, HORARIO_ID) VALUES (20, 'descripcion20', 9522, 7);
INSERT INTO SERVICIO (ID, DESCRIPCION, COSTO, HORARIO_ID) VALUES (21, 'descripcion21', 7845, 27);
INSERT INTO SERVICIO (ID, DESCRIPCION, COSTO, HORARIO_ID) VALUES (22, 'descripcion22', 1084, 9);
INSERT INTO SERVICIO (ID, DESCRIPCION, COSTO, HORARIO_ID) VALUES (23, 'descripcion23', 4792, 32);
INSERT INTO SERVICIO (ID, DESCRIPCION, COSTO, HORARIO_ID) VALUES (24, 'descripcion24', 6376, 10);
INSERT INTO SERVICIO (ID, DESCRIPCION, COSTO, HORARIO_ID) VALUES (25, 'descripcion25', 849, 48);
INSERT INTO SERVICIO (ID, DESCRIPCION, COSTO, HORARIO_ID) VALUES (26, 'descripcion26', 7928, 48);
INSERT INTO SERVICIO (ID, DESCRIPCION, COSTO, HORARIO_ID) VALUES (27, 'descripcion27', 7681, 10);
INSERT INTO SERVICIO (ID, DESCRIPCION, COSTO, HORARIO_ID) VALUES (28, 'descripcion28', 4972, 29);
INSERT INTO SERVICIO (ID, DESCRIPCION, COSTO, HORARIO_ID) VALUES (29, 'descripcion29', 6200, 23);
INSERT INTO SERVICIO (ID, DESCRIPCION, COSTO, HORARIO_ID) VALUES (30, 'descripcion30', 6076, 18);
INSERT INTO SERVICIO (ID, DESCRIPCION, COSTO, HORARIO_ID) VALUES (31, 'descripcion31', 2759, 0);
INSERT INTO SERVICIO (ID, DESCRIPCION, COSTO, HORARIO_ID) VALUES (32, 'descripcion32', 75, 20);
INSERT INTO SERVICIO (ID, DESCRIPCION, COSTO, HORARIO_ID) VALUES (33, 'descripcion33', 9137, 28);
INSERT INTO SERVICIO (ID, DESCRIPCION, COSTO, HORARIO_ID) VALUES (34, 'descripcion34', 4570, 23);
INSERT INTO SERVICIO (ID, DESCRIPCION, COSTO, HORARIO_ID) VALUES (35, 'descripcion35', 4035, 38);
INSERT INTO SERVICIO (ID, DESCRIPCION, COSTO, HORARIO_ID) VALUES (36, 'descripcion36', 2642, 1);
INSERT INTO SERVICIO (ID, DESCRIPCION, COSTO, HORARIO_ID) VALUES (37, 'descripcion37', 5412, 6);
INSERT INTO SERVICIO (ID, DESCRIPCION, COSTO, HORARIO_ID) VALUES (38, 'descripcion38', 2677, 19);
INSERT INTO SERVICIO (ID, DESCRIPCION, COSTO, HORARIO_ID) VALUES (39, 'descripcion39', 2299, 28);
INSERT INTO SERVICIO (ID, DESCRIPCION, COSTO, HORARIO_ID) VALUES (40, 'descripcion40', 3230, 47);
INSERT INTO SERVICIO (ID, DESCRIPCION, COSTO, HORARIO_ID) VALUES (41, 'descripcion41', 2022, 19);
INSERT INTO SERVICIO (ID, DESCRIPCION, COSTO, HORARIO_ID) VALUES (42, 'descripcion42', 4721, 46);
INSERT INTO SERVICIO (ID, DESCRIPCION, COSTO, HORARIO_ID) VALUES (43, 'descripcion43', 3686, 3);
INSERT INTO SERVICIO (ID, DESCRIPCION, COSTO, HORARIO_ID) VALUES (44, 'descripcion44', 2400, 13);
INSERT INTO SERVICIO (ID, DESCRIPCION, COSTO, HORARIO_ID) VALUES (45, 'descripcion45', 1658, 22);
INSERT INTO SERVICIO (ID, DESCRIPCION, COSTO, HORARIO_ID) VALUES (46, 'descripcion46', 524, 11);
INSERT INTO SERVICIO (ID, DESCRIPCION, COSTO, HORARIO_ID) VALUES (47, 'descripcion47', 3386, 22);
INSERT INTO SERVICIO (ID, DESCRIPCION, COSTO, HORARIO_ID) VALUES (48, 'descripcion48', 5964, 12);
INSERT INTO SERVICIO (ID, DESCRIPCION, COSTO, HORARIO_ID) VALUES (49, 'descripcion49', 4355, 7);
INSERT INTO ALOJAMIENTO (ID, UBICACION, CAPACIDAD, DESCRIPCION, TIPO, REGISTRO_CAM, REGISTRO_SUP, HABILITADO, OPERADOR_ID) VALUES (0, 'ubicacion_0', 47, 'descripcion_0', 5, 'registro_camara_0', 'registro_super_intendencia_0', 1, 54);
INSERT INTO ALOJAMIENTO (ID, UBICACION, CAPACIDAD, DESCRIPCION, TIPO, REGISTRO_CAM, REGISTRO_SUP, HABILITADO, OPERADOR_ID) VALUES (1, 'ubicacion_1', 10, 'descripcion_1', 5, 'registro_camara_1', 'registro_super_intendencia_1', 1, 57);
INSERT INTO ALOJAMIENTO (ID, UBICACION, CAPACIDAD, DESCRIPCION, TIPO, REGISTRO_CAM, REGISTRO_SUP, HABILITADO, OPERADOR_ID) VALUES (2, 'ubicacion_2', 91, 'descripcion_2', 2, 'registro_camara_2', 'registro_super_intendencia_2', 1, 52);
INSERT INTO ALOJAMIENTO (ID, UBICACION, CAPACIDAD, DESCRIPCION, TIPO, REGISTRO_CAM, REGISTRO_SUP, HABILITADO, OPERADOR_ID) VALUES (3, 'ubicacion_3', 101, 'descripcion_3', 0, 'registro_camara_3', 'registro_super_intendencia_3', 1, 79);
INSERT INTO ALOJAMIENTO (ID, UBICACION, CAPACIDAD, DESCRIPCION, TIPO, REGISTRO_CAM, REGISTRO_SUP, HABILITADO, OPERADOR_ID) VALUES (4, 'ubicacion_4', 98, 'descripcion_4', 0, 'registro_camara_4', 'registro_super_intendencia_4', 1, 82);
INSERT INTO ALOJAMIENTO (ID, UBICACION, CAPACIDAD, DESCRIPCION, TIPO, REGISTRO_CAM, REGISTRO_SUP, HABILITADO, OPERADOR_ID) VALUES (5, 'ubicacion_5', 39, 'descripcion_5', 2, 'registro_camara_5', 'registro_super_intendencia_5', 1, 88);
INSERT INTO ALOJAMIENTO (ID, UBICACION, CAPACIDAD, DESCRIPCION, TIPO, REGISTRO_CAM, REGISTRO_SUP, HABILITADO, OPERADOR_ID) VALUES (6, 'ubicacion_6', 17, 'descripcion_6', 2, 'registro_camara_6', 'registro_super_intendencia_6', 1, 68);
INSERT INTO ALOJAMIENTO (ID, UBICACION, CAPACIDAD, DESCRIPCION, TIPO, REGISTRO_CAM, REGISTRO_SUP, HABILITADO, OPERADOR_ID) VALUES (7, 'ubicacion_7', 65, 'descripcion_7', 4, 'registro_camara_7', 'registro_super_intendencia_7', 1, 99);
INSERT INTO ALOJAMIENTO (ID, UBICACION, CAPACIDAD, DESCRIPCION, TIPO, REGISTRO_CAM, REGISTRO_SUP, HABILITADO, OPERADOR_ID) VALUES (8, 'ubicacion_8', 78, 'descripcion_8', 1, 'registro_camara_8', 'registro_super_intendencia_8', 1, 86);
INSERT INTO ALOJAMIENTO (ID, UBICACION, CAPACIDAD, DESCRIPCION, TIPO, REGISTRO_CAM, REGISTRO_SUP, HABILITADO, OPERADOR_ID) VALUES (9, 'ubicacion_9', 32, 'descripcion_9', 2, 'registro_camara_9', 'registro_super_intendencia_9', 1, 87);
INSERT INTO ALOJAMIENTO (ID, UBICACION, CAPACIDAD, DESCRIPCION, TIPO, REGISTRO_CAM, REGISTRO_SUP, HABILITADO, OPERADOR_ID) VALUES (10, 'ubicacion_10', 71, 'descripcion_10', 2, 'registro_camara_10', 'registro_super_intendencia_10', 1, 84);
INSERT INTO ALOJAMIENTO (ID, UBICACION, CAPACIDAD, DESCRIPCION, TIPO, REGISTRO_CAM, REGISTRO_SUP, HABILITADO, OPERADOR_ID) VALUES (11, 'ubicacion_11', 5, 'descripcion_11', 1, 'registro_camara_11', 'registro_super_intendencia_11', 1, 67);
INSERT INTO ALOJAMIENTO (ID, UBICACION, CAPACIDAD, DESCRIPCION, TIPO, REGISTRO_CAM, REGISTRO_SUP, HABILITADO, OPERADOR_ID) VALUES (12, 'ubicacion_12', 17, 'descripcion_12', 5, 'registro_camara_12', 'registro_super_intendencia_12', 1, 57);
INSERT INTO ALOJAMIENTO (ID, UBICACION, CAPACIDAD, DESCRIPCION, TIPO, REGISTRO_CAM, REGISTRO_SUP, HABILITADO, OPERADOR_ID) VALUES (13, 'ubicacion_13', 20, 'descripcion_13', 5, 'registro_camara_13', 'registro_super_intendencia_13', 1, 51);
INSERT INTO ALOJAMIENTO (ID, UBICACION, CAPACIDAD, DESCRIPCION, TIPO, REGISTRO_CAM, REGISTRO_SUP, HABILITADO, OPERADOR_ID) VALUES (14, 'ubicacion_14', 65, 'descripcion_14', 3, 'registro_camara_14', 'registro_super_intendencia_14', 1, 55);
INSERT INTO ALOJAMIENTO (ID, UBICACION, CAPACIDAD, DESCRIPCION, TIPO, REGISTRO_CAM, REGISTRO_SUP, HABILITADO, OPERADOR_ID) VALUES (15, 'ubicacion_15', 16, 'descripcion_15', 1, 'registro_camara_15', 'registro_super_intendencia_15', 1, 52);
INSERT INTO ALOJAMIENTO (ID, UBICACION, CAPACIDAD, DESCRIPCION, TIPO, REGISTRO_CAM, REGISTRO_SUP, HABILITADO, OPERADOR_ID) VALUES (16, 'ubicacion_16', 68, 'descripcion_16', 0, 'registro_camara_16', 'registro_super_intendencia_16', 1, 56);
INSERT INTO ALOJAMIENTO (ID, UBICACION, CAPACIDAD, DESCRIPCION, TIPO, REGISTRO_CAM, REGISTRO_SUP, HABILITADO, OPERADOR_ID) VALUES (17, 'ubicacion_17', 78, 'descripcion_17', 0, 'registro_camara_17', 'registro_super_intendencia_17', 1, 57);
INSERT INTO ALOJAMIENTO (ID, UBICACION, CAPACIDAD, DESCRIPCION, TIPO, REGISTRO_CAM, REGISTRO_SUP, HABILITADO, OPERADOR_ID) VALUES (18, 'ubicacion_18', 2, 'descripcion_18', 2, 'registro_camara_18', 'registro_super_intendencia_18', 1, 58);
INSERT INTO ALOJAMIENTO (ID, UBICACION, CAPACIDAD, DESCRIPCION, TIPO, REGISTRO_CAM, REGISTRO_SUP, HABILITADO, OPERADOR_ID) VALUES (19, 'ubicacion_19', 63, 'descripcion_19', 2, 'registro_camara_19', 'registro_super_intendencia_19', 1, 98);
INSERT INTO ALOJAMIENTO (ID, UBICACION, CAPACIDAD, DESCRIPCION, TIPO, REGISTRO_CAM, REGISTRO_SUP, HABILITADO, OPERADOR_ID) VALUES (20, 'ubicacion_20', 92, 'descripcion_20', 4, 'registro_camara_20', 'registro_super_intendencia_20', 1, 75);
INSERT INTO ALOJAMIENTO (ID, UBICACION, CAPACIDAD, DESCRIPCION, TIPO, REGISTRO_CAM, REGISTRO_SUP, HABILITADO, OPERADOR_ID) VALUES (21, 'ubicacion_21', 34, 'descripcion_21', 1, 'registro_camara_21', 'registro_super_intendencia_21', 1, 83);
INSERT INTO ALOJAMIENTO (ID, UBICACION, CAPACIDAD, DESCRIPCION, TIPO, REGISTRO_CAM, REGISTRO_SUP, HABILITADO, OPERADOR_ID) VALUES (22, 'ubicacion_22', 97, 'descripcion_22', 2, 'registro_camara_22', 'registro_super_intendencia_22', 1, 96);
INSERT INTO ALOJAMIENTO (ID, UBICACION, CAPACIDAD, DESCRIPCION, TIPO, REGISTRO_CAM, REGISTRO_SUP, HABILITADO, OPERADOR_ID) VALUES (23, 'ubicacion_23', 33, 'descripcion_23', 0, 'registro_camara_23', 'registro_super_intendencia_23', 1, 60);
INSERT INTO ALOJAMIENTO (ID, UBICACION, CAPACIDAD, DESCRIPCION, TIPO, REGISTRO_CAM, REGISTRO_SUP, HABILITADO, OPERADOR_ID) VALUES (24, 'ubicacion_24', 35, 'descripcion_24', 0, 'registro_camara_24', 'registro_super_intendencia_24', 1, 61);
INSERT INTO ALOJAMIENTO (ID, UBICACION, CAPACIDAD, DESCRIPCION, TIPO, REGISTRO_CAM, REGISTRO_SUP, HABILITADO, OPERADOR_ID) VALUES (25, 'ubicacion_25', 51, 'descripcion_25', 2, 'registro_camara_25', 'registro_super_intendencia_25', 1, 99);
INSERT INTO ALOJAMIENTO (ID, UBICACION, CAPACIDAD, DESCRIPCION, TIPO, REGISTRO_CAM, REGISTRO_SUP, HABILITADO, OPERADOR_ID) VALUES (26, 'ubicacion_26', 27, 'descripcion_26', 2, 'registro_camara_26', 'registro_super_intendencia_26', 1, 70);
INSERT INTO ALOJAMIENTO (ID, UBICACION, CAPACIDAD, DESCRIPCION, TIPO, REGISTRO_CAM, REGISTRO_SUP, HABILITADO, OPERADOR_ID) VALUES (27, 'ubicacion_27', 59, 'descripcion_27', 0, 'registro_camara_27', 'registro_super_intendencia_27', 1, 55);
INSERT INTO ALOJAMIENTO (ID, UBICACION, CAPACIDAD, DESCRIPCION, TIPO, REGISTRO_CAM, REGISTRO_SUP, HABILITADO, OPERADOR_ID) VALUES (28, 'ubicacion_28', 79, 'descripcion_28', 4, 'registro_camara_28', 'registro_super_intendencia_28', 1, 50);
INSERT INTO ALOJAMIENTO (ID, UBICACION, CAPACIDAD, DESCRIPCION, TIPO, REGISTRO_CAM, REGISTRO_SUP, HABILITADO, OPERADOR_ID) VALUES (29, 'ubicacion_29', 44, 'descripcion_29', 1, 'registro_camara_29', 'registro_super_intendencia_29', 1, 63);
INSERT INTO ALOJAMIENTO (ID, UBICACION, CAPACIDAD, DESCRIPCION, TIPO, REGISTRO_CAM, REGISTRO_SUP, HABILITADO, OPERADOR_ID) VALUES (30, 'ubicacion_30', 34, 'descripcion_30', 1, 'registro_camara_30', 'registro_super_intendencia_30', 1, 71);
INSERT INTO ALOJAMIENTO (ID, UBICACION, CAPACIDAD, DESCRIPCION, TIPO, REGISTRO_CAM, REGISTRO_SUP, HABILITADO, OPERADOR_ID) VALUES (31, 'ubicacion_31', 51, 'descripcion_31', 2, 'registro_camara_31', 'registro_super_intendencia_31', 1, 79);
INSERT INTO ALOJAMIENTO (ID, UBICACION, CAPACIDAD, DESCRIPCION, TIPO, REGISTRO_CAM, REGISTRO_SUP, HABILITADO, OPERADOR_ID) VALUES (32, 'ubicacion_32', 86, 'descripcion_32', 2, 'registro_camara_32', 'registro_super_intendencia_32', 1, 98);
INSERT INTO ALOJAMIENTO (ID, UBICACION, CAPACIDAD, DESCRIPCION, TIPO, REGISTRO_CAM, REGISTRO_SUP, HABILITADO, OPERADOR_ID) VALUES (33, 'ubicacion_33', 41, 'descripcion_33', 0, 'registro_camara_33', 'registro_super_intendencia_33', 1, 50);
INSERT INTO ALOJAMIENTO (ID, UBICACION, CAPACIDAD, DESCRIPCION, TIPO, REGISTRO_CAM, REGISTRO_SUP, HABILITADO, OPERADOR_ID) VALUES (34, 'ubicacion_34', 4, 'descripcion_34', 3, 'registro_camara_34', 'registro_super_intendencia_34', 1, 67);
INSERT INTO ALOJAMIENTO (ID, UBICACION, CAPACIDAD, DESCRIPCION, TIPO, REGISTRO_CAM, REGISTRO_SUP, HABILITADO, OPERADOR_ID) VALUES (35, 'ubicacion_35', 24, 'descripcion_35', 3, 'registro_camara_35', 'registro_super_intendencia_35', 1, 78);
INSERT INTO ALOJAMIENTO (ID, UBICACION, CAPACIDAD, DESCRIPCION, TIPO, REGISTRO_CAM, REGISTRO_SUP, HABILITADO, OPERADOR_ID) VALUES (36, 'ubicacion_36', 49, 'descripcion_36', 1, 'registro_camara_36', 'registro_super_intendencia_36', 1, 69);
INSERT INTO ALOJAMIENTO (ID, UBICACION, CAPACIDAD, DESCRIPCION, TIPO, REGISTRO_CAM, REGISTRO_SUP, HABILITADO, OPERADOR_ID) VALUES (37, 'ubicacion_37', 9, 'descripcion_37', 0, 'registro_camara_37', 'registro_super_intendencia_37', 1, 66);
INSERT INTO ALOJAMIENTO (ID, UBICACION, CAPACIDAD, DESCRIPCION, TIPO, REGISTRO_CAM, REGISTRO_SUP, HABILITADO, OPERADOR_ID) VALUES (38, 'ubicacion_38', 65, 'descripcion_38', 4, 'registro_camara_38', 'registro_super_intendencia_38', 1, 90);
INSERT INTO ALOJAMIENTO (ID, UBICACION, CAPACIDAD, DESCRIPCION, TIPO, REGISTRO_CAM, REGISTRO_SUP, HABILITADO, OPERADOR_ID) VALUES (39, 'ubicacion_39', 33, 'descripcion_39', 3, 'registro_camara_39', 'registro_super_intendencia_39', 1, 61);
INSERT INTO ALOJAMIENTO (ID, UBICACION, CAPACIDAD, DESCRIPCION, TIPO, REGISTRO_CAM, REGISTRO_SUP, HABILITADO, OPERADOR_ID) VALUES (40, 'ubicacion_40', 96, 'descripcion_40', 4, 'registro_camara_40', 'registro_super_intendencia_40', 1, 73);
INSERT INTO ALOJAMIENTO (ID, UBICACION, CAPACIDAD, DESCRIPCION, TIPO, REGISTRO_CAM, REGISTRO_SUP, HABILITADO, OPERADOR_ID) VALUES (41, 'ubicacion_41', 98, 'descripcion_41', 3, 'registro_camara_41', 'registro_super_intendencia_41', 1, 59);
INSERT INTO ALOJAMIENTO (ID, UBICACION, CAPACIDAD, DESCRIPCION, TIPO, REGISTRO_CAM, REGISTRO_SUP, HABILITADO, OPERADOR_ID) VALUES (42, 'ubicacion_42', 36, 'descripcion_42', 4, 'registro_camara_42', 'registro_super_intendencia_42', 1, 87);
INSERT INTO ALOJAMIENTO (ID, UBICACION, CAPACIDAD, DESCRIPCION, TIPO, REGISTRO_CAM, REGISTRO_SUP, HABILITADO, OPERADOR_ID) VALUES (43, 'ubicacion_43', 22, 'descripcion_43', 1, 'registro_camara_43', 'registro_super_intendencia_43', 1, 98);
INSERT INTO ALOJAMIENTO (ID, UBICACION, CAPACIDAD, DESCRIPCION, TIPO, REGISTRO_CAM, REGISTRO_SUP, HABILITADO, OPERADOR_ID) VALUES (44, 'ubicacion_44', 81, 'descripcion_44', 1, 'registro_camara_44', 'registro_super_intendencia_44', 1, 74);
INSERT INTO ALOJAMIENTO (ID, UBICACION, CAPACIDAD, DESCRIPCION, TIPO, REGISTRO_CAM, REGISTRO_SUP, HABILITADO, OPERADOR_ID) VALUES (45, 'ubicacion_45', 59, 'descripcion_45', 3, 'registro_camara_45', 'registro_super_intendencia_45', 1, 98);
INSERT INTO ALOJAMIENTO (ID, UBICACION, CAPACIDAD, DESCRIPCION, TIPO, REGISTRO_CAM, REGISTRO_SUP, HABILITADO, OPERADOR_ID) VALUES (46, 'ubicacion_46', 40, 'descripcion_46', 5, 'registro_camara_46', 'registro_super_intendencia_46', 1, 50);
INSERT INTO ALOJAMIENTO (ID, UBICACION, CAPACIDAD, DESCRIPCION, TIPO, REGISTRO_CAM, REGISTRO_SUP, HABILITADO, OPERADOR_ID) VALUES (47, 'ubicacion_47', 82, 'descripcion_47', 4, 'registro_camara_47', 'registro_super_intendencia_47', 1, 57);
INSERT INTO ALOJAMIENTO (ID, UBICACION, CAPACIDAD, DESCRIPCION, TIPO, REGISTRO_CAM, REGISTRO_SUP, HABILITADO, OPERADOR_ID) VALUES (48, 'ubicacion_48', 84, 'descripcion_48', 1, 'registro_camara_48', 'registro_super_intendencia_48', 1, 63);
INSERT INTO ALOJAMIENTO (ID, UBICACION, CAPACIDAD, DESCRIPCION, TIPO, REGISTRO_CAM, REGISTRO_SUP, HABILITADO, OPERADOR_ID) VALUES (49, 'ubicacion_49', 40, 'descripcion_49', 1, 'registro_camara_49', 'registro_super_intendencia_49', 1, 85);
INSERT INTO ALOJAMIENTO (ID, UBICACION, CAPACIDAD, DESCRIPCION, TIPO, REGISTRO_CAM, REGISTRO_SUP, HABILITADO, OPERADOR_ID) VALUES (50, 'ubicacion_50', 88, 'descripcion_50', 1, 'registro_camara_50', 'registro_super_intendencia_50', 1, 87);
INSERT INTO ALOJAMIENTO (ID, UBICACION, CAPACIDAD, DESCRIPCION, TIPO, REGISTRO_CAM, REGISTRO_SUP, HABILITADO, OPERADOR_ID) VALUES (51, 'ubicacion_51', 29, 'descripcion_51', 4, 'registro_camara_51', 'registro_super_intendencia_51', 1, 62);
INSERT INTO ALOJAMIENTO (ID, UBICACION, CAPACIDAD, DESCRIPCION, TIPO, REGISTRO_CAM, REGISTRO_SUP, HABILITADO, OPERADOR_ID) VALUES (52, 'ubicacion_52', 44, 'descripcion_52', 5, 'registro_camara_52', 'registro_super_intendencia_52', 1, 80);
INSERT INTO ALOJAMIENTO (ID, UBICACION, CAPACIDAD, DESCRIPCION, TIPO, REGISTRO_CAM, REGISTRO_SUP, HABILITADO, OPERADOR_ID) VALUES (53, 'ubicacion_53', 88, 'descripcion_53', 4, 'registro_camara_53', 'registro_super_intendencia_53', 1, 68);
INSERT INTO ALOJAMIENTO (ID, UBICACION, CAPACIDAD, DESCRIPCION, TIPO, REGISTRO_CAM, REGISTRO_SUP, HABILITADO, OPERADOR_ID) VALUES (54, 'ubicacion_54', 5, 'descripcion_54', 3, 'registro_camara_54', 'registro_super_intendencia_54', 1, 53);
INSERT INTO ALOJAMIENTO (ID, UBICACION, CAPACIDAD, DESCRIPCION, TIPO, REGISTRO_CAM, REGISTRO_SUP, HABILITADO, OPERADOR_ID) VALUES (55, 'ubicacion_55', 81, 'descripcion_55', 5, 'registro_camara_55', 'registro_super_intendencia_55', 1, 91);
INSERT INTO ALOJAMIENTO (ID, UBICACION, CAPACIDAD, DESCRIPCION, TIPO, REGISTRO_CAM, REGISTRO_SUP, HABILITADO, OPERADOR_ID) VALUES (56, 'ubicacion_56', 72, 'descripcion_56', 2, 'registro_camara_56', 'registro_super_intendencia_56', 1, 61);
INSERT INTO ALOJAMIENTO (ID, UBICACION, CAPACIDAD, DESCRIPCION, TIPO, REGISTRO_CAM, REGISTRO_SUP, HABILITADO, OPERADOR_ID) VALUES (57, 'ubicacion_57', 6, 'descripcion_57', 0, 'registro_camara_57', 'registro_super_intendencia_57', 1, 88);
INSERT INTO ALOJAMIENTO (ID, UBICACION, CAPACIDAD, DESCRIPCION, TIPO, REGISTRO_CAM, REGISTRO_SUP, HABILITADO, OPERADOR_ID) VALUES (58, 'ubicacion_58', 1, 'descripcion_58', 5, 'registro_camara_58', 'registro_super_intendencia_58', 1, 58);
INSERT INTO ALOJAMIENTO (ID, UBICACION, CAPACIDAD, DESCRIPCION, TIPO, REGISTRO_CAM, REGISTRO_SUP, HABILITADO, OPERADOR_ID) VALUES (59, 'ubicacion_59', 100, 'descripcion_59', 1, 'registro_camara_59', 'registro_super_intendencia_59', 1, 83);
INSERT INTO ALOJAMIENTO (ID, UBICACION, CAPACIDAD, DESCRIPCION, TIPO, REGISTRO_CAM, REGISTRO_SUP, HABILITADO, OPERADOR_ID) VALUES (60, 'ubicacion_60', 22, 'descripcion_60', 5, 'registro_camara_60', 'registro_super_intendencia_60', 1, 50);
INSERT INTO ALOJAMIENTO (ID, UBICACION, CAPACIDAD, DESCRIPCION, TIPO, REGISTRO_CAM, REGISTRO_SUP, HABILITADO, OPERADOR_ID) VALUES (61, 'ubicacion_61', 71, 'descripcion_61', 1, 'registro_camara_61', 'registro_super_intendencia_61', 1, 65);
INSERT INTO ALOJAMIENTO (ID, UBICACION, CAPACIDAD, DESCRIPCION, TIPO, REGISTRO_CAM, REGISTRO_SUP, HABILITADO, OPERADOR_ID) VALUES (62, 'ubicacion_62', 100, 'descripcion_62', 2, 'registro_camara_62', 'registro_super_intendencia_62', 1, 66);
INSERT INTO ALOJAMIENTO (ID, UBICACION, CAPACIDAD, DESCRIPCION, TIPO, REGISTRO_CAM, REGISTRO_SUP, HABILITADO, OPERADOR_ID) VALUES (63, 'ubicacion_63', 85, 'descripcion_63', 1, 'registro_camara_63', 'registro_super_intendencia_63', 1, 88);
INSERT INTO ALOJAMIENTO (ID, UBICACION, CAPACIDAD, DESCRIPCION, TIPO, REGISTRO_CAM, REGISTRO_SUP, HABILITADO, OPERADOR_ID) VALUES (64, 'ubicacion_64', 89, 'descripcion_64', 3, 'registro_camara_64', 'registro_super_intendencia_64', 1, 59);
INSERT INTO ALOJAMIENTO (ID, UBICACION, CAPACIDAD, DESCRIPCION, TIPO, REGISTRO_CAM, REGISTRO_SUP, HABILITADO, OPERADOR_ID) VALUES (65, 'ubicacion_65', 9, 'descripcion_65', 4, 'registro_camara_65', 'registro_super_intendencia_65', 1, 90);
INSERT INTO ALOJAMIENTO (ID, UBICACION, CAPACIDAD, DESCRIPCION, TIPO, REGISTRO_CAM, REGISTRO_SUP, HABILITADO, OPERADOR_ID) VALUES (66, 'ubicacion_66', 23, 'descripcion_66', 2, 'registro_camara_66', 'registro_super_intendencia_66', 1, 50);
INSERT INTO ALOJAMIENTO (ID, UBICACION, CAPACIDAD, DESCRIPCION, TIPO, REGISTRO_CAM, REGISTRO_SUP, HABILITADO, OPERADOR_ID) VALUES (67, 'ubicacion_67', 58, 'descripcion_67', 0, 'registro_camara_67', 'registro_super_intendencia_67', 1, 75);
INSERT INTO ALOJAMIENTO (ID, UBICACION, CAPACIDAD, DESCRIPCION, TIPO, REGISTRO_CAM, REGISTRO_SUP, HABILITADO, OPERADOR_ID) VALUES (68, 'ubicacion_68', 77, 'descripcion_68', 3, 'registro_camara_68', 'registro_super_intendencia_68', 1, 87);
INSERT INTO ALOJAMIENTO (ID, UBICACION, CAPACIDAD, DESCRIPCION, TIPO, REGISTRO_CAM, REGISTRO_SUP, HABILITADO, OPERADOR_ID) VALUES (69, 'ubicacion_69', 77, 'descripcion_69', 2, 'registro_camara_69', 'registro_super_intendencia_69', 1, 97);
INSERT INTO ALOJAMIENTO (ID, UBICACION, CAPACIDAD, DESCRIPCION, TIPO, REGISTRO_CAM, REGISTRO_SUP, HABILITADO, OPERADOR_ID) VALUES (70, 'ubicacion_70', 7, 'descripcion_70', 2, 'registro_camara_70', 'registro_super_intendencia_70', 1, 51);
INSERT INTO ALOJAMIENTO (ID, UBICACION, CAPACIDAD, DESCRIPCION, TIPO, REGISTRO_CAM, REGISTRO_SUP, HABILITADO, OPERADOR_ID) VALUES (71, 'ubicacion_71', 28, 'descripcion_71', 2, 'registro_camara_71', 'registro_super_intendencia_71', 1, 87);
INSERT INTO ALOJAMIENTO (ID, UBICACION, CAPACIDAD, DESCRIPCION, TIPO, REGISTRO_CAM, REGISTRO_SUP, HABILITADO, OPERADOR_ID) VALUES (72, 'ubicacion_72', 10, 'descripcion_72', 0, 'registro_camara_72', 'registro_super_intendencia_72', 1, 52);
INSERT INTO ALOJAMIENTO (ID, UBICACION, CAPACIDAD, DESCRIPCION, TIPO, REGISTRO_CAM, REGISTRO_SUP, HABILITADO, OPERADOR_ID) VALUES (73, 'ubicacion_73', 22, 'descripcion_73', 3, 'registro_camara_73', 'registro_super_intendencia_73', 1, 96);
INSERT INTO ALOJAMIENTO (ID, UBICACION, CAPACIDAD, DESCRIPCION, TIPO, REGISTRO_CAM, REGISTRO_SUP, HABILITADO, OPERADOR_ID) VALUES (74, 'ubicacion_74', 33, 'descripcion_74', 1, 'registro_camara_74', 'registro_super_intendencia_74', 1, 51);
INSERT INTO ALOJAMIENTO (ID, UBICACION, CAPACIDAD, DESCRIPCION, TIPO, REGISTRO_CAM, REGISTRO_SUP, HABILITADO, OPERADOR_ID) VALUES (75, 'ubicacion_75', 95, 'descripcion_75', 5, 'registro_camara_75', 'registro_super_intendencia_75', 1, 75);
INSERT INTO ALOJAMIENTO (ID, UBICACION, CAPACIDAD, DESCRIPCION, TIPO, REGISTRO_CAM, REGISTRO_SUP, HABILITADO, OPERADOR_ID) VALUES (76, 'ubicacion_76', 71, 'descripcion_76', 1, 'registro_camara_76', 'registro_super_intendencia_76', 1, 77);
INSERT INTO ALOJAMIENTO (ID, UBICACION, CAPACIDAD, DESCRIPCION, TIPO, REGISTRO_CAM, REGISTRO_SUP, HABILITADO, OPERADOR_ID) VALUES (77, 'ubicacion_77', 84, 'descripcion_77', 2, 'registro_camara_77', 'registro_super_intendencia_77', 1, 84);
INSERT INTO ALOJAMIENTO (ID, UBICACION, CAPACIDAD, DESCRIPCION, TIPO, REGISTRO_CAM, REGISTRO_SUP, HABILITADO, OPERADOR_ID) VALUES (78, 'ubicacion_78', 73, 'descripcion_78', 1, 'registro_camara_78', 'registro_super_intendencia_78', 1, 73);
INSERT INTO ALOJAMIENTO (ID, UBICACION, CAPACIDAD, DESCRIPCION, TIPO, REGISTRO_CAM, REGISTRO_SUP, HABILITADO, OPERADOR_ID) VALUES (79, 'ubicacion_79', 55, 'descripcion_79', 3, 'registro_camara_79', 'registro_super_intendencia_79', 1, 64);
INSERT INTO ALOJAMIENTO (ID, UBICACION, CAPACIDAD, DESCRIPCION, TIPO, REGISTRO_CAM, REGISTRO_SUP, HABILITADO, OPERADOR_ID) VALUES (80, 'ubicacion_80', 84, 'descripcion_80', 1, 'registro_camara_80', 'registro_super_intendencia_80', 1, 51);
INSERT INTO ALOJAMIENTO (ID, UBICACION, CAPACIDAD, DESCRIPCION, TIPO, REGISTRO_CAM, REGISTRO_SUP, HABILITADO, OPERADOR_ID) VALUES (81, 'ubicacion_81', 45, 'descripcion_81', 5, 'registro_camara_81', 'registro_super_intendencia_81', 1, 91);
INSERT INTO ALOJAMIENTO (ID, UBICACION, CAPACIDAD, DESCRIPCION, TIPO, REGISTRO_CAM, REGISTRO_SUP, HABILITADO, OPERADOR_ID) VALUES (82, 'ubicacion_82', 76, 'descripcion_82', 0, 'registro_camara_82', 'registro_super_intendencia_82', 1, 95);
INSERT INTO ALOJAMIENTO (ID, UBICACION, CAPACIDAD, DESCRIPCION, TIPO, REGISTRO_CAM, REGISTRO_SUP, HABILITADO, OPERADOR_ID) VALUES (83, 'ubicacion_83', 28, 'descripcion_83', 5, 'registro_camara_83', 'registro_super_intendencia_83', 1, 53);
INSERT INTO ALOJAMIENTO (ID, UBICACION, CAPACIDAD, DESCRIPCION, TIPO, REGISTRO_CAM, REGISTRO_SUP, HABILITADO, OPERADOR_ID) VALUES (84, 'ubicacion_84', 101, 'descripcion_84', 3, 'registro_camara_84', 'registro_super_intendencia_84', 1, 72);
INSERT INTO ALOJAMIENTO (ID, UBICACION, CAPACIDAD, DESCRIPCION, TIPO, REGISTRO_CAM, REGISTRO_SUP, HABILITADO, OPERADOR_ID) VALUES (85, 'ubicacion_85', 92, 'descripcion_85', 2, 'registro_camara_85', 'registro_super_intendencia_85', 1, 66);
INSERT INTO ALOJAMIENTO (ID, UBICACION, CAPACIDAD, DESCRIPCION, TIPO, REGISTRO_CAM, REGISTRO_SUP, HABILITADO, OPERADOR_ID) VALUES (86, 'ubicacion_86', 43, 'descripcion_86', 0, 'registro_camara_86', 'registro_super_intendencia_86', 1, 96);
INSERT INTO ALOJAMIENTO (ID, UBICACION, CAPACIDAD, DESCRIPCION, TIPO, REGISTRO_CAM, REGISTRO_SUP, HABILITADO, OPERADOR_ID) VALUES (87, 'ubicacion_87', 3, 'descripcion_87', 3, 'registro_camara_87', 'registro_super_intendencia_87', 1, 75);
INSERT INTO ALOJAMIENTO (ID, UBICACION, CAPACIDAD, DESCRIPCION, TIPO, REGISTRO_CAM, REGISTRO_SUP, HABILITADO, OPERADOR_ID) VALUES (88, 'ubicacion_88', 52, 'descripcion_88', 1, 'registro_camara_88', 'registro_super_intendencia_88', 1, 81);
INSERT INTO ALOJAMIENTO (ID, UBICACION, CAPACIDAD, DESCRIPCION, TIPO, REGISTRO_CAM, REGISTRO_SUP, HABILITADO, OPERADOR_ID) VALUES (89, 'ubicacion_89', 73, 'descripcion_89', 5, 'registro_camara_89', 'registro_super_intendencia_89', 1, 52);
INSERT INTO ALOJAMIENTO (ID, UBICACION, CAPACIDAD, DESCRIPCION, TIPO, REGISTRO_CAM, REGISTRO_SUP, HABILITADO, OPERADOR_ID) VALUES (90, 'ubicacion_90', 54, 'descripcion_90', 2, 'registro_camara_90', 'registro_super_intendencia_90', 1, 67);
INSERT INTO ALOJAMIENTO (ID, UBICACION, CAPACIDAD, DESCRIPCION, TIPO, REGISTRO_CAM, REGISTRO_SUP, HABILITADO, OPERADOR_ID) VALUES (91, 'ubicacion_91', 67, 'descripcion_91', 3, 'registro_camara_91', 'registro_super_intendencia_91', 1, 73);
INSERT INTO ALOJAMIENTO (ID, UBICACION, CAPACIDAD, DESCRIPCION, TIPO, REGISTRO_CAM, REGISTRO_SUP, HABILITADO, OPERADOR_ID) VALUES (92, 'ubicacion_92', 98, 'descripcion_92', 1, 'registro_camara_92', 'registro_super_intendencia_92', 1, 91);
INSERT INTO ALOJAMIENTO (ID, UBICACION, CAPACIDAD, DESCRIPCION, TIPO, REGISTRO_CAM, REGISTRO_SUP, HABILITADO, OPERADOR_ID) VALUES (93, 'ubicacion_93', 37, 'descripcion_93', 1, 'registro_camara_93', 'registro_super_intendencia_93', 1, 85);
INSERT INTO ALOJAMIENTO (ID, UBICACION, CAPACIDAD, DESCRIPCION, TIPO, REGISTRO_CAM, REGISTRO_SUP, HABILITADO, OPERADOR_ID) VALUES (94, 'ubicacion_94', 49, 'descripcion_94', 3, 'registro_camara_94', 'registro_super_intendencia_94', 1, 92);
INSERT INTO ALOJAMIENTO (ID, UBICACION, CAPACIDAD, DESCRIPCION, TIPO, REGISTRO_CAM, REGISTRO_SUP, HABILITADO, OPERADOR_ID) VALUES (95, 'ubicacion_95', 50, 'descripcion_95', 0, 'registro_camara_95', 'registro_super_intendencia_95', 1, 50);
INSERT INTO ALOJAMIENTO (ID, UBICACION, CAPACIDAD, DESCRIPCION, TIPO, REGISTRO_CAM, REGISTRO_SUP, HABILITADO, OPERADOR_ID) VALUES (96, 'ubicacion_96', 12, 'descripcion_96', 5, 'registro_camara_96', 'registro_super_intendencia_96', 1, 71);
INSERT INTO ALOJAMIENTO (ID, UBICACION, CAPACIDAD, DESCRIPCION, TIPO, REGISTRO_CAM, REGISTRO_SUP, HABILITADO, OPERADOR_ID) VALUES (97, 'ubicacion_97', 77, 'descripcion_97', 2, 'registro_camara_97', 'registro_super_intendencia_97', 1, 63);
INSERT INTO ALOJAMIENTO (ID, UBICACION, CAPACIDAD, DESCRIPCION, TIPO, REGISTRO_CAM, REGISTRO_SUP, HABILITADO, OPERADOR_ID) VALUES (98, 'ubicacion_98', 30, 'descripcion_98', 4, 'registro_camara_98', 'registro_super_intendencia_98', 1, 76);
INSERT INTO ALOJAMIENTO (ID, UBICACION, CAPACIDAD, DESCRIPCION, TIPO, REGISTRO_CAM, REGISTRO_SUP, HABILITADO, OPERADOR_ID) VALUES (99, 'ubicacion_99', 101, 'descripcion_99', 0, 'registro_camara_99', 'registro_super_intendencia_99', 1, 65);
INSERT INTO ALOJAMIENTO (ID, UBICACION, CAPACIDAD, DESCRIPCION, TIPO, REGISTRO_CAM, REGISTRO_SUP, HABILITADO, OPERADOR_ID) VALUES (100, 'ubicacion_100', 56, 'descripcion_100', 1, 'registro_camara_100', 'registro_super_intendencia_100', 1, 74);
INSERT INTO ALOJAMIENTO (ID, UBICACION, CAPACIDAD, DESCRIPCION, TIPO, REGISTRO_CAM, REGISTRO_SUP, HABILITADO, OPERADOR_ID) VALUES (101, 'ubicacion_101', 82, 'descripcion_101', 2, 'registro_camara_101', 'registro_super_intendencia_101', 1, 87);
INSERT INTO ALOJAMIENTO (ID, UBICACION, CAPACIDAD, DESCRIPCION, TIPO, REGISTRO_CAM, REGISTRO_SUP, HABILITADO, OPERADOR_ID) VALUES (102, 'ubicacion_102', 94, 'descripcion_102', 5, 'registro_camara_102', 'registro_super_intendencia_102', 1, 55);
INSERT INTO ALOJAMIENTO (ID, UBICACION, CAPACIDAD, DESCRIPCION, TIPO, REGISTRO_CAM, REGISTRO_SUP, HABILITADO, OPERADOR_ID) VALUES (103, 'ubicacion_103', 51, 'descripcion_103', 4, 'registro_camara_103', 'registro_super_intendencia_103', 1, 96);
INSERT INTO ALOJAMIENTO (ID, UBICACION, CAPACIDAD, DESCRIPCION, TIPO, REGISTRO_CAM, REGISTRO_SUP, HABILITADO, OPERADOR_ID) VALUES (104, 'ubicacion_104', 1, 'descripcion_104', 5, 'registro_camara_104', 'registro_super_intendencia_104', 1, 86);
INSERT INTO ALOJAMIENTO (ID, UBICACION, CAPACIDAD, DESCRIPCION, TIPO, REGISTRO_CAM, REGISTRO_SUP, HABILITADO, OPERADOR_ID) VALUES (105, 'ubicacion_105', 93, 'descripcion_105', 0, 'registro_camara_105', 'registro_super_intendencia_105', 1, 69);
INSERT INTO ALOJAMIENTO (ID, UBICACION, CAPACIDAD, DESCRIPCION, TIPO, REGISTRO_CAM, REGISTRO_SUP, HABILITADO, OPERADOR_ID) VALUES (106, 'ubicacion_106', 100, 'descripcion_106', 0, 'registro_camara_106', 'registro_super_intendencia_106', 1, 90);
INSERT INTO ALOJAMIENTO (ID, UBICACION, CAPACIDAD, DESCRIPCION, TIPO, REGISTRO_CAM, REGISTRO_SUP, HABILITADO, OPERADOR_ID) VALUES (107, 'ubicacion_107', 26, 'descripcion_107', 4, 'registro_camara_107', 'registro_super_intendencia_107', 1, 54);
INSERT INTO ALOJAMIENTO (ID, UBICACION, CAPACIDAD, DESCRIPCION, TIPO, REGISTRO_CAM, REGISTRO_SUP, HABILITADO, OPERADOR_ID) VALUES (108, 'ubicacion_108', 84, 'descripcion_108', 3, 'registro_camara_108', 'registro_super_intendencia_108', 1, 66);
INSERT INTO ALOJAMIENTO (ID, UBICACION, CAPACIDAD, DESCRIPCION, TIPO, REGISTRO_CAM, REGISTRO_SUP, HABILITADO, OPERADOR_ID) VALUES (109, 'ubicacion_109', 45, 'descripcion_109', 3, 'registro_camara_109', 'registro_super_intendencia_109', 1, 67);
INSERT INTO ALOJAMIENTO (ID, UBICACION, CAPACIDAD, DESCRIPCION, TIPO, REGISTRO_CAM, REGISTRO_SUP, HABILITADO, OPERADOR_ID) VALUES (110, 'ubicacion_110', 81, 'descripcion_110', 0, 'registro_camara_110', 'registro_super_intendencia_110', 1, 56);
INSERT INTO ALOJAMIENTO (ID, UBICACION, CAPACIDAD, DESCRIPCION, TIPO, REGISTRO_CAM, REGISTRO_SUP, HABILITADO, OPERADOR_ID) VALUES (111, 'ubicacion_111', 73, 'descripcion_111', 4, 'registro_camara_111', 'registro_super_intendencia_111', 1, 88);
INSERT INTO ALOJAMIENTO (ID, UBICACION, CAPACIDAD, DESCRIPCION, TIPO, REGISTRO_CAM, REGISTRO_SUP, HABILITADO, OPERADOR_ID) VALUES (112, 'ubicacion_112', 77, 'descripcion_112', 4, 'registro_camara_112', 'registro_super_intendencia_112', 1, 99);
INSERT INTO ALOJAMIENTO (ID, UBICACION, CAPACIDAD, DESCRIPCION, TIPO, REGISTRO_CAM, REGISTRO_SUP, HABILITADO, OPERADOR_ID) VALUES (113, 'ubicacion_113', 100, 'descripcion_113', 1, 'registro_camara_113', 'registro_super_intendencia_113', 1, 75);
INSERT INTO ALOJAMIENTO (ID, UBICACION, CAPACIDAD, DESCRIPCION, TIPO, REGISTRO_CAM, REGISTRO_SUP, HABILITADO, OPERADOR_ID) VALUES (114, 'ubicacion_114', 87, 'descripcion_114', 2, 'registro_camara_114', 'registro_super_intendencia_114', 1, 73);
INSERT INTO ALOJAMIENTO (ID, UBICACION, CAPACIDAD, DESCRIPCION, TIPO, REGISTRO_CAM, REGISTRO_SUP, HABILITADO, OPERADOR_ID) VALUES (115, 'ubicacion_115', 37, 'descripcion_115', 4, 'registro_camara_115', 'registro_super_intendencia_115', 1, 87);
INSERT INTO ALOJAMIENTO (ID, UBICACION, CAPACIDAD, DESCRIPCION, TIPO, REGISTRO_CAM, REGISTRO_SUP, HABILITADO, OPERADOR_ID) VALUES (116, 'ubicacion_116', 61, 'descripcion_116', 4, 'registro_camara_116', 'registro_super_intendencia_116', 1, 96);
INSERT INTO ALOJAMIENTO (ID, UBICACION, CAPACIDAD, DESCRIPCION, TIPO, REGISTRO_CAM, REGISTRO_SUP, HABILITADO, OPERADOR_ID) VALUES (117, 'ubicacion_117', 69, 'descripcion_117', 1, 'registro_camara_117', 'registro_super_intendencia_117', 1, 66);
INSERT INTO ALOJAMIENTO (ID, UBICACION, CAPACIDAD, DESCRIPCION, TIPO, REGISTRO_CAM, REGISTRO_SUP, HABILITADO, OPERADOR_ID) VALUES (118, 'ubicacion_118', 73, 'descripcion_118', 0, 'registro_camara_118', 'registro_super_intendencia_118', 1, 98);
INSERT INTO ALOJAMIENTO (ID, UBICACION, CAPACIDAD, DESCRIPCION, TIPO, REGISTRO_CAM, REGISTRO_SUP, HABILITADO, OPERADOR_ID) VALUES (119, 'ubicacion_119', 46, 'descripcion_119', 5, 'registro_camara_119', 'registro_super_intendencia_119', 1, 52);
INSERT INTO ALOJAMIENTO (ID, UBICACION, CAPACIDAD, DESCRIPCION, TIPO, REGISTRO_CAM, REGISTRO_SUP, HABILITADO, OPERADOR_ID) VALUES (120, 'ubicacion_120', 2, 'descripcion_120', 3, 'registro_camara_120', 'registro_super_intendencia_120', 1, 76);
INSERT INTO ALOJAMIENTO (ID, UBICACION, CAPACIDAD, DESCRIPCION, TIPO, REGISTRO_CAM, REGISTRO_SUP, HABILITADO, OPERADOR_ID) VALUES (121, 'ubicacion_121', 91, 'descripcion_121', 3, 'registro_camara_121', 'registro_super_intendencia_121', 1, 56);
INSERT INTO ALOJAMIENTO (ID, UBICACION, CAPACIDAD, DESCRIPCION, TIPO, REGISTRO_CAM, REGISTRO_SUP, HABILITADO, OPERADOR_ID) VALUES (122, 'ubicacion_122', 47, 'descripcion_122', 0, 'registro_camara_122', 'registro_super_intendencia_122', 1, 85);
INSERT INTO ALOJAMIENTO (ID, UBICACION, CAPACIDAD, DESCRIPCION, TIPO, REGISTRO_CAM, REGISTRO_SUP, HABILITADO, OPERADOR_ID) VALUES (123, 'ubicacion_123', 71, 'descripcion_123', 1, 'registro_camara_123', 'registro_super_intendencia_123', 1, 90);
INSERT INTO ALOJAMIENTO (ID, UBICACION, CAPACIDAD, DESCRIPCION, TIPO, REGISTRO_CAM, REGISTRO_SUP, HABILITADO, OPERADOR_ID) VALUES (124, 'ubicacion_124', 81, 'descripcion_124', 2, 'registro_camara_124', 'registro_super_intendencia_124', 1, 54);
INSERT INTO ALOJAMIENTO (ID, UBICACION, CAPACIDAD, DESCRIPCION, TIPO, REGISTRO_CAM, REGISTRO_SUP, HABILITADO, OPERADOR_ID) VALUES (125, 'ubicacion_125', 77, 'descripcion_125', 5, 'registro_camara_125', 'registro_super_intendencia_125', 1, 81);
INSERT INTO ALOJAMIENTO (ID, UBICACION, CAPACIDAD, DESCRIPCION, TIPO, REGISTRO_CAM, REGISTRO_SUP, HABILITADO, OPERADOR_ID) VALUES (126, 'ubicacion_126', 86, 'descripcion_126', 3, 'registro_camara_126', 'registro_super_intendencia_126', 1, 60);
INSERT INTO ALOJAMIENTO (ID, UBICACION, CAPACIDAD, DESCRIPCION, TIPO, REGISTRO_CAM, REGISTRO_SUP, HABILITADO, OPERADOR_ID) VALUES (127, 'ubicacion_127', 30, 'descripcion_127', 4, 'registro_camara_127', 'registro_super_intendencia_127', 1, 66);
INSERT INTO ALOJAMIENTO (ID, UBICACION, CAPACIDAD, DESCRIPCION, TIPO, REGISTRO_CAM, REGISTRO_SUP, HABILITADO, OPERADOR_ID) VALUES (128, 'ubicacion_128', 97, 'descripcion_128', 0, 'registro_camara_128', 'registro_super_intendencia_128', 1, 60);
INSERT INTO ALOJAMIENTO (ID, UBICACION, CAPACIDAD, DESCRIPCION, TIPO, REGISTRO_CAM, REGISTRO_SUP, HABILITADO, OPERADOR_ID) VALUES (129, 'ubicacion_129', 54, 'descripcion_129', 4, 'registro_camara_129', 'registro_super_intendencia_129', 1, 80);
INSERT INTO ALOJAMIENTO (ID, UBICACION, CAPACIDAD, DESCRIPCION, TIPO, REGISTRO_CAM, REGISTRO_SUP, HABILITADO, OPERADOR_ID) VALUES (130, 'ubicacion_130', 95, 'descripcion_130', 3, 'registro_camara_130', 'registro_super_intendencia_130', 1, 88);
INSERT INTO ALOJAMIENTO (ID, UBICACION, CAPACIDAD, DESCRIPCION, TIPO, REGISTRO_CAM, REGISTRO_SUP, HABILITADO, OPERADOR_ID) VALUES (131, 'ubicacion_131', 26, 'descripcion_131', 1, 'registro_camara_131', 'registro_super_intendencia_131', 1, 72);
INSERT INTO ALOJAMIENTO (ID, UBICACION, CAPACIDAD, DESCRIPCION, TIPO, REGISTRO_CAM, REGISTRO_SUP, HABILITADO, OPERADOR_ID) VALUES (132, 'ubicacion_132', 53, 'descripcion_132', 2, 'registro_camara_132', 'registro_super_intendencia_132', 1, 62);
INSERT INTO ALOJAMIENTO (ID, UBICACION, CAPACIDAD, DESCRIPCION, TIPO, REGISTRO_CAM, REGISTRO_SUP, HABILITADO, OPERADOR_ID) VALUES (133, 'ubicacion_133', 81, 'descripcion_133', 4, 'registro_camara_133', 'registro_super_intendencia_133', 1, 70);
INSERT INTO ALOJAMIENTO (ID, UBICACION, CAPACIDAD, DESCRIPCION, TIPO, REGISTRO_CAM, REGISTRO_SUP, HABILITADO, OPERADOR_ID) VALUES (134, 'ubicacion_134', 18, 'descripcion_134', 2, 'registro_camara_134', 'registro_super_intendencia_134', 1, 70);
INSERT INTO ALOJAMIENTO (ID, UBICACION, CAPACIDAD, DESCRIPCION, TIPO, REGISTRO_CAM, REGISTRO_SUP, HABILITADO, OPERADOR_ID) VALUES (135, 'ubicacion_135', 40, 'descripcion_135', 4, 'registro_camara_135', 'registro_super_intendencia_135', 1, 76);
INSERT INTO ALOJAMIENTO (ID, UBICACION, CAPACIDAD, DESCRIPCION, TIPO, REGISTRO_CAM, REGISTRO_SUP, HABILITADO, OPERADOR_ID) VALUES (136, 'ubicacion_136', 68, 'descripcion_136', 4, 'registro_camara_136', 'registro_super_intendencia_136', 1, 94);
INSERT INTO ALOJAMIENTO (ID, UBICACION, CAPACIDAD, DESCRIPCION, TIPO, REGISTRO_CAM, REGISTRO_SUP, HABILITADO, OPERADOR_ID) VALUES (137, 'ubicacion_137', 22, 'descripcion_137', 5, 'registro_camara_137', 'registro_super_intendencia_137', 1, 83);
INSERT INTO ALOJAMIENTO (ID, UBICACION, CAPACIDAD, DESCRIPCION, TIPO, REGISTRO_CAM, REGISTRO_SUP, HABILITADO, OPERADOR_ID) VALUES (138, 'ubicacion_138', 53, 'descripcion_138', 2, 'registro_camara_138', 'registro_super_intendencia_138', 1, 54);
INSERT INTO ALOJAMIENTO (ID, UBICACION, CAPACIDAD, DESCRIPCION, TIPO, REGISTRO_CAM, REGISTRO_SUP, HABILITADO, OPERADOR_ID) VALUES (139, 'ubicacion_139', 7, 'descripcion_139', 5, 'registro_camara_139', 'registro_super_intendencia_139', 1, 57);
INSERT INTO ALOJAMIENTO (ID, UBICACION, CAPACIDAD, DESCRIPCION, TIPO, REGISTRO_CAM, REGISTRO_SUP, HABILITADO, OPERADOR_ID) VALUES (140, 'ubicacion_140', 24, 'descripcion_140', 0, 'registro_camara_140', 'registro_super_intendencia_140', 1, 89);
INSERT INTO ALOJAMIENTO (ID, UBICACION, CAPACIDAD, DESCRIPCION, TIPO, REGISTRO_CAM, REGISTRO_SUP, HABILITADO, OPERADOR_ID) VALUES (141, 'ubicacion_141', 18, 'descripcion_141', 0, 'registro_camara_141', 'registro_super_intendencia_141', 1, 66);
INSERT INTO ALOJAMIENTO (ID, UBICACION, CAPACIDAD, DESCRIPCION, TIPO, REGISTRO_CAM, REGISTRO_SUP, HABILITADO, OPERADOR_ID) VALUES (142, 'ubicacion_142', 73, 'descripcion_142', 1, 'registro_camara_142', 'registro_super_intendencia_142', 1, 88);
INSERT INTO ALOJAMIENTO (ID, UBICACION, CAPACIDAD, DESCRIPCION, TIPO, REGISTRO_CAM, REGISTRO_SUP, HABILITADO, OPERADOR_ID) VALUES (143, 'ubicacion_143', 9, 'descripcion_143', 5, 'registro_camara_143', 'registro_super_intendencia_143', 1, 96);
INSERT INTO ALOJAMIENTO (ID, UBICACION, CAPACIDAD, DESCRIPCION, TIPO, REGISTRO_CAM, REGISTRO_SUP, HABILITADO, OPERADOR_ID) VALUES (144, 'ubicacion_144', 90, 'descripcion_144', 4, 'registro_camara_144', 'registro_super_intendencia_144', 1, 93);
INSERT INTO ALOJAMIENTO (ID, UBICACION, CAPACIDAD, DESCRIPCION, TIPO, REGISTRO_CAM, REGISTRO_SUP, HABILITADO, OPERADOR_ID) VALUES (145, 'ubicacion_145', 45, 'descripcion_145', 2, 'registro_camara_145', 'registro_super_intendencia_145', 1, 74);
INSERT INTO ALOJAMIENTO (ID, UBICACION, CAPACIDAD, DESCRIPCION, TIPO, REGISTRO_CAM, REGISTRO_SUP, HABILITADO, OPERADOR_ID) VALUES (146, 'ubicacion_146', 101, 'descripcion_146', 3, 'registro_camara_146', 'registro_super_intendencia_146', 1, 67);
INSERT INTO ALOJAMIENTO (ID, UBICACION, CAPACIDAD, DESCRIPCION, TIPO, REGISTRO_CAM, REGISTRO_SUP, HABILITADO, OPERADOR_ID) VALUES (147, 'ubicacion_147', 7, 'descripcion_147', 2, 'registro_camara_147', 'registro_super_intendencia_147', 1, 71);
INSERT INTO ALOJAMIENTO (ID, UBICACION, CAPACIDAD, DESCRIPCION, TIPO, REGISTRO_CAM, REGISTRO_SUP, HABILITADO, OPERADOR_ID) VALUES (148, 'ubicacion_148', 42, 'descripcion_148', 0, 'registro_camara_148', 'registro_super_intendencia_148', 1, 94);
INSERT INTO ALOJAMIENTO (ID, UBICACION, CAPACIDAD, DESCRIPCION, TIPO, REGISTRO_CAM, REGISTRO_SUP, HABILITADO, OPERADOR_ID) VALUES (149, 'ubicacion_149', 20, 'descripcion_149', 0, 'registro_camara_149', 'registro_super_intendencia_149', 1, 58);
INSERT INTO ALOJAMIENTO (ID, UBICACION, CAPACIDAD, DESCRIPCION, TIPO, REGISTRO_CAM, REGISTRO_SUP, HABILITADO, OPERADOR_ID) VALUES (150, 'ubicacion_150', 4, 'descripcion_150', 4, 'registro_camara_150', 'registro_super_intendencia_150', 1, 53);
INSERT INTO ALOJAMIENTO (ID, UBICACION, CAPACIDAD, DESCRIPCION, TIPO, REGISTRO_CAM, REGISTRO_SUP, HABILITADO, OPERADOR_ID) VALUES (151, 'ubicacion_151', 18, 'descripcion_151', 2, 'registro_camara_151', 'registro_super_intendencia_151', 1, 60);
INSERT INTO ALOJAMIENTO (ID, UBICACION, CAPACIDAD, DESCRIPCION, TIPO, REGISTRO_CAM, REGISTRO_SUP, HABILITADO, OPERADOR_ID) VALUES (152, 'ubicacion_152', 74, 'descripcion_152', 3, 'registro_camara_152', 'registro_super_intendencia_152', 1, 60);
INSERT INTO ALOJAMIENTO (ID, UBICACION, CAPACIDAD, DESCRIPCION, TIPO, REGISTRO_CAM, REGISTRO_SUP, HABILITADO, OPERADOR_ID) VALUES (153, 'ubicacion_153', 40, 'descripcion_153', 4, 'registro_camara_153', 'registro_super_intendencia_153', 1, 96);
INSERT INTO ALOJAMIENTO (ID, UBICACION, CAPACIDAD, DESCRIPCION, TIPO, REGISTRO_CAM, REGISTRO_SUP, HABILITADO, OPERADOR_ID) VALUES (154, 'ubicacion_154', 76, 'descripcion_154', 0, 'registro_camara_154', 'registro_super_intendencia_154', 1, 90);
INSERT INTO ALOJAMIENTO (ID, UBICACION, CAPACIDAD, DESCRIPCION, TIPO, REGISTRO_CAM, REGISTRO_SUP, HABILITADO, OPERADOR_ID) VALUES (155, 'ubicacion_155', 48, 'descripcion_155', 2, 'registro_camara_155', 'registro_super_intendencia_155', 1, 80);
INSERT INTO ALOJAMIENTO (ID, UBICACION, CAPACIDAD, DESCRIPCION, TIPO, REGISTRO_CAM, REGISTRO_SUP, HABILITADO, OPERADOR_ID) VALUES (156, 'ubicacion_156', 42, 'descripcion_156', 1, 'registro_camara_156', 'registro_super_intendencia_156', 1, 58);
INSERT INTO ALOJAMIENTO (ID, UBICACION, CAPACIDAD, DESCRIPCION, TIPO, REGISTRO_CAM, REGISTRO_SUP, HABILITADO, OPERADOR_ID) VALUES (157, 'ubicacion_157', 1, 'descripcion_157', 2, 'registro_camara_157', 'registro_super_intendencia_157', 1, 85);
INSERT INTO ALOJAMIENTO (ID, UBICACION, CAPACIDAD, DESCRIPCION, TIPO, REGISTRO_CAM, REGISTRO_SUP, HABILITADO, OPERADOR_ID) VALUES (158, 'ubicacion_158', 61, 'descripcion_158', 4, 'registro_camara_158', 'registro_super_intendencia_158', 1, 78);
INSERT INTO ALOJAMIENTO (ID, UBICACION, CAPACIDAD, DESCRIPCION, TIPO, REGISTRO_CAM, REGISTRO_SUP, HABILITADO, OPERADOR_ID) VALUES (159, 'ubicacion_159', 57, 'descripcion_159', 1, 'registro_camara_159', 'registro_super_intendencia_159', 1, 53);
INSERT INTO ALOJAMIENTO (ID, UBICACION, CAPACIDAD, DESCRIPCION, TIPO, REGISTRO_CAM, REGISTRO_SUP, HABILITADO, OPERADOR_ID) VALUES (160, 'ubicacion_160', 26, 'descripcion_160', 2, 'registro_camara_160', 'registro_super_intendencia_160', 1, 91);
INSERT INTO ALOJAMIENTO (ID, UBICACION, CAPACIDAD, DESCRIPCION, TIPO, REGISTRO_CAM, REGISTRO_SUP, HABILITADO, OPERADOR_ID) VALUES (161, 'ubicacion_161', 3, 'descripcion_161', 3, 'registro_camara_161', 'registro_super_intendencia_161', 1, 72);
INSERT INTO ALOJAMIENTO (ID, UBICACION, CAPACIDAD, DESCRIPCION, TIPO, REGISTRO_CAM, REGISTRO_SUP, HABILITADO, OPERADOR_ID) VALUES (162, 'ubicacion_162', 88, 'descripcion_162', 2, 'registro_camara_162', 'registro_super_intendencia_162', 1, 52);
INSERT INTO ALOJAMIENTO (ID, UBICACION, CAPACIDAD, DESCRIPCION, TIPO, REGISTRO_CAM, REGISTRO_SUP, HABILITADO, OPERADOR_ID) VALUES (163, 'ubicacion_163', 80, 'descripcion_163', 5, 'registro_camara_163', 'registro_super_intendencia_163', 1, 85);
INSERT INTO ALOJAMIENTO (ID, UBICACION, CAPACIDAD, DESCRIPCION, TIPO, REGISTRO_CAM, REGISTRO_SUP, HABILITADO, OPERADOR_ID) VALUES (164, 'ubicacion_164', 83, 'descripcion_164', 4, 'registro_camara_164', 'registro_super_intendencia_164', 1, 58);
INSERT INTO ALOJAMIENTO (ID, UBICACION, CAPACIDAD, DESCRIPCION, TIPO, REGISTRO_CAM, REGISTRO_SUP, HABILITADO, OPERADOR_ID) VALUES (165, 'ubicacion_165', 97, 'descripcion_165', 1, 'registro_camara_165', 'registro_super_intendencia_165', 1, 79);
INSERT INTO ALOJAMIENTO (ID, UBICACION, CAPACIDAD, DESCRIPCION, TIPO, REGISTRO_CAM, REGISTRO_SUP, HABILITADO, OPERADOR_ID) VALUES (166, 'ubicacion_166', 74, 'descripcion_166', 2, 'registro_camara_166', 'registro_super_intendencia_166', 1, 84);
INSERT INTO ALOJAMIENTO (ID, UBICACION, CAPACIDAD, DESCRIPCION, TIPO, REGISTRO_CAM, REGISTRO_SUP, HABILITADO, OPERADOR_ID) VALUES (167, 'ubicacion_167', 81, 'descripcion_167', 1, 'registro_camara_167', 'registro_super_intendencia_167', 1, 85);
INSERT INTO ALOJAMIENTO (ID, UBICACION, CAPACIDAD, DESCRIPCION, TIPO, REGISTRO_CAM, REGISTRO_SUP, HABILITADO, OPERADOR_ID) VALUES (168, 'ubicacion_168', 37, 'descripcion_168', 5, 'registro_camara_168', 'registro_super_intendencia_168', 1, 67);
INSERT INTO ALOJAMIENTO (ID, UBICACION, CAPACIDAD, DESCRIPCION, TIPO, REGISTRO_CAM, REGISTRO_SUP, HABILITADO, OPERADOR_ID) VALUES (169, 'ubicacion_169', 27, 'descripcion_169', 4, 'registro_camara_169', 'registro_super_intendencia_169', 1, 60);
INSERT INTO ALOJAMIENTO (ID, UBICACION, CAPACIDAD, DESCRIPCION, TIPO, REGISTRO_CAM, REGISTRO_SUP, HABILITADO, OPERADOR_ID) VALUES (170, 'ubicacion_170', 89, 'descripcion_170', 0, 'registro_camara_170', 'registro_super_intendencia_170', 1, 94);
INSERT INTO ALOJAMIENTO (ID, UBICACION, CAPACIDAD, DESCRIPCION, TIPO, REGISTRO_CAM, REGISTRO_SUP, HABILITADO, OPERADOR_ID) VALUES (171, 'ubicacion_171', 62, 'descripcion_171', 5, 'registro_camara_171', 'registro_super_intendencia_171', 1, 97);
INSERT INTO ALOJAMIENTO (ID, UBICACION, CAPACIDAD, DESCRIPCION, TIPO, REGISTRO_CAM, REGISTRO_SUP, HABILITADO, OPERADOR_ID) VALUES (172, 'ubicacion_172', 89, 'descripcion_172', 2, 'registro_camara_172', 'registro_super_intendencia_172', 1, 66);
INSERT INTO ALOJAMIENTO (ID, UBICACION, CAPACIDAD, DESCRIPCION, TIPO, REGISTRO_CAM, REGISTRO_SUP, HABILITADO, OPERADOR_ID) VALUES (173, 'ubicacion_173', 38, 'descripcion_173', 1, 'registro_camara_173', 'registro_super_intendencia_173', 1, 90);
INSERT INTO ALOJAMIENTO (ID, UBICACION, CAPACIDAD, DESCRIPCION, TIPO, REGISTRO_CAM, REGISTRO_SUP, HABILITADO, OPERADOR_ID) VALUES (174, 'ubicacion_174', 50, 'descripcion_174', 2, 'registro_camara_174', 'registro_super_intendencia_174', 1, 99);
INSERT INTO ALOJAMIENTO (ID, UBICACION, CAPACIDAD, DESCRIPCION, TIPO, REGISTRO_CAM, REGISTRO_SUP, HABILITADO, OPERADOR_ID) VALUES (175, 'ubicacion_175', 62, 'descripcion_175', 1, 'registro_camara_175', 'registro_super_intendencia_175', 1, 66);
INSERT INTO ALOJAMIENTO (ID, UBICACION, CAPACIDAD, DESCRIPCION, TIPO, REGISTRO_CAM, REGISTRO_SUP, HABILITADO, OPERADOR_ID) VALUES (176, 'ubicacion_176', 66, 'descripcion_176', 2, 'registro_camara_176', 'registro_super_intendencia_176', 1, 82);
INSERT INTO ALOJAMIENTO (ID, UBICACION, CAPACIDAD, DESCRIPCION, TIPO, REGISTRO_CAM, REGISTRO_SUP, HABILITADO, OPERADOR_ID) VALUES (177, 'ubicacion_177', 20, 'descripcion_177', 1, 'registro_camara_177', 'registro_super_intendencia_177', 1, 59);
INSERT INTO ALOJAMIENTO (ID, UBICACION, CAPACIDAD, DESCRIPCION, TIPO, REGISTRO_CAM, REGISTRO_SUP, HABILITADO, OPERADOR_ID) VALUES (178, 'ubicacion_178', 69, 'descripcion_178', 4, 'registro_camara_178', 'registro_super_intendencia_178', 1, 84);
INSERT INTO ALOJAMIENTO (ID, UBICACION, CAPACIDAD, DESCRIPCION, TIPO, REGISTRO_CAM, REGISTRO_SUP, HABILITADO, OPERADOR_ID) VALUES (179, 'ubicacion_179', 76, 'descripcion_179', 5, 'registro_camara_179', 'registro_super_intendencia_179', 1, 52);
INSERT INTO ALOJAMIENTO (ID, UBICACION, CAPACIDAD, DESCRIPCION, TIPO, REGISTRO_CAM, REGISTRO_SUP, HABILITADO, OPERADOR_ID) VALUES (180, 'ubicacion_180', 31, 'descripcion_180', 4, 'registro_camara_180', 'registro_super_intendencia_180', 1, 69);
INSERT INTO ALOJAMIENTO (ID, UBICACION, CAPACIDAD, DESCRIPCION, TIPO, REGISTRO_CAM, REGISTRO_SUP, HABILITADO, OPERADOR_ID) VALUES (181, 'ubicacion_181', 35, 'descripcion_181', 4, 'registro_camara_181', 'registro_super_intendencia_181', 1, 98);
INSERT INTO ALOJAMIENTO (ID, UBICACION, CAPACIDAD, DESCRIPCION, TIPO, REGISTRO_CAM, REGISTRO_SUP, HABILITADO, OPERADOR_ID) VALUES (182, 'ubicacion_182', 4, 'descripcion_182', 1, 'registro_camara_182', 'registro_super_intendencia_182', 1, 85);
INSERT INTO ALOJAMIENTO (ID, UBICACION, CAPACIDAD, DESCRIPCION, TIPO, REGISTRO_CAM, REGISTRO_SUP, HABILITADO, OPERADOR_ID) VALUES (183, 'ubicacion_183', 50, 'descripcion_183', 1, 'registro_camara_183', 'registro_super_intendencia_183', 1, 97);
INSERT INTO ALOJAMIENTO (ID, UBICACION, CAPACIDAD, DESCRIPCION, TIPO, REGISTRO_CAM, REGISTRO_SUP, HABILITADO, OPERADOR_ID) VALUES (184, 'ubicacion_184', 23, 'descripcion_184', 4, 'registro_camara_184', 'registro_super_intendencia_184', 1, 87);
INSERT INTO ALOJAMIENTO (ID, UBICACION, CAPACIDAD, DESCRIPCION, TIPO, REGISTRO_CAM, REGISTRO_SUP, HABILITADO, OPERADOR_ID) VALUES (185, 'ubicacion_185', 92, 'descripcion_185', 3, 'registro_camara_185', 'registro_super_intendencia_185', 1, 56);
INSERT INTO ALOJAMIENTO (ID, UBICACION, CAPACIDAD, DESCRIPCION, TIPO, REGISTRO_CAM, REGISTRO_SUP, HABILITADO, OPERADOR_ID) VALUES (186, 'ubicacion_186', 93, 'descripcion_186', 4, 'registro_camara_186', 'registro_super_intendencia_186', 1, 70);
INSERT INTO REGLA (ID, DESCRIPCION, ALOJAMIENTO_ID) VALUES (0, 'descripcion0', 15);
INSERT INTO SEGURO (ID, CARACTERISTICAS, COSTO, VIGENCIA, ALOJAMIENTO_ID) VALUES (0, 'caracteristiccas0',923106,TO_DATE('2020-05-03', 'YYYY-MM-DD'), 15);
INSERT INTO HABITACION (ID, CAPACIDAD, TIPO, ALOJAMIENTO_ID) VALUES (0, 7, 2, 15);
INSERT INTO MENAJE (ID, DESCRIPCION, DISPONIBILIDAD, ALOJAMIENTO_ID) VALUES (0, 'descripcion0', 1, 15);
INSERT INTO SERVICIOS_ALOJAMIENTOS (ALOJAMIENTO_ID, SERVICIO_ID) VALUES (43, 46);
INSERT INTO REGLA (ID, DESCRIPCION, ALOJAMIENTO_ID) VALUES (1, 'descripcion1', 116);
INSERT INTO SEGURO (ID, CARACTERISTICAS, COSTO, VIGENCIA, ALOJAMIENTO_ID) VALUES (1, 'caracteristiccas1',237658,TO_DATE('2020-05-03', 'YYYY-MM-DD'), 116);
INSERT INTO HABITACION (ID, CAPACIDAD, TIPO, ALOJAMIENTO_ID) VALUES (1, 7, 2, 116);
INSERT INTO MENAJE (ID, DESCRIPCION, DISPONIBILIDAD, ALOJAMIENTO_ID) VALUES (1, 'descripcion1', 0, 116);
INSERT INTO SERVICIOS_ALOJAMIENTOS (ALOJAMIENTO_ID, SERVICIO_ID) VALUES (120, 34);
INSERT INTO REGLA (ID, DESCRIPCION, ALOJAMIENTO_ID) VALUES (2, 'descripcion2', 139);
INSERT INTO SEGURO (ID, CARACTERISTICAS, COSTO, VIGENCIA, ALOJAMIENTO_ID) VALUES (2, 'caracteristiccas2',429904,TO_DATE('2020-05-03', 'YYYY-MM-DD'), 139);
INSERT INTO HABITACION (ID, CAPACIDAD, TIPO, ALOJAMIENTO_ID) VALUES (2, 6, 1, 139);
INSERT INTO MENAJE (ID, DESCRIPCION, DISPONIBILIDAD, ALOJAMIENTO_ID) VALUES (2, 'descripcion2', 0, 139);
INSERT INTO SERVICIOS_ALOJAMIENTOS (ALOJAMIENTO_ID, SERVICIO_ID) VALUES (159, 26);
INSERT INTO REGLA (ID, DESCRIPCION, ALOJAMIENTO_ID) VALUES (3, 'descripcion3', 146);
INSERT INTO SEGURO (ID, CARACTERISTICAS, COSTO, VIGENCIA, ALOJAMIENTO_ID) VALUES (3, 'caracteristiccas3',24966,TO_DATE('2020-05-03', 'YYYY-MM-DD'), 146);
INSERT INTO HABITACION (ID, CAPACIDAD, TIPO, ALOJAMIENTO_ID) VALUES (3, 6, 2, 146);
INSERT INTO MENAJE (ID, DESCRIPCION, DISPONIBILIDAD, ALOJAMIENTO_ID) VALUES (3, 'descripcion3', 1, 146);
INSERT INTO SERVICIOS_ALOJAMIENTOS (ALOJAMIENTO_ID, SERVICIO_ID) VALUES (182, 38);
INSERT INTO REGLA (ID, DESCRIPCION, ALOJAMIENTO_ID) VALUES (4, 'descripcion4', 6);
INSERT INTO SEGURO (ID, CARACTERISTICAS, COSTO, VIGENCIA, ALOJAMIENTO_ID) VALUES (4, 'caracteristiccas4',931714,TO_DATE('2020-05-03', 'YYYY-MM-DD'), 6);
INSERT INTO HABITACION (ID, CAPACIDAD, TIPO, ALOJAMIENTO_ID) VALUES (4, 4, 2, 6);
INSERT INTO MENAJE (ID, DESCRIPCION, DISPONIBILIDAD, ALOJAMIENTO_ID) VALUES (4, 'descripcion4', 0, 6);
INSERT INTO SERVICIOS_ALOJAMIENTOS (ALOJAMIENTO_ID, SERVICIO_ID) VALUES (160, 38);
INSERT INTO REGLA (ID, DESCRIPCION, ALOJAMIENTO_ID) VALUES (5, 'descripcion5', 162);
INSERT INTO SEGURO (ID, CARACTERISTICAS, COSTO, VIGENCIA, ALOJAMIENTO_ID) VALUES (5, 'caracteristiccas5',354107,TO_DATE('2020-05-03', 'YYYY-MM-DD'), 162);
INSERT INTO HABITACION (ID, CAPACIDAD, TIPO, ALOJAMIENTO_ID) VALUES (5, 6, 1, 162);
INSERT INTO MENAJE (ID, DESCRIPCION, DISPONIBILIDAD, ALOJAMIENTO_ID) VALUES (5, 'descripcion5', 0, 162);
INSERT INTO SERVICIOS_ALOJAMIENTOS (ALOJAMIENTO_ID, SERVICIO_ID) VALUES (35, 18);
INSERT INTO REGLA (ID, DESCRIPCION, ALOJAMIENTO_ID) VALUES (6, 'descripcion6', 26);
INSERT INTO SEGURO (ID, CARACTERISTICAS, COSTO, VIGENCIA, ALOJAMIENTO_ID) VALUES (6, 'caracteristiccas6',474170,TO_DATE('2020-05-03', 'YYYY-MM-DD'), 26);
INSERT INTO HABITACION (ID, CAPACIDAD, TIPO, ALOJAMIENTO_ID) VALUES (6, 4, 1, 26);
INSERT INTO MENAJE (ID, DESCRIPCION, DISPONIBILIDAD, ALOJAMIENTO_ID) VALUES (6, 'descripcion6', 1, 26);
INSERT INTO SERVICIOS_ALOJAMIENTOS (ALOJAMIENTO_ID, SERVICIO_ID) VALUES (7, 2);
INSERT INTO REGLA (ID, DESCRIPCION, ALOJAMIENTO_ID) VALUES (7, 'descripcion7', 120);
INSERT INTO SEGURO (ID, CARACTERISTICAS, COSTO, VIGENCIA, ALOJAMIENTO_ID) VALUES (7, 'caracteristiccas7',572966,TO_DATE('2020-05-03', 'YYYY-MM-DD'), 120);
INSERT INTO HABITACION (ID, CAPACIDAD, TIPO, ALOJAMIENTO_ID) VALUES (7, 2, 1, 120);
INSERT INTO MENAJE (ID, DESCRIPCION, DISPONIBILIDAD, ALOJAMIENTO_ID) VALUES (7, 'descripcion7', 1, 120);
INSERT INTO SERVICIOS_ALOJAMIENTOS (ALOJAMIENTO_ID, SERVICIO_ID) VALUES (182, 9);
INSERT INTO REGLA (ID, DESCRIPCION, ALOJAMIENTO_ID) VALUES (8, 'descripcion8', 119);
INSERT INTO SEGURO (ID, CARACTERISTICAS, COSTO, VIGENCIA, ALOJAMIENTO_ID) VALUES (8, 'caracteristiccas8',720363,TO_DATE('2020-05-03', 'YYYY-MM-DD'), 119);
INSERT INTO HABITACION (ID, CAPACIDAD, TIPO, ALOJAMIENTO_ID) VALUES (8, 3, 2, 119);
INSERT INTO MENAJE (ID, DESCRIPCION, DISPONIBILIDAD, ALOJAMIENTO_ID) VALUES (8, 'descripcion8', 1, 119);
INSERT INTO SERVICIOS_ALOJAMIENTOS (ALOJAMIENTO_ID, SERVICIO_ID) VALUES (143, 46);
INSERT INTO REGLA (ID, DESCRIPCION, ALOJAMIENTO_ID) VALUES (9, 'descripcion9', 156);
INSERT INTO SEGURO (ID, CARACTERISTICAS, COSTO, VIGENCIA, ALOJAMIENTO_ID) VALUES (9, 'caracteristiccas9',561922,TO_DATE('2020-05-03', 'YYYY-MM-DD'), 156);
INSERT INTO HABITACION (ID, CAPACIDAD, TIPO, ALOJAMIENTO_ID) VALUES (9, 7, 1, 156);
INSERT INTO MENAJE (ID, DESCRIPCION, DISPONIBILIDAD, ALOJAMIENTO_ID) VALUES (9, 'descripcion9', 1, 156);
INSERT INTO SERVICIOS_ALOJAMIENTOS (ALOJAMIENTO_ID, SERVICIO_ID) VALUES (147, 41);
INSERT INTO REGLA (ID, DESCRIPCION, ALOJAMIENTO_ID) VALUES (10, 'descripcion10', 28);
INSERT INTO SEGURO (ID, CARACTERISTICAS, COSTO, VIGENCIA, ALOJAMIENTO_ID) VALUES (10, 'caracteristiccas10',776003,TO_DATE('2020-05-03', 'YYYY-MM-DD'), 28);
INSERT INTO HABITACION (ID, CAPACIDAD, TIPO, ALOJAMIENTO_ID) VALUES (10, 7, 2, 28);
INSERT INTO MENAJE (ID, DESCRIPCION, DISPONIBILIDAD, ALOJAMIENTO_ID) VALUES (10, 'descripcion10', 1, 28);
INSERT INTO SERVICIOS_ALOJAMIENTOS (ALOJAMIENTO_ID, SERVICIO_ID) VALUES (126, 19);
INSERT INTO REGLA (ID, DESCRIPCION, ALOJAMIENTO_ID) VALUES (11, 'descripcion11', 15);
INSERT INTO SEGURO (ID, CARACTERISTICAS, COSTO, VIGENCIA, ALOJAMIENTO_ID) VALUES (11, 'caracteristiccas11',673577,TO_DATE('2020-05-03', 'YYYY-MM-DD'), 15);
INSERT INTO HABITACION (ID, CAPACIDAD, TIPO, ALOJAMIENTO_ID) VALUES (11, 5, 3, 15);
INSERT INTO MENAJE (ID, DESCRIPCION, DISPONIBILIDAD, ALOJAMIENTO_ID) VALUES (11, 'descripcion11', 1, 15);
INSERT INTO SERVICIOS_ALOJAMIENTOS (ALOJAMIENTO_ID, SERVICIO_ID) VALUES (73, 14);
INSERT INTO REGLA (ID, DESCRIPCION, ALOJAMIENTO_ID) VALUES (12, 'descripcion12', 139);
INSERT INTO SEGURO (ID, CARACTERISTICAS, COSTO, VIGENCIA, ALOJAMIENTO_ID) VALUES (12, 'caracteristiccas12',109330,TO_DATE('2020-05-03', 'YYYY-MM-DD'), 139);
INSERT INTO HABITACION (ID, CAPACIDAD, TIPO, ALOJAMIENTO_ID) VALUES (12, 2, 3, 139);
INSERT INTO MENAJE (ID, DESCRIPCION, DISPONIBILIDAD, ALOJAMIENTO_ID) VALUES (12, 'descripcion12', 0, 139);
INSERT INTO SERVICIOS_ALOJAMIENTOS (ALOJAMIENTO_ID, SERVICIO_ID) VALUES (4, 46);
INSERT INTO REGLA (ID, DESCRIPCION, ALOJAMIENTO_ID) VALUES (13, 'descripcion13', 101);
INSERT INTO SEGURO (ID, CARACTERISTICAS, COSTO, VIGENCIA, ALOJAMIENTO_ID) VALUES (13, 'caracteristiccas13',582402,TO_DATE('2020-05-03', 'YYYY-MM-DD'), 101);
INSERT INTO HABITACION (ID, CAPACIDAD, TIPO, ALOJAMIENTO_ID) VALUES (13, 11, 2, 101);
INSERT INTO MENAJE (ID, DESCRIPCION, DISPONIBILIDAD, ALOJAMIENTO_ID) VALUES (13, 'descripcion13', 1, 101);
INSERT INTO SERVICIOS_ALOJAMIENTOS (ALOJAMIENTO_ID, SERVICIO_ID) VALUES (172, 3);
INSERT INTO REGLA (ID, DESCRIPCION, ALOJAMIENTO_ID) VALUES (14, 'descripcion14', 21);
INSERT INTO SEGURO (ID, CARACTERISTICAS, COSTO, VIGENCIA, ALOJAMIENTO_ID) VALUES (14, 'caracteristiccas14',165657,TO_DATE('2020-05-03', 'YYYY-MM-DD'), 21);
INSERT INTO HABITACION (ID, CAPACIDAD, TIPO, ALOJAMIENTO_ID) VALUES (14, 6, 1, 21);
INSERT INTO MENAJE (ID, DESCRIPCION, DISPONIBILIDAD, ALOJAMIENTO_ID) VALUES (14, 'descripcion14', 0, 21);
INSERT INTO SERVICIOS_ALOJAMIENTOS (ALOJAMIENTO_ID, SERVICIO_ID) VALUES (168, 32);
INSERT INTO REGLA (ID, DESCRIPCION, ALOJAMIENTO_ID) VALUES (15, 'descripcion15', 45);
INSERT INTO SEGURO (ID, CARACTERISTICAS, COSTO, VIGENCIA, ALOJAMIENTO_ID) VALUES (15, 'caracteristiccas15',383951,TO_DATE('2020-05-03', 'YYYY-MM-DD'), 45);
INSERT INTO HABITACION (ID, CAPACIDAD, TIPO, ALOJAMIENTO_ID) VALUES (15, 3, 2, 45);
INSERT INTO MENAJE (ID, DESCRIPCION, DISPONIBILIDAD, ALOJAMIENTO_ID) VALUES (15, 'descripcion15', 0, 45);
INSERT INTO SERVICIOS_ALOJAMIENTOS (ALOJAMIENTO_ID, SERVICIO_ID) VALUES (35, 3);
INSERT INTO REGLA (ID, DESCRIPCION, ALOJAMIENTO_ID) VALUES (16, 'descripcion16', 120);
INSERT INTO SEGURO (ID, CARACTERISTICAS, COSTO, VIGENCIA, ALOJAMIENTO_ID) VALUES (16, 'caracteristiccas16',37451,TO_DATE('2020-05-03', 'YYYY-MM-DD'), 120);
INSERT INTO HABITACION (ID, CAPACIDAD, TIPO, ALOJAMIENTO_ID) VALUES (16, 2, 0, 120);
INSERT INTO MENAJE (ID, DESCRIPCION, DISPONIBILIDAD, ALOJAMIENTO_ID) VALUES (16, 'descripcion16', 0, 120);
INSERT INTO SERVICIOS_ALOJAMIENTOS (ALOJAMIENTO_ID, SERVICIO_ID) VALUES (126, 29);
INSERT INTO REGLA (ID, DESCRIPCION, ALOJAMIENTO_ID) VALUES (17, 'descripcion17', 123);
INSERT INTO SEGURO (ID, CARACTERISTICAS, COSTO, VIGENCIA, ALOJAMIENTO_ID) VALUES (17, 'caracteristiccas17',261378,TO_DATE('2020-05-03', 'YYYY-MM-DD'), 123);
INSERT INTO HABITACION (ID, CAPACIDAD, TIPO, ALOJAMIENTO_ID) VALUES (17, 4, 1, 123);
INSERT INTO MENAJE (ID, DESCRIPCION, DISPONIBILIDAD, ALOJAMIENTO_ID) VALUES (17, 'descripcion17', 0, 123);
INSERT INTO SERVICIOS_ALOJAMIENTOS (ALOJAMIENTO_ID, SERVICIO_ID) VALUES (9, 46);
INSERT INTO REGLA (ID, DESCRIPCION, ALOJAMIENTO_ID) VALUES (18, 'descripcion18', 123);
INSERT INTO SEGURO (ID, CARACTERISTICAS, COSTO, VIGENCIA, ALOJAMIENTO_ID) VALUES (18, 'caracteristiccas18',300894,TO_DATE('2020-05-03', 'YYYY-MM-DD'), 123);
INSERT INTO HABITACION (ID, CAPACIDAD, TIPO, ALOJAMIENTO_ID) VALUES (18, 8, 2, 123);
INSERT INTO MENAJE (ID, DESCRIPCION, DISPONIBILIDAD, ALOJAMIENTO_ID) VALUES (18, 'descripcion18', 0, 123);
INSERT INTO SERVICIOS_ALOJAMIENTOS (ALOJAMIENTO_ID, SERVICIO_ID) VALUES (184, 41);
INSERT INTO REGLA (ID, DESCRIPCION, ALOJAMIENTO_ID) VALUES (19, 'descripcion19', 67);
INSERT INTO SEGURO (ID, CARACTERISTICAS, COSTO, VIGENCIA, ALOJAMIENTO_ID) VALUES (19, 'caracteristiccas19',79148,TO_DATE('2020-05-03', 'YYYY-MM-DD'), 67);
INSERT INTO HABITACION (ID, CAPACIDAD, TIPO, ALOJAMIENTO_ID) VALUES (19, 7, 0, 67);
INSERT INTO MENAJE (ID, DESCRIPCION, DISPONIBILIDAD, ALOJAMIENTO_ID) VALUES (19, 'descripcion19', 1, 67);
INSERT INTO SERVICIOS_ALOJAMIENTOS (ALOJAMIENTO_ID, SERVICIO_ID) VALUES (24, 8);
INSERT INTO REGLA (ID, DESCRIPCION, ALOJAMIENTO_ID) VALUES (20, 'descripcion20', 27);
INSERT INTO SEGURO (ID, CARACTERISTICAS, COSTO, VIGENCIA, ALOJAMIENTO_ID) VALUES (20, 'caracteristiccas20',645240,TO_DATE('2020-05-03', 'YYYY-MM-DD'), 27);
INSERT INTO HABITACION (ID, CAPACIDAD, TIPO, ALOJAMIENTO_ID) VALUES (20, 1, 1, 27);
INSERT INTO MENAJE (ID, DESCRIPCION, DISPONIBILIDAD, ALOJAMIENTO_ID) VALUES (20, 'descripcion20', 0, 27);
INSERT INTO SERVICIOS_ALOJAMIENTOS (ALOJAMIENTO_ID, SERVICIO_ID) VALUES (149, 19);
INSERT INTO REGLA (ID, DESCRIPCION, ALOJAMIENTO_ID) VALUES (21, 'descripcion21', 156);
INSERT INTO SEGURO (ID, CARACTERISTICAS, COSTO, VIGENCIA, ALOJAMIENTO_ID) VALUES (21, 'caracteristiccas21',505365,TO_DATE('2020-05-03', 'YYYY-MM-DD'), 156);
INSERT INTO HABITACION (ID, CAPACIDAD, TIPO, ALOJAMIENTO_ID) VALUES (21, 7, 3, 156);
INSERT INTO MENAJE (ID, DESCRIPCION, DISPONIBILIDAD, ALOJAMIENTO_ID) VALUES (21, 'descripcion21', 0, 156);
INSERT INTO SERVICIOS_ALOJAMIENTOS (ALOJAMIENTO_ID, SERVICIO_ID) VALUES (120, 39);
INSERT INTO REGLA (ID, DESCRIPCION, ALOJAMIENTO_ID) VALUES (22, 'descripcion22', 61);
INSERT INTO SEGURO (ID, CARACTERISTICAS, COSTO, VIGENCIA, ALOJAMIENTO_ID) VALUES (22, 'caracteristiccas22',144226,TO_DATE('2020-05-03', 'YYYY-MM-DD'), 61);
INSERT INTO HABITACION (ID, CAPACIDAD, TIPO, ALOJAMIENTO_ID) VALUES (22, 7, 3, 61);
INSERT INTO MENAJE (ID, DESCRIPCION, DISPONIBILIDAD, ALOJAMIENTO_ID) VALUES (22, 'descripcion22', 0, 61);
INSERT INTO SERVICIOS_ALOJAMIENTOS (ALOJAMIENTO_ID, SERVICIO_ID) VALUES (17, 10);
INSERT INTO REGLA (ID, DESCRIPCION, ALOJAMIENTO_ID) VALUES (23, 'descripcion23', 21);
INSERT INTO SEGURO (ID, CARACTERISTICAS, COSTO, VIGENCIA, ALOJAMIENTO_ID) VALUES (23, 'caracteristiccas23',617839,TO_DATE('2020-05-03', 'YYYY-MM-DD'), 21);
INSERT INTO HABITACION (ID, CAPACIDAD, TIPO, ALOJAMIENTO_ID) VALUES (23, 9, 2, 21);
INSERT INTO MENAJE (ID, DESCRIPCION, DISPONIBILIDAD, ALOJAMIENTO_ID) VALUES (23, 'descripcion23', 1, 21);
INSERT INTO SERVICIOS_ALOJAMIENTOS (ALOJAMIENTO_ID, SERVICIO_ID) VALUES (163, 1);
INSERT INTO REGLA (ID, DESCRIPCION, ALOJAMIENTO_ID) VALUES (24, 'descripcion24', 82);
INSERT INTO SEGURO (ID, CARACTERISTICAS, COSTO, VIGENCIA, ALOJAMIENTO_ID) VALUES (24, 'caracteristiccas24',314078,TO_DATE('2020-05-03', 'YYYY-MM-DD'), 82);
INSERT INTO HABITACION (ID, CAPACIDAD, TIPO, ALOJAMIENTO_ID) VALUES (24, 7, 2, 82);
INSERT INTO MENAJE (ID, DESCRIPCION, DISPONIBILIDAD, ALOJAMIENTO_ID) VALUES (24, 'descripcion24', 0, 82);
INSERT INTO SERVICIOS_ALOJAMIENTOS (ALOJAMIENTO_ID, SERVICIO_ID) VALUES (173, 12);
INSERT INTO REGLA (ID, DESCRIPCION, ALOJAMIENTO_ID) VALUES (25, 'descripcion25', 152);
INSERT INTO SEGURO (ID, CARACTERISTICAS, COSTO, VIGENCIA, ALOJAMIENTO_ID) VALUES (25, 'caracteristiccas25',656436,TO_DATE('2020-05-03', 'YYYY-MM-DD'), 152);
INSERT INTO HABITACION (ID, CAPACIDAD, TIPO, ALOJAMIENTO_ID) VALUES (25, 1, 1, 152);
INSERT INTO MENAJE (ID, DESCRIPCION, DISPONIBILIDAD, ALOJAMIENTO_ID) VALUES (25, 'descripcion25', 1, 152);
INSERT INTO SERVICIOS_ALOJAMIENTOS (ALOJAMIENTO_ID, SERVICIO_ID) VALUES (43, 34);
INSERT INTO REGLA (ID, DESCRIPCION, ALOJAMIENTO_ID) VALUES (26, 'descripcion26', 80);
INSERT INTO SEGURO (ID, CARACTERISTICAS, COSTO, VIGENCIA, ALOJAMIENTO_ID) VALUES (26, 'caracteristiccas26',240549,TO_DATE('2020-05-03', 'YYYY-MM-DD'), 80);
INSERT INTO HABITACION (ID, CAPACIDAD, TIPO, ALOJAMIENTO_ID) VALUES (26, 5, 1, 80);
INSERT INTO MENAJE (ID, DESCRIPCION, DISPONIBILIDAD, ALOJAMIENTO_ID) VALUES (26, 'descripcion26', 1, 80);
INSERT INTO SERVICIOS_ALOJAMIENTOS (ALOJAMIENTO_ID, SERVICIO_ID) VALUES (160, 43);
INSERT INTO REGLA (ID, DESCRIPCION, ALOJAMIENTO_ID) VALUES (27, 'descripcion27', 73);
INSERT INTO SEGURO (ID, CARACTERISTICAS, COSTO, VIGENCIA, ALOJAMIENTO_ID) VALUES (27, 'caracteristiccas27',263213,TO_DATE('2020-05-03', 'YYYY-MM-DD'), 73);
INSERT INTO HABITACION (ID, CAPACIDAD, TIPO, ALOJAMIENTO_ID) VALUES (27, 4, 2, 73);
INSERT INTO MENAJE (ID, DESCRIPCION, DISPONIBILIDAD, ALOJAMIENTO_ID) VALUES (27, 'descripcion27', 0, 73);
INSERT INTO SERVICIOS_ALOJAMIENTOS (ALOJAMIENTO_ID, SERVICIO_ID) VALUES (39, 45);
INSERT INTO REGLA (ID, DESCRIPCION, ALOJAMIENTO_ID) VALUES (28, 'descripcion28', 126);
INSERT INTO SEGURO (ID, CARACTERISTICAS, COSTO, VIGENCIA, ALOJAMIENTO_ID) VALUES (28, 'caracteristiccas28',552490,TO_DATE('2020-05-03', 'YYYY-MM-DD'), 126);
INSERT INTO HABITACION (ID, CAPACIDAD, TIPO, ALOJAMIENTO_ID) VALUES (28, 1, 2, 126);
INSERT INTO MENAJE (ID, DESCRIPCION, DISPONIBILIDAD, ALOJAMIENTO_ID) VALUES (28, 'descripcion28', 1, 126);
INSERT INTO SERVICIOS_ALOJAMIENTOS (ALOJAMIENTO_ID, SERVICIO_ID) VALUES (143, 10);
INSERT INTO REGLA (ID, DESCRIPCION, ALOJAMIENTO_ID) VALUES (29, 'descripcion29', 123);
INSERT INTO SEGURO (ID, CARACTERISTICAS, COSTO, VIGENCIA, ALOJAMIENTO_ID) VALUES (29, 'caracteristiccas29',290145,TO_DATE('2020-05-03', 'YYYY-MM-DD'), 123);
INSERT INTO HABITACION (ID, CAPACIDAD, TIPO, ALOJAMIENTO_ID) VALUES (29, 7, 1, 123);
INSERT INTO MENAJE (ID, DESCRIPCION, DISPONIBILIDAD, ALOJAMIENTO_ID) VALUES (29, 'descripcion29', 1, 123);
INSERT INTO SERVICIOS_ALOJAMIENTOS (ALOJAMIENTO_ID, SERVICIO_ID) VALUES (120, 5);
INSERT INTO REGLA (ID, DESCRIPCION, ALOJAMIENTO_ID) VALUES (30, 'descripcion30', 71);
INSERT INTO SEGURO (ID, CARACTERISTICAS, COSTO, VIGENCIA, ALOJAMIENTO_ID) VALUES (30, 'caracteristiccas30',822197,TO_DATE('2020-05-03', 'YYYY-MM-DD'), 71);
INSERT INTO HABITACION (ID, CAPACIDAD, TIPO, ALOJAMIENTO_ID) VALUES (30, 2, 1, 71);
INSERT INTO MENAJE (ID, DESCRIPCION, DISPONIBILIDAD, ALOJAMIENTO_ID) VALUES (30, 'descripcion30', 0, 71);
INSERT INTO SERVICIOS_ALOJAMIENTOS (ALOJAMIENTO_ID, SERVICIO_ID) VALUES (136, 26);
INSERT INTO REGLA (ID, DESCRIPCION, ALOJAMIENTO_ID) VALUES (31, 'descripcion31', 68);
INSERT INTO SEGURO (ID, CARACTERISTICAS, COSTO, VIGENCIA, ALOJAMIENTO_ID) VALUES (31, 'caracteristiccas31',116086,TO_DATE('2020-05-03', 'YYYY-MM-DD'), 68);
INSERT INTO HABITACION (ID, CAPACIDAD, TIPO, ALOJAMIENTO_ID) VALUES (31, 2, 2, 68);
INSERT INTO MENAJE (ID, DESCRIPCION, DISPONIBILIDAD, ALOJAMIENTO_ID) VALUES (31, 'descripcion31', 1, 68);
INSERT INTO SERVICIOS_ALOJAMIENTOS (ALOJAMIENTO_ID, SERVICIO_ID) VALUES (38, 46);
INSERT INTO REGLA (ID, DESCRIPCION, ALOJAMIENTO_ID) VALUES (32, 'descripcion32', 162);
INSERT INTO SEGURO (ID, CARACTERISTICAS, COSTO, VIGENCIA, ALOJAMIENTO_ID) VALUES (32, 'caracteristiccas32',359217,TO_DATE('2020-05-03', 'YYYY-MM-DD'), 162);
INSERT INTO HABITACION (ID, CAPACIDAD, TIPO, ALOJAMIENTO_ID) VALUES (32, 9, 3, 162);
INSERT INTO MENAJE (ID, DESCRIPCION, DISPONIBILIDAD, ALOJAMIENTO_ID) VALUES (32, 'descripcion32', 0, 162);
INSERT INTO SERVICIOS_ALOJAMIENTOS (ALOJAMIENTO_ID, SERVICIO_ID) VALUES (41, 8);
INSERT INTO REGLA (ID, DESCRIPCION, ALOJAMIENTO_ID) VALUES (33, 'descripcion33', 10);
INSERT INTO SEGURO (ID, CARACTERISTICAS, COSTO, VIGENCIA, ALOJAMIENTO_ID) VALUES (33, 'caracteristiccas33',11923,TO_DATE('2020-05-03', 'YYYY-MM-DD'), 10);
INSERT INTO HABITACION (ID, CAPACIDAD, TIPO, ALOJAMIENTO_ID) VALUES (33, 6, 3, 10);
INSERT INTO MENAJE (ID, DESCRIPCION, DISPONIBILIDAD, ALOJAMIENTO_ID) VALUES (33, 'descripcion33', 1, 10);
INSERT INTO SERVICIOS_ALOJAMIENTOS (ALOJAMIENTO_ID, SERVICIO_ID) VALUES (141, 3);
INSERT INTO REGLA (ID, DESCRIPCION, ALOJAMIENTO_ID) VALUES (34, 'descripcion34', 111);
INSERT INTO SEGURO (ID, CARACTERISTICAS, COSTO, VIGENCIA, ALOJAMIENTO_ID) VALUES (34, 'caracteristiccas34',269967,TO_DATE('2020-05-03', 'YYYY-MM-DD'), 111);
INSERT INTO HABITACION (ID, CAPACIDAD, TIPO, ALOJAMIENTO_ID) VALUES (34, 3, 2, 111);
INSERT INTO MENAJE (ID, DESCRIPCION, DISPONIBILIDAD, ALOJAMIENTO_ID) VALUES (34, 'descripcion34', 1, 111);
INSERT INTO SERVICIOS_ALOJAMIENTOS (ALOJAMIENTO_ID, SERVICIO_ID) VALUES (20, 9);
INSERT INTO REGLA (ID, DESCRIPCION, ALOJAMIENTO_ID) VALUES (35, 'descripcion35', 153);
INSERT INTO SEGURO (ID, CARACTERISTICAS, COSTO, VIGENCIA, ALOJAMIENTO_ID) VALUES (35, 'caracteristiccas35',182761,TO_DATE('2020-05-03', 'YYYY-MM-DD'), 153);
INSERT INTO HABITACION (ID, CAPACIDAD, TIPO, ALOJAMIENTO_ID) VALUES (35, 5, 2, 153);
INSERT INTO MENAJE (ID, DESCRIPCION, DISPONIBILIDAD, ALOJAMIENTO_ID) VALUES (35, 'descripcion35', 0, 153);
INSERT INTO SERVICIOS_ALOJAMIENTOS (ALOJAMIENTO_ID, SERVICIO_ID) VALUES (80, 5);
INSERT INTO REGLA (ID, DESCRIPCION, ALOJAMIENTO_ID) VALUES (36, 'descripcion36', 87);
INSERT INTO SEGURO (ID, CARACTERISTICAS, COSTO, VIGENCIA, ALOJAMIENTO_ID) VALUES (36, 'caracteristiccas36',585089,TO_DATE('2020-05-03', 'YYYY-MM-DD'), 87);
INSERT INTO HABITACION (ID, CAPACIDAD, TIPO, ALOJAMIENTO_ID) VALUES (36, 9, 2, 87);
INSERT INTO MENAJE (ID, DESCRIPCION, DISPONIBILIDAD, ALOJAMIENTO_ID) VALUES (36, 'descripcion36', 1, 87);
INSERT INTO SERVICIOS_ALOJAMIENTOS (ALOJAMIENTO_ID, SERVICIO_ID) VALUES (183, 26);
INSERT INTO REGLA (ID, DESCRIPCION, ALOJAMIENTO_ID) VALUES (37, 'descripcion37', 153);
INSERT INTO SEGURO (ID, CARACTERISTICAS, COSTO, VIGENCIA, ALOJAMIENTO_ID) VALUES (37, 'caracteristiccas37',717828,TO_DATE('2020-05-03', 'YYYY-MM-DD'), 153);
INSERT INTO HABITACION (ID, CAPACIDAD, TIPO, ALOJAMIENTO_ID) VALUES (37, 8, 1, 153);
INSERT INTO MENAJE (ID, DESCRIPCION, DISPONIBILIDAD, ALOJAMIENTO_ID) VALUES (37, 'descripcion37', 1, 153);
INSERT INTO SERVICIOS_ALOJAMIENTOS (ALOJAMIENTO_ID, SERVICIO_ID) VALUES (177, 46);
INSERT INTO REGLA (ID, DESCRIPCION, ALOJAMIENTO_ID) VALUES (38, 'descripcion38', 112);
INSERT INTO SEGURO (ID, CARACTERISTICAS, COSTO, VIGENCIA, ALOJAMIENTO_ID) VALUES (38, 'caracteristiccas38',386957,TO_DATE('2020-05-03', 'YYYY-MM-DD'), 112);
INSERT INTO HABITACION (ID, CAPACIDAD, TIPO, ALOJAMIENTO_ID) VALUES (38, 3, 0, 112);
INSERT INTO MENAJE (ID, DESCRIPCION, DISPONIBILIDAD, ALOJAMIENTO_ID) VALUES (38, 'descripcion38', 1, 112);
INSERT INTO SERVICIOS_ALOJAMIENTOS (ALOJAMIENTO_ID, SERVICIO_ID) VALUES (71, 49);
INSERT INTO REGLA (ID, DESCRIPCION, ALOJAMIENTO_ID) VALUES (39, 'descripcion39', 43);
INSERT INTO SEGURO (ID, CARACTERISTICAS, COSTO, VIGENCIA, ALOJAMIENTO_ID) VALUES (39, 'caracteristiccas39',927684,TO_DATE('2020-05-03', 'YYYY-MM-DD'), 43);
INSERT INTO HABITACION (ID, CAPACIDAD, TIPO, ALOJAMIENTO_ID) VALUES (39, 7, 1, 43);
INSERT INTO MENAJE (ID, DESCRIPCION, DISPONIBILIDAD, ALOJAMIENTO_ID) VALUES (39, 'descripcion39', 1, 43);
INSERT INTO SERVICIOS_ALOJAMIENTOS (ALOJAMIENTO_ID, SERVICIO_ID) VALUES (22, 43);
INSERT INTO REGLA (ID, DESCRIPCION, ALOJAMIENTO_ID) VALUES (40, 'descripcion40', 110);
INSERT INTO SEGURO (ID, CARACTERISTICAS, COSTO, VIGENCIA, ALOJAMIENTO_ID) VALUES (40, 'caracteristiccas40',535975,TO_DATE('2020-05-03', 'YYYY-MM-DD'), 110);
INSERT INTO HABITACION (ID, CAPACIDAD, TIPO, ALOJAMIENTO_ID) VALUES (40, 1, 0, 110);
INSERT INTO MENAJE (ID, DESCRIPCION, DISPONIBILIDAD, ALOJAMIENTO_ID) VALUES (40, 'descripcion40', 0, 110);
INSERT INTO SERVICIOS_ALOJAMIENTOS (ALOJAMIENTO_ID, SERVICIO_ID) VALUES (119, 8);
INSERT INTO REGLA (ID, DESCRIPCION, ALOJAMIENTO_ID) VALUES (41, 'descripcion41', 80);
INSERT INTO SEGURO (ID, CARACTERISTICAS, COSTO, VIGENCIA, ALOJAMIENTO_ID) VALUES (41, 'caracteristiccas41',909323,TO_DATE('2020-05-03', 'YYYY-MM-DD'), 80);
INSERT INTO HABITACION (ID, CAPACIDAD, TIPO, ALOJAMIENTO_ID) VALUES (41, 2, 1, 80);
INSERT INTO MENAJE (ID, DESCRIPCION, DISPONIBILIDAD, ALOJAMIENTO_ID) VALUES (41, 'descripcion41', 0, 80);
INSERT INTO SERVICIOS_ALOJAMIENTOS (ALOJAMIENTO_ID, SERVICIO_ID) VALUES (68, 46);
INSERT INTO REGLA (ID, DESCRIPCION, ALOJAMIENTO_ID) VALUES (42, 'descripcion42', 95);
INSERT INTO SEGURO (ID, CARACTERISTICAS, COSTO, VIGENCIA, ALOJAMIENTO_ID) VALUES (42, 'caracteristiccas42',624299,TO_DATE('2020-05-03', 'YYYY-MM-DD'), 95);
INSERT INTO HABITACION (ID, CAPACIDAD, TIPO, ALOJAMIENTO_ID) VALUES (42, 10, 1, 95);
INSERT INTO MENAJE (ID, DESCRIPCION, DISPONIBILIDAD, ALOJAMIENTO_ID) VALUES (42, 'descripcion42', 0, 95);
INSERT INTO SERVICIOS_ALOJAMIENTOS (ALOJAMIENTO_ID, SERVICIO_ID) VALUES (86, 35);
INSERT INTO REGLA (ID, DESCRIPCION, ALOJAMIENTO_ID) VALUES (43, 'descripcion43', 123);
INSERT INTO SEGURO (ID, CARACTERISTICAS, COSTO, VIGENCIA, ALOJAMIENTO_ID) VALUES (43, 'caracteristiccas43',641634,TO_DATE('2020-05-03', 'YYYY-MM-DD'), 123);
INSERT INTO HABITACION (ID, CAPACIDAD, TIPO, ALOJAMIENTO_ID) VALUES (43, 9, 1, 123);
INSERT INTO MENAJE (ID, DESCRIPCION, DISPONIBILIDAD, ALOJAMIENTO_ID) VALUES (43, 'descripcion43', 1, 123);
INSERT INTO SERVICIOS_ALOJAMIENTOS (ALOJAMIENTO_ID, SERVICIO_ID) VALUES (172, 49);
INSERT INTO REGLA (ID, DESCRIPCION, ALOJAMIENTO_ID) VALUES (44, 'descripcion44', 71);
INSERT INTO SEGURO (ID, CARACTERISTICAS, COSTO, VIGENCIA, ALOJAMIENTO_ID) VALUES (44, 'caracteristiccas44',786065,TO_DATE('2020-05-03', 'YYYY-MM-DD'), 71);
INSERT INTO HABITACION (ID, CAPACIDAD, TIPO, ALOJAMIENTO_ID) VALUES (44, 6, 1, 71);
INSERT INTO MENAJE (ID, DESCRIPCION, DISPONIBILIDAD, ALOJAMIENTO_ID) VALUES (44, 'descripcion44', 0, 71);
INSERT INTO SERVICIOS_ALOJAMIENTOS (ALOJAMIENTO_ID, SERVICIO_ID) VALUES (79, 47);
INSERT INTO REGLA (ID, DESCRIPCION, ALOJAMIENTO_ID) VALUES (45, 'descripcion45', 172);
INSERT INTO SEGURO (ID, CARACTERISTICAS, COSTO, VIGENCIA, ALOJAMIENTO_ID) VALUES (45, 'caracteristiccas45',297149,TO_DATE('2020-05-03', 'YYYY-MM-DD'), 172);
INSERT INTO HABITACION (ID, CAPACIDAD, TIPO, ALOJAMIENTO_ID) VALUES (45, 8, 0, 172);
INSERT INTO MENAJE (ID, DESCRIPCION, DISPONIBILIDAD, ALOJAMIENTO_ID) VALUES (45, 'descripcion45', 0, 172);
INSERT INTO SERVICIOS_ALOJAMIENTOS (ALOJAMIENTO_ID, SERVICIO_ID) VALUES (175, 14);
INSERT INTO REGLA (ID, DESCRIPCION, ALOJAMIENTO_ID) VALUES (46, 'descripcion46', 0);
INSERT INTO SEGURO (ID, CARACTERISTICAS, COSTO, VIGENCIA, ALOJAMIENTO_ID) VALUES (46, 'caracteristiccas46',359499,TO_DATE('2020-05-03', 'YYYY-MM-DD'), 0);
INSERT INTO HABITACION (ID, CAPACIDAD, TIPO, ALOJAMIENTO_ID) VALUES (46, 6, 0, 0);
INSERT INTO MENAJE (ID, DESCRIPCION, DISPONIBILIDAD, ALOJAMIENTO_ID) VALUES (46, 'descripcion46', 0, 0);
INSERT INTO SERVICIOS_ALOJAMIENTOS (ALOJAMIENTO_ID, SERVICIO_ID) VALUES (99, 48);
INSERT INTO REGLA (ID, DESCRIPCION, ALOJAMIENTO_ID) VALUES (47, 'descripcion47', 33);
INSERT INTO SEGURO (ID, CARACTERISTICAS, COSTO, VIGENCIA, ALOJAMIENTO_ID) VALUES (47, 'caracteristiccas47',487089,TO_DATE('2020-05-03', 'YYYY-MM-DD'), 33);
INSERT INTO HABITACION (ID, CAPACIDAD, TIPO, ALOJAMIENTO_ID) VALUES (47, 11, 0, 33);
INSERT INTO MENAJE (ID, DESCRIPCION, DISPONIBILIDAD, ALOJAMIENTO_ID) VALUES (47, 'descripcion47', 1, 33);
INSERT INTO SERVICIOS_ALOJAMIENTOS (ALOJAMIENTO_ID, SERVICIO_ID) VALUES (158, 32);
INSERT INTO REGLA (ID, DESCRIPCION, ALOJAMIENTO_ID) VALUES (48, 'descripcion48', 41);
INSERT INTO SEGURO (ID, CARACTERISTICAS, COSTO, VIGENCIA, ALOJAMIENTO_ID) VALUES (48, 'caracteristiccas48',190465,TO_DATE('2020-05-03', 'YYYY-MM-DD'), 41);
INSERT INTO HABITACION (ID, CAPACIDAD, TIPO, ALOJAMIENTO_ID) VALUES (48, 10, 0, 41);
INSERT INTO MENAJE (ID, DESCRIPCION, DISPONIBILIDAD, ALOJAMIENTO_ID) VALUES (48, 'descripcion48', 0, 41);
INSERT INTO SERVICIOS_ALOJAMIENTOS (ALOJAMIENTO_ID, SERVICIO_ID) VALUES (35, 12);
INSERT INTO REGLA (ID, DESCRIPCION, ALOJAMIENTO_ID) VALUES (49, 'descripcion49', 168);
INSERT INTO SEGURO (ID, CARACTERISTICAS, COSTO, VIGENCIA, ALOJAMIENTO_ID) VALUES (49, 'caracteristiccas49',469245,TO_DATE('2020-05-03', 'YYYY-MM-DD'), 168);
INSERT INTO HABITACION (ID, CAPACIDAD, TIPO, ALOJAMIENTO_ID) VALUES (49, 4, 0, 168);
INSERT INTO MENAJE (ID, DESCRIPCION, DISPONIBILIDAD, ALOJAMIENTO_ID) VALUES (49, 'descripcion49', 0, 168);
INSERT INTO SERVICIOS_ALOJAMIENTOS (ALOJAMIENTO_ID, SERVICIO_ID) VALUES (5, 2);
INSERT INTO REGLA (ID, DESCRIPCION, ALOJAMIENTO_ID) VALUES (50, 'descripcion50', 31);
INSERT INTO SEGURO (ID, CARACTERISTICAS, COSTO, VIGENCIA, ALOJAMIENTO_ID) VALUES (50, 'caracteristiccas50',675992,TO_DATE('2020-05-03', 'YYYY-MM-DD'), 31);
INSERT INTO HABITACION (ID, CAPACIDAD, TIPO, ALOJAMIENTO_ID) VALUES (50, 7, 2, 31);
INSERT INTO MENAJE (ID, DESCRIPCION, DISPONIBILIDAD, ALOJAMIENTO_ID) VALUES (50, 'descripcion50', 0, 31);
INSERT INTO SERVICIOS_ALOJAMIENTOS (ALOJAMIENTO_ID, SERVICIO_ID) VALUES (101, 20);
INSERT INTO REGLA (ID, DESCRIPCION, ALOJAMIENTO_ID) VALUES (51, 'descripcion51', 35);
INSERT INTO SEGURO (ID, CARACTERISTICAS, COSTO, VIGENCIA, ALOJAMIENTO_ID) VALUES (51, 'caracteristiccas51',781503,TO_DATE('2020-05-03', 'YYYY-MM-DD'), 35);
INSERT INTO HABITACION (ID, CAPACIDAD, TIPO, ALOJAMIENTO_ID) VALUES (51, 10, 2, 35);
INSERT INTO MENAJE (ID, DESCRIPCION, DISPONIBILIDAD, ALOJAMIENTO_ID) VALUES (51, 'descripcion51', 1, 35);
INSERT INTO SERVICIOS_ALOJAMIENTOS (ALOJAMIENTO_ID, SERVICIO_ID) VALUES (104, 0);
INSERT INTO REGLA (ID, DESCRIPCION, ALOJAMIENTO_ID) VALUES (52, 'descripcion52', 57);
INSERT INTO SEGURO (ID, CARACTERISTICAS, COSTO, VIGENCIA, ALOJAMIENTO_ID) VALUES (52, 'caracteristiccas52',65702,TO_DATE('2020-05-03', 'YYYY-MM-DD'), 57);
INSERT INTO HABITACION (ID, CAPACIDAD, TIPO, ALOJAMIENTO_ID) VALUES (52, 9, 3, 57);
INSERT INTO MENAJE (ID, DESCRIPCION, DISPONIBILIDAD, ALOJAMIENTO_ID) VALUES (52, 'descripcion52', 0, 57);
INSERT INTO SERVICIOS_ALOJAMIENTOS (ALOJAMIENTO_ID, SERVICIO_ID) VALUES (122, 13);
INSERT INTO REGLA (ID, DESCRIPCION, ALOJAMIENTO_ID) VALUES (53, 'descripcion53', 3);
INSERT INTO SEGURO (ID, CARACTERISTICAS, COSTO, VIGENCIA, ALOJAMIENTO_ID) VALUES (53, 'caracteristiccas53',904498,TO_DATE('2020-05-03', 'YYYY-MM-DD'), 3);
INSERT INTO HABITACION (ID, CAPACIDAD, TIPO, ALOJAMIENTO_ID) VALUES (53, 8, 0, 3);
INSERT INTO MENAJE (ID, DESCRIPCION, DISPONIBILIDAD, ALOJAMIENTO_ID) VALUES (53, 'descripcion53', 0, 3);
INSERT INTO SERVICIOS_ALOJAMIENTOS (ALOJAMIENTO_ID, SERVICIO_ID) VALUES (14, 23);
INSERT INTO REGLA (ID, DESCRIPCION, ALOJAMIENTO_ID) VALUES (54, 'descripcion54', 29);
INSERT INTO SEGURO (ID, CARACTERISTICAS, COSTO, VIGENCIA, ALOJAMIENTO_ID) VALUES (54, 'caracteristiccas54',148582,TO_DATE('2020-05-03', 'YYYY-MM-DD'), 29);
INSERT INTO HABITACION (ID, CAPACIDAD, TIPO, ALOJAMIENTO_ID) VALUES (54, 7, 2, 29);
INSERT INTO MENAJE (ID, DESCRIPCION, DISPONIBILIDAD, ALOJAMIENTO_ID) VALUES (54, 'descripcion54', 1, 29);
INSERT INTO SERVICIOS_ALOJAMIENTOS (ALOJAMIENTO_ID, SERVICIO_ID) VALUES (150, 7);
INSERT INTO REGLA (ID, DESCRIPCION, ALOJAMIENTO_ID) VALUES (55, 'descripcion55', 25);
INSERT INTO SEGURO (ID, CARACTERISTICAS, COSTO, VIGENCIA, ALOJAMIENTO_ID) VALUES (55, 'caracteristiccas55',474632,TO_DATE('2020-05-03', 'YYYY-MM-DD'), 25);
INSERT INTO HABITACION (ID, CAPACIDAD, TIPO, ALOJAMIENTO_ID) VALUES (55, 3, 1, 25);
INSERT INTO MENAJE (ID, DESCRIPCION, DISPONIBILIDAD, ALOJAMIENTO_ID) VALUES (55, 'descripcion55', 0, 25);
INSERT INTO SERVICIOS_ALOJAMIENTOS (ALOJAMIENTO_ID, SERVICIO_ID) VALUES (27, 0);
INSERT INTO REGLA (ID, DESCRIPCION, ALOJAMIENTO_ID) VALUES (56, 'descripcion56', 122);
INSERT INTO SEGURO (ID, CARACTERISTICAS, COSTO, VIGENCIA, ALOJAMIENTO_ID) VALUES (56, 'caracteristiccas56',71200,TO_DATE('2020-05-03', 'YYYY-MM-DD'), 122);
INSERT INTO HABITACION (ID, CAPACIDAD, TIPO, ALOJAMIENTO_ID) VALUES (56, 9, 0, 122);
INSERT INTO MENAJE (ID, DESCRIPCION, DISPONIBILIDAD, ALOJAMIENTO_ID) VALUES (56, 'descripcion56', 1, 122);
INSERT INTO SERVICIOS_ALOJAMIENTOS (ALOJAMIENTO_ID, SERVICIO_ID) VALUES (0, 3);
INSERT INTO REGLA (ID, DESCRIPCION, ALOJAMIENTO_ID) VALUES (57, 'descripcion57', 157);
INSERT INTO SEGURO (ID, CARACTERISTICAS, COSTO, VIGENCIA, ALOJAMIENTO_ID) VALUES (57, 'caracteristiccas57',226750,TO_DATE('2020-05-03', 'YYYY-MM-DD'), 157);
INSERT INTO HABITACION (ID, CAPACIDAD, TIPO, ALOJAMIENTO_ID) VALUES (57, 2, 3, 157);
INSERT INTO MENAJE (ID, DESCRIPCION, DISPONIBILIDAD, ALOJAMIENTO_ID) VALUES (57, 'descripcion57', 0, 157);
INSERT INTO SERVICIOS_ALOJAMIENTOS (ALOJAMIENTO_ID, SERVICIO_ID) VALUES (111, 4);
INSERT INTO REGLA (ID, DESCRIPCION, ALOJAMIENTO_ID) VALUES (58, 'descripcion58', 104);
INSERT INTO SEGURO (ID, CARACTERISTICAS, COSTO, VIGENCIA, ALOJAMIENTO_ID) VALUES (58, 'caracteristiccas58',142651,TO_DATE('2020-05-03', 'YYYY-MM-DD'), 104);
INSERT INTO HABITACION (ID, CAPACIDAD, TIPO, ALOJAMIENTO_ID) VALUES (58, 11, 3, 104);
INSERT INTO MENAJE (ID, DESCRIPCION, DISPONIBILIDAD, ALOJAMIENTO_ID) VALUES (58, 'descripcion58', 0, 104);
INSERT INTO SERVICIOS_ALOJAMIENTOS (ALOJAMIENTO_ID, SERVICIO_ID) VALUES (159, 28);
INSERT INTO REGLA (ID, DESCRIPCION, ALOJAMIENTO_ID) VALUES (59, 'descripcion59', 111);
INSERT INTO SEGURO (ID, CARACTERISTICAS, COSTO, VIGENCIA, ALOJAMIENTO_ID) VALUES (59, 'caracteristiccas59',753559,TO_DATE('2020-05-03', 'YYYY-MM-DD'), 111);
INSERT INTO HABITACION (ID, CAPACIDAD, TIPO, ALOJAMIENTO_ID) VALUES (59, 9, 3, 111);
INSERT INTO MENAJE (ID, DESCRIPCION, DISPONIBILIDAD, ALOJAMIENTO_ID) VALUES (59, 'descripcion59', 0, 111);
INSERT INTO SERVICIOS_ALOJAMIENTOS (ALOJAMIENTO_ID, SERVICIO_ID) VALUES (119, 25);
INSERT INTO REGLA (ID, DESCRIPCION, ALOJAMIENTO_ID) VALUES (60, 'descripcion60', 57);
INSERT INTO SEGURO (ID, CARACTERISTICAS, COSTO, VIGENCIA, ALOJAMIENTO_ID) VALUES (60, 'caracteristiccas60',356708,TO_DATE('2020-05-03', 'YYYY-MM-DD'), 57);
INSERT INTO HABITACION (ID, CAPACIDAD, TIPO, ALOJAMIENTO_ID) VALUES (60, 3, 2, 57);
INSERT INTO MENAJE (ID, DESCRIPCION, DISPONIBILIDAD, ALOJAMIENTO_ID) VALUES (60, 'descripcion60', 1, 57);
INSERT INTO SERVICIOS_ALOJAMIENTOS (ALOJAMIENTO_ID, SERVICIO_ID) VALUES (100, 15);
INSERT INTO REGLA (ID, DESCRIPCION, ALOJAMIENTO_ID) VALUES (61, 'descripcion61', 136);
INSERT INTO SEGURO (ID, CARACTERISTICAS, COSTO, VIGENCIA, ALOJAMIENTO_ID) VALUES (61, 'caracteristiccas61',659116,TO_DATE('2020-05-03', 'YYYY-MM-DD'), 136);
INSERT INTO HABITACION (ID, CAPACIDAD, TIPO, ALOJAMIENTO_ID) VALUES (61, 7, 3, 136);
INSERT INTO MENAJE (ID, DESCRIPCION, DISPONIBILIDAD, ALOJAMIENTO_ID) VALUES (61, 'descripcion61', 0, 136);
INSERT INTO SERVICIOS_ALOJAMIENTOS (ALOJAMIENTO_ID, SERVICIO_ID) VALUES (72, 16);
INSERT INTO REGLA (ID, DESCRIPCION, ALOJAMIENTO_ID) VALUES (62, 'descripcion62', 109);
INSERT INTO SEGURO (ID, CARACTERISTICAS, COSTO, VIGENCIA, ALOJAMIENTO_ID) VALUES (62, 'caracteristiccas62',143122,TO_DATE('2020-05-03', 'YYYY-MM-DD'), 109);
INSERT INTO HABITACION (ID, CAPACIDAD, TIPO, ALOJAMIENTO_ID) VALUES (62, 5, 2, 109);
INSERT INTO MENAJE (ID, DESCRIPCION, DISPONIBILIDAD, ALOJAMIENTO_ID) VALUES (62, 'descripcion62', 0, 109);
INSERT INTO SERVICIOS_ALOJAMIENTOS (ALOJAMIENTO_ID, SERVICIO_ID) VALUES (175, 9);
INSERT INTO REGLA (ID, DESCRIPCION, ALOJAMIENTO_ID) VALUES (63, 'descripcion63', 111);
INSERT INTO SEGURO (ID, CARACTERISTICAS, COSTO, VIGENCIA, ALOJAMIENTO_ID) VALUES (63, 'caracteristiccas63',127301,TO_DATE('2020-05-03', 'YYYY-MM-DD'), 111);
INSERT INTO HABITACION (ID, CAPACIDAD, TIPO, ALOJAMIENTO_ID) VALUES (63, 4, 2, 111);
INSERT INTO MENAJE (ID, DESCRIPCION, DISPONIBILIDAD, ALOJAMIENTO_ID) VALUES (63, 'descripcion63', 0, 111);
INSERT INTO SERVICIOS_ALOJAMIENTOS (ALOJAMIENTO_ID, SERVICIO_ID) VALUES (77, 4);
INSERT INTO REGLA (ID, DESCRIPCION, ALOJAMIENTO_ID) VALUES (64, 'descripcion64', 8);
INSERT INTO SEGURO (ID, CARACTERISTICAS, COSTO, VIGENCIA, ALOJAMIENTO_ID) VALUES (64, 'caracteristiccas64',918030,TO_DATE('2020-05-03', 'YYYY-MM-DD'), 8);
INSERT INTO HABITACION (ID, CAPACIDAD, TIPO, ALOJAMIENTO_ID) VALUES (64, 11, 2, 8);
INSERT INTO MENAJE (ID, DESCRIPCION, DISPONIBILIDAD, ALOJAMIENTO_ID) VALUES (64, 'descripcion64', 0, 8);
INSERT INTO SERVICIOS_ALOJAMIENTOS (ALOJAMIENTO_ID, SERVICIO_ID) VALUES (34, 16);
INSERT INTO REGLA (ID, DESCRIPCION, ALOJAMIENTO_ID) VALUES (65, 'descripcion65', 6);
INSERT INTO SEGURO (ID, CARACTERISTICAS, COSTO, VIGENCIA, ALOJAMIENTO_ID) VALUES (65, 'caracteristiccas65',48926,TO_DATE('2020-05-03', 'YYYY-MM-DD'), 6);
INSERT INTO HABITACION (ID, CAPACIDAD, TIPO, ALOJAMIENTO_ID) VALUES (65, 10, 0, 6);
INSERT INTO MENAJE (ID, DESCRIPCION, DISPONIBILIDAD, ALOJAMIENTO_ID) VALUES (65, 'descripcion65', 1, 6);
INSERT INTO SERVICIOS_ALOJAMIENTOS (ALOJAMIENTO_ID, SERVICIO_ID) VALUES (106, 32);
INSERT INTO REGLA (ID, DESCRIPCION, ALOJAMIENTO_ID) VALUES (66, 'descripcion66', 89);
INSERT INTO SEGURO (ID, CARACTERISTICAS, COSTO, VIGENCIA, ALOJAMIENTO_ID) VALUES (66, 'caracteristiccas66',513381,TO_DATE('2020-05-03', 'YYYY-MM-DD'), 89);
INSERT INTO HABITACION (ID, CAPACIDAD, TIPO, ALOJAMIENTO_ID) VALUES (66, 3, 2, 89);
INSERT INTO MENAJE (ID, DESCRIPCION, DISPONIBILIDAD, ALOJAMIENTO_ID) VALUES (66, 'descripcion66', 0, 89);
INSERT INTO SERVICIOS_ALOJAMIENTOS (ALOJAMIENTO_ID, SERVICIO_ID) VALUES (44, 28);
INSERT INTO REGLA (ID, DESCRIPCION, ALOJAMIENTO_ID) VALUES (67, 'descripcion67', 146);
INSERT INTO SEGURO (ID, CARACTERISTICAS, COSTO, VIGENCIA, ALOJAMIENTO_ID) VALUES (67, 'caracteristiccas67',723317,TO_DATE('2020-05-03', 'YYYY-MM-DD'), 146);
INSERT INTO HABITACION (ID, CAPACIDAD, TIPO, ALOJAMIENTO_ID) VALUES (67, 6, 3, 146);
INSERT INTO MENAJE (ID, DESCRIPCION, DISPONIBILIDAD, ALOJAMIENTO_ID) VALUES (67, 'descripcion67', 0, 146);
INSERT INTO SERVICIOS_ALOJAMIENTOS (ALOJAMIENTO_ID, SERVICIO_ID) VALUES (93, 26);
INSERT INTO REGLA (ID, DESCRIPCION, ALOJAMIENTO_ID) VALUES (68, 'descripcion68', 121);
INSERT INTO SEGURO (ID, CARACTERISTICAS, COSTO, VIGENCIA, ALOJAMIENTO_ID) VALUES (68, 'caracteristiccas68',302356,TO_DATE('2020-05-03', 'YYYY-MM-DD'), 121);
INSERT INTO HABITACION (ID, CAPACIDAD, TIPO, ALOJAMIENTO_ID) VALUES (68, 8, 3, 121);
INSERT INTO MENAJE (ID, DESCRIPCION, DISPONIBILIDAD, ALOJAMIENTO_ID) VALUES (68, 'descripcion68', 1, 121);
INSERT INTO SERVICIOS_ALOJAMIENTOS (ALOJAMIENTO_ID, SERVICIO_ID) VALUES (36, 24);
INSERT INTO REGLA (ID, DESCRIPCION, ALOJAMIENTO_ID) VALUES (69, 'descripcion69', 127);
INSERT INTO SEGURO (ID, CARACTERISTICAS, COSTO, VIGENCIA, ALOJAMIENTO_ID) VALUES (69, 'caracteristiccas69',502040,TO_DATE('2020-05-03', 'YYYY-MM-DD'), 127);
INSERT INTO HABITACION (ID, CAPACIDAD, TIPO, ALOJAMIENTO_ID) VALUES (69, 5, 1, 127);
INSERT INTO MENAJE (ID, DESCRIPCION, DISPONIBILIDAD, ALOJAMIENTO_ID) VALUES (69, 'descripcion69', 1, 127);
INSERT INTO SERVICIOS_ALOJAMIENTOS (ALOJAMIENTO_ID, SERVICIO_ID) VALUES (100, 3);
INSERT INTO REGLA (ID, DESCRIPCION, ALOJAMIENTO_ID) VALUES (70, 'descripcion70', 109);
INSERT INTO SEGURO (ID, CARACTERISTICAS, COSTO, VIGENCIA, ALOJAMIENTO_ID) VALUES (70, 'caracteristiccas70',780796,TO_DATE('2020-05-03', 'YYYY-MM-DD'), 109);
INSERT INTO HABITACION (ID, CAPACIDAD, TIPO, ALOJAMIENTO_ID) VALUES (70, 7, 1, 109);
INSERT INTO MENAJE (ID, DESCRIPCION, DISPONIBILIDAD, ALOJAMIENTO_ID) VALUES (70, 'descripcion70', 0, 109);
INSERT INTO SERVICIOS_ALOJAMIENTOS (ALOJAMIENTO_ID, SERVICIO_ID) VALUES (172, 44);
INSERT INTO REGLA (ID, DESCRIPCION, ALOJAMIENTO_ID) VALUES (71, 'descripcion71', 92);
INSERT INTO SEGURO (ID, CARACTERISTICAS, COSTO, VIGENCIA, ALOJAMIENTO_ID) VALUES (71, 'caracteristiccas71',270617,TO_DATE('2020-05-03', 'YYYY-MM-DD'), 92);
INSERT INTO HABITACION (ID, CAPACIDAD, TIPO, ALOJAMIENTO_ID) VALUES (71, 5, 3, 92);
INSERT INTO MENAJE (ID, DESCRIPCION, DISPONIBILIDAD, ALOJAMIENTO_ID) VALUES (71, 'descripcion71', 0, 92);
INSERT INTO SERVICIOS_ALOJAMIENTOS (ALOJAMIENTO_ID, SERVICIO_ID) VALUES (96, 23);
INSERT INTO REGLA (ID, DESCRIPCION, ALOJAMIENTO_ID) VALUES (72, 'descripcion72', 2);
INSERT INTO SEGURO (ID, CARACTERISTICAS, COSTO, VIGENCIA, ALOJAMIENTO_ID) VALUES (72, 'caracteristiccas72',954860,TO_DATE('2020-05-03', 'YYYY-MM-DD'), 2);
INSERT INTO HABITACION (ID, CAPACIDAD, TIPO, ALOJAMIENTO_ID) VALUES (72, 6, 2, 2);
INSERT INTO MENAJE (ID, DESCRIPCION, DISPONIBILIDAD, ALOJAMIENTO_ID) VALUES (72, 'descripcion72', 0, 2);
INSERT INTO SERVICIOS_ALOJAMIENTOS (ALOJAMIENTO_ID, SERVICIO_ID) VALUES (180, 45);
INSERT INTO REGLA (ID, DESCRIPCION, ALOJAMIENTO_ID) VALUES (73, 'descripcion73', 135);
INSERT INTO SEGURO (ID, CARACTERISTICAS, COSTO, VIGENCIA, ALOJAMIENTO_ID) VALUES (73, 'caracteristiccas73',51603,TO_DATE('2020-05-03', 'YYYY-MM-DD'), 135);
INSERT INTO HABITACION (ID, CAPACIDAD, TIPO, ALOJAMIENTO_ID) VALUES (73, 7, 0, 135);
INSERT INTO MENAJE (ID, DESCRIPCION, DISPONIBILIDAD, ALOJAMIENTO_ID) VALUES (73, 'descripcion73', 0, 135);
INSERT INTO SERVICIOS_ALOJAMIENTOS (ALOJAMIENTO_ID, SERVICIO_ID) VALUES (24, 44);
INSERT INTO REGLA (ID, DESCRIPCION, ALOJAMIENTO_ID) VALUES (74, 'descripcion74', 45);
INSERT INTO SEGURO (ID, CARACTERISTICAS, COSTO, VIGENCIA, ALOJAMIENTO_ID) VALUES (74, 'caracteristiccas74',764913,TO_DATE('2020-05-03', 'YYYY-MM-DD'), 45);
INSERT INTO HABITACION (ID, CAPACIDAD, TIPO, ALOJAMIENTO_ID) VALUES (74, 1, 2, 45);
INSERT INTO MENAJE (ID, DESCRIPCION, DISPONIBILIDAD, ALOJAMIENTO_ID) VALUES (74, 'descripcion74', 0, 45);
INSERT INTO SERVICIOS_ALOJAMIENTOS (ALOJAMIENTO_ID, SERVICIO_ID) VALUES (108, 3);
INSERT INTO REGLA (ID, DESCRIPCION, ALOJAMIENTO_ID) VALUES (75, 'descripcion75', 156);
INSERT INTO SEGURO (ID, CARACTERISTICAS, COSTO, VIGENCIA, ALOJAMIENTO_ID) VALUES (75, 'caracteristiccas75',454195,TO_DATE('2020-05-03', 'YYYY-MM-DD'), 156);
INSERT INTO HABITACION (ID, CAPACIDAD, TIPO, ALOJAMIENTO_ID) VALUES (75, 7, 2, 156);
INSERT INTO MENAJE (ID, DESCRIPCION, DISPONIBILIDAD, ALOJAMIENTO_ID) VALUES (75, 'descripcion75', 1, 156);
INSERT INTO SERVICIOS_ALOJAMIENTOS (ALOJAMIENTO_ID, SERVICIO_ID) VALUES (175, 12);
INSERT INTO REGLA (ID, DESCRIPCION, ALOJAMIENTO_ID) VALUES (76, 'descripcion76', 144);
INSERT INTO SEGURO (ID, CARACTERISTICAS, COSTO, VIGENCIA, ALOJAMIENTO_ID) VALUES (76, 'caracteristiccas76',438805,TO_DATE('2020-05-03', 'YYYY-MM-DD'), 144);
INSERT INTO HABITACION (ID, CAPACIDAD, TIPO, ALOJAMIENTO_ID) VALUES (76, 1, 2, 144);
INSERT INTO MENAJE (ID, DESCRIPCION, DISPONIBILIDAD, ALOJAMIENTO_ID) VALUES (76, 'descripcion76', 0, 144);
INSERT INTO SERVICIOS_ALOJAMIENTOS (ALOJAMIENTO_ID, SERVICIO_ID) VALUES (72, 21);
INSERT INTO REGLA (ID, DESCRIPCION, ALOJAMIENTO_ID) VALUES (77, 'descripcion77', 53);
INSERT INTO SEGURO (ID, CARACTERISTICAS, COSTO, VIGENCIA, ALOJAMIENTO_ID) VALUES (77, 'caracteristiccas77',422968,TO_DATE('2020-05-03', 'YYYY-MM-DD'), 53);
INSERT INTO HABITACION (ID, CAPACIDAD, TIPO, ALOJAMIENTO_ID) VALUES (77, 6, 3, 53);
INSERT INTO MENAJE (ID, DESCRIPCION, DISPONIBILIDAD, ALOJAMIENTO_ID) VALUES (77, 'descripcion77', 0, 53);
INSERT INTO SERVICIOS_ALOJAMIENTOS (ALOJAMIENTO_ID, SERVICIO_ID) VALUES (94, 20);
INSERT INTO REGLA (ID, DESCRIPCION, ALOJAMIENTO_ID) VALUES (78, 'descripcion78', 93);
INSERT INTO SEGURO (ID, CARACTERISTICAS, COSTO, VIGENCIA, ALOJAMIENTO_ID) VALUES (78, 'caracteristiccas78',665614,TO_DATE('2020-05-03', 'YYYY-MM-DD'), 93);
INSERT INTO HABITACION (ID, CAPACIDAD, TIPO, ALOJAMIENTO_ID) VALUES (78, 9, 3, 93);
INSERT INTO MENAJE (ID, DESCRIPCION, DISPONIBILIDAD, ALOJAMIENTO_ID) VALUES (78, 'descripcion78', 0, 93);
INSERT INTO SERVICIOS_ALOJAMIENTOS (ALOJAMIENTO_ID, SERVICIO_ID) VALUES (70, 14);
INSERT INTO REGLA (ID, DESCRIPCION, ALOJAMIENTO_ID) VALUES (79, 'descripcion79', 111);
INSERT INTO SEGURO (ID, CARACTERISTICAS, COSTO, VIGENCIA, ALOJAMIENTO_ID) VALUES (79, 'caracteristiccas79',692613,TO_DATE('2020-05-03', 'YYYY-MM-DD'), 111);
INSERT INTO HABITACION (ID, CAPACIDAD, TIPO, ALOJAMIENTO_ID) VALUES (79, 7, 2, 111);
INSERT INTO MENAJE (ID, DESCRIPCION, DISPONIBILIDAD, ALOJAMIENTO_ID) VALUES (79, 'descripcion79', 1, 111);
INSERT INTO SERVICIOS_ALOJAMIENTOS (ALOJAMIENTO_ID, SERVICIO_ID) VALUES (136, 36);
INSERT INTO REGLA (ID, DESCRIPCION, ALOJAMIENTO_ID) VALUES (80, 'descripcion80', 155);
INSERT INTO SEGURO (ID, CARACTERISTICAS, COSTO, VIGENCIA, ALOJAMIENTO_ID) VALUES (80, 'caracteristiccas80',71310,TO_DATE('2020-05-03', 'YYYY-MM-DD'), 155);
INSERT INTO HABITACION (ID, CAPACIDAD, TIPO, ALOJAMIENTO_ID) VALUES (80, 8, 3, 155);
INSERT INTO MENAJE (ID, DESCRIPCION, DISPONIBILIDAD, ALOJAMIENTO_ID) VALUES (80, 'descripcion80', 1, 155);
INSERT INTO SERVICIOS_ALOJAMIENTOS (ALOJAMIENTO_ID, SERVICIO_ID) VALUES (149, 30);
INSERT INTO REGLA (ID, DESCRIPCION, ALOJAMIENTO_ID) VALUES (81, 'descripcion81', 43);
INSERT INTO SEGURO (ID, CARACTERISTICAS, COSTO, VIGENCIA, ALOJAMIENTO_ID) VALUES (81, 'caracteristiccas81',258046,TO_DATE('2020-05-03', 'YYYY-MM-DD'), 43);
INSERT INTO HABITACION (ID, CAPACIDAD, TIPO, ALOJAMIENTO_ID) VALUES (81, 6, 3, 43);
INSERT INTO MENAJE (ID, DESCRIPCION, DISPONIBILIDAD, ALOJAMIENTO_ID) VALUES (81, 'descripcion81', 1, 43);
INSERT INTO SERVICIOS_ALOJAMIENTOS (ALOJAMIENTO_ID, SERVICIO_ID) VALUES (21, 0);
INSERT INTO REGLA (ID, DESCRIPCION, ALOJAMIENTO_ID) VALUES (82, 'descripcion82', 17);
INSERT INTO SEGURO (ID, CARACTERISTICAS, COSTO, VIGENCIA, ALOJAMIENTO_ID) VALUES (82, 'caracteristiccas82',810291,TO_DATE('2020-05-03', 'YYYY-MM-DD'), 17);
INSERT INTO HABITACION (ID, CAPACIDAD, TIPO, ALOJAMIENTO_ID) VALUES (82, 1, 2, 17);
INSERT INTO MENAJE (ID, DESCRIPCION, DISPONIBILIDAD, ALOJAMIENTO_ID) VALUES (82, 'descripcion82', 1, 17);
INSERT INTO SERVICIOS_ALOJAMIENTOS (ALOJAMIENTO_ID, SERVICIO_ID) VALUES (80, 29);
INSERT INTO REGLA (ID, DESCRIPCION, ALOJAMIENTO_ID) VALUES (83, 'descripcion83', 163);
INSERT INTO SEGURO (ID, CARACTERISTICAS, COSTO, VIGENCIA, ALOJAMIENTO_ID) VALUES (83, 'caracteristiccas83',487369,TO_DATE('2020-05-03', 'YYYY-MM-DD'), 163);
INSERT INTO HABITACION (ID, CAPACIDAD, TIPO, ALOJAMIENTO_ID) VALUES (83, 1, 2, 163);
INSERT INTO MENAJE (ID, DESCRIPCION, DISPONIBILIDAD, ALOJAMIENTO_ID) VALUES (83, 'descripcion83', 0, 163);
INSERT INTO SERVICIOS_ALOJAMIENTOS (ALOJAMIENTO_ID, SERVICIO_ID) VALUES (94, 15);
INSERT INTO REGLA (ID, DESCRIPCION, ALOJAMIENTO_ID) VALUES (84, 'descripcion84', 108);
INSERT INTO SEGURO (ID, CARACTERISTICAS, COSTO, VIGENCIA, ALOJAMIENTO_ID) VALUES (84, 'caracteristiccas84',67433,TO_DATE('2020-05-03', 'YYYY-MM-DD'), 108);
INSERT INTO HABITACION (ID, CAPACIDAD, TIPO, ALOJAMIENTO_ID) VALUES (84, 10, 3, 108);
INSERT INTO MENAJE (ID, DESCRIPCION, DISPONIBILIDAD, ALOJAMIENTO_ID) VALUES (84, 'descripcion84', 0, 108);
INSERT INTO SERVICIOS_ALOJAMIENTOS (ALOJAMIENTO_ID, SERVICIO_ID) VALUES (105, 20);
INSERT INTO REGLA (ID, DESCRIPCION, ALOJAMIENTO_ID) VALUES (85, 'descripcion85', 112);
INSERT INTO SEGURO (ID, CARACTERISTICAS, COSTO, VIGENCIA, ALOJAMIENTO_ID) VALUES (85, 'caracteristiccas85',467939,TO_DATE('2020-05-03', 'YYYY-MM-DD'), 112);
INSERT INTO HABITACION (ID, CAPACIDAD, TIPO, ALOJAMIENTO_ID) VALUES (85, 2, 1, 112);
INSERT INTO MENAJE (ID, DESCRIPCION, DISPONIBILIDAD, ALOJAMIENTO_ID) VALUES (85, 'descripcion85', 1, 112);
INSERT INTO SERVICIOS_ALOJAMIENTOS (ALOJAMIENTO_ID, SERVICIO_ID) VALUES (164, 43);
INSERT INTO REGLA (ID, DESCRIPCION, ALOJAMIENTO_ID) VALUES (86, 'descripcion86', 29);
INSERT INTO SEGURO (ID, CARACTERISTICAS, COSTO, VIGENCIA, ALOJAMIENTO_ID) VALUES (86, 'caracteristiccas86',849654,TO_DATE('2020-05-03', 'YYYY-MM-DD'), 29);
INSERT INTO HABITACION (ID, CAPACIDAD, TIPO, ALOJAMIENTO_ID) VALUES (86, 1, 2, 29);
INSERT INTO MENAJE (ID, DESCRIPCION, DISPONIBILIDAD, ALOJAMIENTO_ID) VALUES (86, 'descripcion86', 1, 29);
INSERT INTO SERVICIOS_ALOJAMIENTOS (ALOJAMIENTO_ID, SERVICIO_ID) VALUES (103, 40);
INSERT INTO REGLA (ID, DESCRIPCION, ALOJAMIENTO_ID) VALUES (87, 'descripcion87', 43);
INSERT INTO SEGURO (ID, CARACTERISTICAS, COSTO, VIGENCIA, ALOJAMIENTO_ID) VALUES (87, 'caracteristiccas87',978942,TO_DATE('2020-05-03', 'YYYY-MM-DD'), 43);
INSERT INTO HABITACION (ID, CAPACIDAD, TIPO, ALOJAMIENTO_ID) VALUES (87, 9, 1, 43);
INSERT INTO MENAJE (ID, DESCRIPCION, DISPONIBILIDAD, ALOJAMIENTO_ID) VALUES (87, 'descripcion87', 1, 43);
INSERT INTO SERVICIOS_ALOJAMIENTOS (ALOJAMIENTO_ID, SERVICIO_ID) VALUES (47, 17);
INSERT INTO REGLA (ID, DESCRIPCION, ALOJAMIENTO_ID) VALUES (88, 'descripcion88', 179);
INSERT INTO SEGURO (ID, CARACTERISTICAS, COSTO, VIGENCIA, ALOJAMIENTO_ID) VALUES (88, 'caracteristiccas88',558105,TO_DATE('2020-05-03', 'YYYY-MM-DD'), 179);
INSERT INTO HABITACION (ID, CAPACIDAD, TIPO, ALOJAMIENTO_ID) VALUES (88, 6, 3, 179);
INSERT INTO MENAJE (ID, DESCRIPCION, DISPONIBILIDAD, ALOJAMIENTO_ID) VALUES (88, 'descripcion88', 1, 179);
INSERT INTO SERVICIOS_ALOJAMIENTOS (ALOJAMIENTO_ID, SERVICIO_ID) VALUES (158, 25);
INSERT INTO REGLA (ID, DESCRIPCION, ALOJAMIENTO_ID) VALUES (89, 'descripcion89', 13);
INSERT INTO SEGURO (ID, CARACTERISTICAS, COSTO, VIGENCIA, ALOJAMIENTO_ID) VALUES (89, 'caracteristiccas89',787619,TO_DATE('2020-05-03', 'YYYY-MM-DD'), 13);
INSERT INTO HABITACION (ID, CAPACIDAD, TIPO, ALOJAMIENTO_ID) VALUES (89, 5, 0, 13);
INSERT INTO MENAJE (ID, DESCRIPCION, DISPONIBILIDAD, ALOJAMIENTO_ID) VALUES (89, 'descripcion89', 0, 13);
INSERT INTO SERVICIOS_ALOJAMIENTOS (ALOJAMIENTO_ID, SERVICIO_ID) VALUES (70, 7);
INSERT INTO REGLA (ID, DESCRIPCION, ALOJAMIENTO_ID) VALUES (90, 'descripcion90', 5);
INSERT INTO SEGURO (ID, CARACTERISTICAS, COSTO, VIGENCIA, ALOJAMIENTO_ID) VALUES (90, 'caracteristiccas90',567644,TO_DATE('2020-05-03', 'YYYY-MM-DD'), 5);
INSERT INTO HABITACION (ID, CAPACIDAD, TIPO, ALOJAMIENTO_ID) VALUES (90, 1, 1, 5);
INSERT INTO MENAJE (ID, DESCRIPCION, DISPONIBILIDAD, ALOJAMIENTO_ID) VALUES (90, 'descripcion90', 0, 5);
INSERT INTO SERVICIOS_ALOJAMIENTOS (ALOJAMIENTO_ID, SERVICIO_ID) VALUES (36, 15);
INSERT INTO REGLA (ID, DESCRIPCION, ALOJAMIENTO_ID) VALUES (91, 'descripcion91', 97);
INSERT INTO SEGURO (ID, CARACTERISTICAS, COSTO, VIGENCIA, ALOJAMIENTO_ID) VALUES (91, 'caracteristiccas91',594238,TO_DATE('2020-05-03', 'YYYY-MM-DD'), 97);
INSERT INTO HABITACION (ID, CAPACIDAD, TIPO, ALOJAMIENTO_ID) VALUES (91, 2, 1, 97);
INSERT INTO MENAJE (ID, DESCRIPCION, DISPONIBILIDAD, ALOJAMIENTO_ID) VALUES (91, 'descripcion91', 1, 97);
INSERT INTO SERVICIOS_ALOJAMIENTOS (ALOJAMIENTO_ID, SERVICIO_ID) VALUES (19, 39);
INSERT INTO REGLA (ID, DESCRIPCION, ALOJAMIENTO_ID) VALUES (92, 'descripcion92', 12);
INSERT INTO SEGURO (ID, CARACTERISTICAS, COSTO, VIGENCIA, ALOJAMIENTO_ID) VALUES (92, 'caracteristiccas92',798085,TO_DATE('2020-05-03', 'YYYY-MM-DD'), 12);
INSERT INTO HABITACION (ID, CAPACIDAD, TIPO, ALOJAMIENTO_ID) VALUES (92, 1, 3, 12);
INSERT INTO MENAJE (ID, DESCRIPCION, DISPONIBILIDAD, ALOJAMIENTO_ID) VALUES (92, 'descripcion92', 1, 12);
INSERT INTO SERVICIOS_ALOJAMIENTOS (ALOJAMIENTO_ID, SERVICIO_ID) VALUES (45, 27);
INSERT INTO REGLA (ID, DESCRIPCION, ALOJAMIENTO_ID) VALUES (93, 'descripcion93', 83);
INSERT INTO SEGURO (ID, CARACTERISTICAS, COSTO, VIGENCIA, ALOJAMIENTO_ID) VALUES (93, 'caracteristiccas93',490505,TO_DATE('2020-05-03', 'YYYY-MM-DD'), 83);
INSERT INTO HABITACION (ID, CAPACIDAD, TIPO, ALOJAMIENTO_ID) VALUES (93, 3, 2, 83);
INSERT INTO MENAJE (ID, DESCRIPCION, DISPONIBILIDAD, ALOJAMIENTO_ID) VALUES (93, 'descripcion93', 0, 83);
INSERT INTO SERVICIOS_ALOJAMIENTOS (ALOJAMIENTO_ID, SERVICIO_ID) VALUES (153, 28);
INSERT INTO REGLA (ID, DESCRIPCION, ALOJAMIENTO_ID) VALUES (94, 'descripcion94', 10);
INSERT INTO SEGURO (ID, CARACTERISTICAS, COSTO, VIGENCIA, ALOJAMIENTO_ID) VALUES (94, 'caracteristiccas94',648019,TO_DATE('2020-05-03', 'YYYY-MM-DD'), 10);
INSERT INTO HABITACION (ID, CAPACIDAD, TIPO, ALOJAMIENTO_ID) VALUES (94, 10, 1, 10);
INSERT INTO MENAJE (ID, DESCRIPCION, DISPONIBILIDAD, ALOJAMIENTO_ID) VALUES (94, 'descripcion94', 1, 10);
INSERT INTO SERVICIOS_ALOJAMIENTOS (ALOJAMIENTO_ID, SERVICIO_ID) VALUES (32, 17);
INSERT INTO REGLA (ID, DESCRIPCION, ALOJAMIENTO_ID) VALUES (95, 'descripcion95', 108);
INSERT INTO SEGURO (ID, CARACTERISTICAS, COSTO, VIGENCIA, ALOJAMIENTO_ID) VALUES (95, 'caracteristiccas95',206255,TO_DATE('2020-05-03', 'YYYY-MM-DD'), 108);
INSERT INTO HABITACION (ID, CAPACIDAD, TIPO, ALOJAMIENTO_ID) VALUES (95, 6, 3, 108);
INSERT INTO MENAJE (ID, DESCRIPCION, DISPONIBILIDAD, ALOJAMIENTO_ID) VALUES (95, 'descripcion95', 1, 108);
INSERT INTO SERVICIOS_ALOJAMIENTOS (ALOJAMIENTO_ID, SERVICIO_ID) VALUES (115, 49);
INSERT INTO REGLA (ID, DESCRIPCION, ALOJAMIENTO_ID) VALUES (96, 'descripcion96', 174);
INSERT INTO SEGURO (ID, CARACTERISTICAS, COSTO, VIGENCIA, ALOJAMIENTO_ID) VALUES (96, 'caracteristiccas96',180547,TO_DATE('2020-05-03', 'YYYY-MM-DD'), 174);
INSERT INTO HABITACION (ID, CAPACIDAD, TIPO, ALOJAMIENTO_ID) VALUES (96, 2, 3, 174);
INSERT INTO MENAJE (ID, DESCRIPCION, DISPONIBILIDAD, ALOJAMIENTO_ID) VALUES (96, 'descripcion96', 0, 174);
INSERT INTO SERVICIOS_ALOJAMIENTOS (ALOJAMIENTO_ID, SERVICIO_ID) VALUES (72, 4);
INSERT INTO REGLA (ID, DESCRIPCION, ALOJAMIENTO_ID) VALUES (97, 'descripcion97', 32);
INSERT INTO SEGURO (ID, CARACTERISTICAS, COSTO, VIGENCIA, ALOJAMIENTO_ID) VALUES (97, 'caracteristiccas97',181179,TO_DATE('2020-05-03', 'YYYY-MM-DD'), 32);
INSERT INTO HABITACION (ID, CAPACIDAD, TIPO, ALOJAMIENTO_ID) VALUES (97, 2, 2, 32);
INSERT INTO MENAJE (ID, DESCRIPCION, DISPONIBILIDAD, ALOJAMIENTO_ID) VALUES (97, 'descripcion97', 0, 32);
INSERT INTO SERVICIOS_ALOJAMIENTOS (ALOJAMIENTO_ID, SERVICIO_ID) VALUES (101, 19);
INSERT INTO REGLA (ID, DESCRIPCION, ALOJAMIENTO_ID) VALUES (98, 'descripcion98', 43);
INSERT INTO SEGURO (ID, CARACTERISTICAS, COSTO, VIGENCIA, ALOJAMIENTO_ID) VALUES (98, 'caracteristiccas98',96559,TO_DATE('2020-05-03', 'YYYY-MM-DD'), 43);
INSERT INTO HABITACION (ID, CAPACIDAD, TIPO, ALOJAMIENTO_ID) VALUES (98, 5, 2, 43);
INSERT INTO MENAJE (ID, DESCRIPCION, DISPONIBILIDAD, ALOJAMIENTO_ID) VALUES (98, 'descripcion98', 1, 43);
INSERT INTO SERVICIOS_ALOJAMIENTOS (ALOJAMIENTO_ID, SERVICIO_ID) VALUES (88, 49);
INSERT INTO REGLA (ID, DESCRIPCION, ALOJAMIENTO_ID) VALUES (99, 'descripcion99', 72);
INSERT INTO SEGURO (ID, CARACTERISTICAS, COSTO, VIGENCIA, ALOJAMIENTO_ID) VALUES (99, 'caracteristiccas99',398738,TO_DATE('2020-05-03', 'YYYY-MM-DD'), 72);
INSERT INTO HABITACION (ID, CAPACIDAD, TIPO, ALOJAMIENTO_ID) VALUES (99, 5, 3, 72);
INSERT INTO MENAJE (ID, DESCRIPCION, DISPONIBILIDAD, ALOJAMIENTO_ID) VALUES (99, 'descripcion99', 1, 72);
INSERT INTO SERVICIOS_ALOJAMIENTOS (ALOJAMIENTO_ID, SERVICIO_ID) VALUES (111, 42);
INSERT INTO REGLA (ID, DESCRIPCION, ALOJAMIENTO_ID) VALUES (100, 'descripcion100', 56);
INSERT INTO SEGURO (ID, CARACTERISTICAS, COSTO, VIGENCIA, ALOJAMIENTO_ID) VALUES (100, 'caracteristiccas100',113285,TO_DATE('2020-05-03', 'YYYY-MM-DD'), 56);
INSERT INTO HABITACION (ID, CAPACIDAD, TIPO, ALOJAMIENTO_ID) VALUES (100, 10, 2, 56);
INSERT INTO MENAJE (ID, DESCRIPCION, DISPONIBILIDAD, ALOJAMIENTO_ID) VALUES (100, 'descripcion100', 0, 56);
INSERT INTO SERVICIOS_ALOJAMIENTOS (ALOJAMIENTO_ID, SERVICIO_ID) VALUES (87, 30);
INSERT INTO REGLA (ID, DESCRIPCION, ALOJAMIENTO_ID) VALUES (101, 'descripcion101', 44);
INSERT INTO SEGURO (ID, CARACTERISTICAS, COSTO, VIGENCIA, ALOJAMIENTO_ID) VALUES (101, 'caracteristiccas101',3924,TO_DATE('2020-05-03', 'YYYY-MM-DD'), 44);
INSERT INTO HABITACION (ID, CAPACIDAD, TIPO, ALOJAMIENTO_ID) VALUES (101, 9, 3, 44);
INSERT INTO MENAJE (ID, DESCRIPCION, DISPONIBILIDAD, ALOJAMIENTO_ID) VALUES (101, 'descripcion101', 1, 44);
INSERT INTO SERVICIOS_ALOJAMIENTOS (ALOJAMIENTO_ID, SERVICIO_ID) VALUES (48, 12);
INSERT INTO REGLA (ID, DESCRIPCION, ALOJAMIENTO_ID) VALUES (102, 'descripcion102', 154);
INSERT INTO SEGURO (ID, CARACTERISTICAS, COSTO, VIGENCIA, ALOJAMIENTO_ID) VALUES (102, 'caracteristiccas102',931227,TO_DATE('2020-05-03', 'YYYY-MM-DD'), 154);
INSERT INTO HABITACION (ID, CAPACIDAD, TIPO, ALOJAMIENTO_ID) VALUES (102, 8, 0, 154);
INSERT INTO MENAJE (ID, DESCRIPCION, DISPONIBILIDAD, ALOJAMIENTO_ID) VALUES (102, 'descripcion102', 0, 154);
INSERT INTO SERVICIOS_ALOJAMIENTOS (ALOJAMIENTO_ID, SERVICIO_ID) VALUES (77, 13);
INSERT INTO REGLA (ID, DESCRIPCION, ALOJAMIENTO_ID) VALUES (103, 'descripcion103', 146);
INSERT INTO SEGURO (ID, CARACTERISTICAS, COSTO, VIGENCIA, ALOJAMIENTO_ID) VALUES (103, 'caracteristiccas103',785245,TO_DATE('2020-05-03', 'YYYY-MM-DD'), 146);
INSERT INTO HABITACION (ID, CAPACIDAD, TIPO, ALOJAMIENTO_ID) VALUES (103, 6, 0, 146);
INSERT INTO MENAJE (ID, DESCRIPCION, DISPONIBILIDAD, ALOJAMIENTO_ID) VALUES (103, 'descripcion103', 1, 146);
INSERT INTO SERVICIOS_ALOJAMIENTOS (ALOJAMIENTO_ID, SERVICIO_ID) VALUES (93, 21);
INSERT INTO REGLA (ID, DESCRIPCION, ALOJAMIENTO_ID) VALUES (104, 'descripcion104', 53);
INSERT INTO SEGURO (ID, CARACTERISTICAS, COSTO, VIGENCIA, ALOJAMIENTO_ID) VALUES (104, 'caracteristiccas104',93447,TO_DATE('2020-05-03', 'YYYY-MM-DD'), 53);
INSERT INTO HABITACION (ID, CAPACIDAD, TIPO, ALOJAMIENTO_ID) VALUES (104, 1, 2, 53);
INSERT INTO MENAJE (ID, DESCRIPCION, DISPONIBILIDAD, ALOJAMIENTO_ID) VALUES (104, 'descripcion104', 1, 53);
INSERT INTO SERVICIOS_ALOJAMIENTOS (ALOJAMIENTO_ID, SERVICIO_ID) VALUES (121, 42);
INSERT INTO REGLA (ID, DESCRIPCION, ALOJAMIENTO_ID) VALUES (105, 'descripcion105', 41);
INSERT INTO SEGURO (ID, CARACTERISTICAS, COSTO, VIGENCIA, ALOJAMIENTO_ID) VALUES (105, 'caracteristiccas105',425562,TO_DATE('2020-05-03', 'YYYY-MM-DD'), 41);
INSERT INTO HABITACION (ID, CAPACIDAD, TIPO, ALOJAMIENTO_ID) VALUES (105, 5, 0, 41);
INSERT INTO MENAJE (ID, DESCRIPCION, DISPONIBILIDAD, ALOJAMIENTO_ID) VALUES (105, 'descripcion105', 1, 41);
INSERT INTO SERVICIOS_ALOJAMIENTOS (ALOJAMIENTO_ID, SERVICIO_ID) VALUES (149, 16);
INSERT INTO REGLA (ID, DESCRIPCION, ALOJAMIENTO_ID) VALUES (106, 'descripcion106', 83);
INSERT INTO SEGURO (ID, CARACTERISTICAS, COSTO, VIGENCIA, ALOJAMIENTO_ID) VALUES (106, 'caracteristiccas106',271361,TO_DATE('2020-05-03', 'YYYY-MM-DD'), 83);
INSERT INTO HABITACION (ID, CAPACIDAD, TIPO, ALOJAMIENTO_ID) VALUES (106, 1, 0, 83);
INSERT INTO MENAJE (ID, DESCRIPCION, DISPONIBILIDAD, ALOJAMIENTO_ID) VALUES (106, 'descripcion106', 1, 83);
INSERT INTO SERVICIOS_ALOJAMIENTOS (ALOJAMIENTO_ID, SERVICIO_ID) VALUES (170, 23);
INSERT INTO REGLA (ID, DESCRIPCION, ALOJAMIENTO_ID) VALUES (107, 'descripcion107', 163);
INSERT INTO SEGURO (ID, CARACTERISTICAS, COSTO, VIGENCIA, ALOJAMIENTO_ID) VALUES (107, 'caracteristiccas107',353969,TO_DATE('2020-05-03', 'YYYY-MM-DD'), 163);
INSERT INTO HABITACION (ID, CAPACIDAD, TIPO, ALOJAMIENTO_ID) VALUES (107, 3, 2, 163);
INSERT INTO MENAJE (ID, DESCRIPCION, DISPONIBILIDAD, ALOJAMIENTO_ID) VALUES (107, 'descripcion107', 0, 163);
INSERT INTO SERVICIOS_ALOJAMIENTOS (ALOJAMIENTO_ID, SERVICIO_ID) VALUES (175, 46);
INSERT INTO REGLA (ID, DESCRIPCION, ALOJAMIENTO_ID) VALUES (108, 'descripcion108', 97);
INSERT INTO SEGURO (ID, CARACTERISTICAS, COSTO, VIGENCIA, ALOJAMIENTO_ID) VALUES (108, 'caracteristiccas108',266576,TO_DATE('2020-05-03', 'YYYY-MM-DD'), 97);
INSERT INTO HABITACION (ID, CAPACIDAD, TIPO, ALOJAMIENTO_ID) VALUES (108, 11, 0, 97);
INSERT INTO MENAJE (ID, DESCRIPCION, DISPONIBILIDAD, ALOJAMIENTO_ID) VALUES (108, 'descripcion108', 1, 97);
INSERT INTO SERVICIOS_ALOJAMIENTOS (ALOJAMIENTO_ID, SERVICIO_ID) VALUES (114, 39);
INSERT INTO REGLA (ID, DESCRIPCION, ALOJAMIENTO_ID) VALUES (109, 'descripcion109', 37);
INSERT INTO SEGURO (ID, CARACTERISTICAS, COSTO, VIGENCIA, ALOJAMIENTO_ID) VALUES (109, 'caracteristiccas109',630689,TO_DATE('2020-05-03', 'YYYY-MM-DD'), 37);
INSERT INTO HABITACION (ID, CAPACIDAD, TIPO, ALOJAMIENTO_ID) VALUES (109, 7, 2, 37);
INSERT INTO MENAJE (ID, DESCRIPCION, DISPONIBILIDAD, ALOJAMIENTO_ID) VALUES (109, 'descripcion109', 0, 37);
INSERT INTO SERVICIOS_ALOJAMIENTOS (ALOJAMIENTO_ID, SERVICIO_ID) VALUES (158, 48);
INSERT INTO REGLA (ID, DESCRIPCION, ALOJAMIENTO_ID) VALUES (110, 'descripcion110', 65);
INSERT INTO SEGURO (ID, CARACTERISTICAS, COSTO, VIGENCIA, ALOJAMIENTO_ID) VALUES (110, 'caracteristiccas110',512008,TO_DATE('2020-05-03', 'YYYY-MM-DD'), 65);
INSERT INTO HABITACION (ID, CAPACIDAD, TIPO, ALOJAMIENTO_ID) VALUES (110, 3, 1, 65);
INSERT INTO MENAJE (ID, DESCRIPCION, DISPONIBILIDAD, ALOJAMIENTO_ID) VALUES (110, 'descripcion110', 0, 65);
INSERT INTO SERVICIOS_ALOJAMIENTOS (ALOJAMIENTO_ID, SERVICIO_ID) VALUES (67, 4);
INSERT INTO REGLA (ID, DESCRIPCION, ALOJAMIENTO_ID) VALUES (111, 'descripcion111', 161);
INSERT INTO SEGURO (ID, CARACTERISTICAS, COSTO, VIGENCIA, ALOJAMIENTO_ID) VALUES (111, 'caracteristiccas111',683844,TO_DATE('2020-05-03', 'YYYY-MM-DD'), 161);
INSERT INTO HABITACION (ID, CAPACIDAD, TIPO, ALOJAMIENTO_ID) VALUES (111, 1, 3, 161);
INSERT INTO MENAJE (ID, DESCRIPCION, DISPONIBILIDAD, ALOJAMIENTO_ID) VALUES (111, 'descripcion111', 1, 161);
INSERT INTO SERVICIOS_ALOJAMIENTOS (ALOJAMIENTO_ID, SERVICIO_ID) VALUES (140, 27);
INSERT INTO REGLA (ID, DESCRIPCION, ALOJAMIENTO_ID) VALUES (112, 'descripcion112', 64);
INSERT INTO SEGURO (ID, CARACTERISTICAS, COSTO, VIGENCIA, ALOJAMIENTO_ID) VALUES (112, 'caracteristiccas112',104841,TO_DATE('2020-05-03', 'YYYY-MM-DD'), 64);
INSERT INTO HABITACION (ID, CAPACIDAD, TIPO, ALOJAMIENTO_ID) VALUES (112, 3, 0, 64);
INSERT INTO MENAJE (ID, DESCRIPCION, DISPONIBILIDAD, ALOJAMIENTO_ID) VALUES (112, 'descripcion112', 1, 64);
INSERT INTO SERVICIOS_ALOJAMIENTOS (ALOJAMIENTO_ID, SERVICIO_ID) VALUES (118, 38);
INSERT INTO REGLA (ID, DESCRIPCION, ALOJAMIENTO_ID) VALUES (113, 'descripcion113', 89);
INSERT INTO SEGURO (ID, CARACTERISTICAS, COSTO, VIGENCIA, ALOJAMIENTO_ID) VALUES (113, 'caracteristiccas113',565299,TO_DATE('2020-05-03', 'YYYY-MM-DD'), 89);
INSERT INTO HABITACION (ID, CAPACIDAD, TIPO, ALOJAMIENTO_ID) VALUES (113, 3, 0, 89);
INSERT INTO MENAJE (ID, DESCRIPCION, DISPONIBILIDAD, ALOJAMIENTO_ID) VALUES (113, 'descripcion113', 0, 89);
INSERT INTO SERVICIOS_ALOJAMIENTOS (ALOJAMIENTO_ID, SERVICIO_ID) VALUES (146, 38);
INSERT INTO REGLA (ID, DESCRIPCION, ALOJAMIENTO_ID) VALUES (114, 'descripcion114', 178);
INSERT INTO SEGURO (ID, CARACTERISTICAS, COSTO, VIGENCIA, ALOJAMIENTO_ID) VALUES (114, 'caracteristiccas114',481097,TO_DATE('2020-05-03', 'YYYY-MM-DD'), 178);
INSERT INTO HABITACION (ID, CAPACIDAD, TIPO, ALOJAMIENTO_ID) VALUES (114, 7, 2, 178);
INSERT INTO MENAJE (ID, DESCRIPCION, DISPONIBILIDAD, ALOJAMIENTO_ID) VALUES (114, 'descripcion114', 0, 178);
INSERT INTO SERVICIOS_ALOJAMIENTOS (ALOJAMIENTO_ID, SERVICIO_ID) VALUES (88, 12);
INSERT INTO REGLA (ID, DESCRIPCION, ALOJAMIENTO_ID) VALUES (115, 'descripcion115', 164);
INSERT INTO SEGURO (ID, CARACTERISTICAS, COSTO, VIGENCIA, ALOJAMIENTO_ID) VALUES (115, 'caracteristiccas115',11397,TO_DATE('2020-05-03', 'YYYY-MM-DD'), 164);
INSERT INTO HABITACION (ID, CAPACIDAD, TIPO, ALOJAMIENTO_ID) VALUES (115, 9, 1, 164);
INSERT INTO MENAJE (ID, DESCRIPCION, DISPONIBILIDAD, ALOJAMIENTO_ID) VALUES (115, 'descripcion115', 0, 164);
INSERT INTO SERVICIOS_ALOJAMIENTOS (ALOJAMIENTO_ID, SERVICIO_ID) VALUES (110, 29);
INSERT INTO REGLA (ID, DESCRIPCION, ALOJAMIENTO_ID) VALUES (116, 'descripcion116', 109);
INSERT INTO SEGURO (ID, CARACTERISTICAS, COSTO, VIGENCIA, ALOJAMIENTO_ID) VALUES (116, 'caracteristiccas116',146825,TO_DATE('2020-05-03', 'YYYY-MM-DD'), 109);
INSERT INTO HABITACION (ID, CAPACIDAD, TIPO, ALOJAMIENTO_ID) VALUES (116, 11, 0, 109);
INSERT INTO MENAJE (ID, DESCRIPCION, DISPONIBILIDAD, ALOJAMIENTO_ID) VALUES (116, 'descripcion116', 0, 109);
INSERT INTO SERVICIOS_ALOJAMIENTOS (ALOJAMIENTO_ID, SERVICIO_ID) VALUES (75, 24);
INSERT INTO REGLA (ID, DESCRIPCION, ALOJAMIENTO_ID) VALUES (117, 'descripcion117', 66);
INSERT INTO SEGURO (ID, CARACTERISTICAS, COSTO, VIGENCIA, ALOJAMIENTO_ID) VALUES (117, 'caracteristiccas117',105357,TO_DATE('2020-05-03', 'YYYY-MM-DD'), 66);
INSERT INTO HABITACION (ID, CAPACIDAD, TIPO, ALOJAMIENTO_ID) VALUES (117, 6, 0, 66);
INSERT INTO MENAJE (ID, DESCRIPCION, DISPONIBILIDAD, ALOJAMIENTO_ID) VALUES (117, 'descripcion117', 1, 66);
INSERT INTO SERVICIOS_ALOJAMIENTOS (ALOJAMIENTO_ID, SERVICIO_ID) VALUES (58, 18);
INSERT INTO REGLA (ID, DESCRIPCION, ALOJAMIENTO_ID) VALUES (118, 'descripcion118', 155);
INSERT INTO SEGURO (ID, CARACTERISTICAS, COSTO, VIGENCIA, ALOJAMIENTO_ID) VALUES (118, 'caracteristiccas118',355681,TO_DATE('2020-05-03', 'YYYY-MM-DD'), 155);
INSERT INTO HABITACION (ID, CAPACIDAD, TIPO, ALOJAMIENTO_ID) VALUES (118, 4, 3, 155);
INSERT INTO MENAJE (ID, DESCRIPCION, DISPONIBILIDAD, ALOJAMIENTO_ID) VALUES (118, 'descripcion118', 1, 155);
INSERT INTO SERVICIOS_ALOJAMIENTOS (ALOJAMIENTO_ID, SERVICIO_ID) VALUES (167, 2);
INSERT INTO REGLA (ID, DESCRIPCION, ALOJAMIENTO_ID) VALUES (119, 'descripcion119', 31);
INSERT INTO SEGURO (ID, CARACTERISTICAS, COSTO, VIGENCIA, ALOJAMIENTO_ID) VALUES (119, 'caracteristiccas119',279977,TO_DATE('2020-05-03', 'YYYY-MM-DD'), 31);
INSERT INTO HABITACION (ID, CAPACIDAD, TIPO, ALOJAMIENTO_ID) VALUES (119, 9, 3, 31);
INSERT INTO MENAJE (ID, DESCRIPCION, DISPONIBILIDAD, ALOJAMIENTO_ID) VALUES (119, 'descripcion119', 0, 31);
INSERT INTO SERVICIOS_ALOJAMIENTOS (ALOJAMIENTO_ID, SERVICIO_ID) VALUES (99, 40);
INSERT INTO REGLA (ID, DESCRIPCION, ALOJAMIENTO_ID) VALUES (120, 'descripcion120', 148);
INSERT INTO SEGURO (ID, CARACTERISTICAS, COSTO, VIGENCIA, ALOJAMIENTO_ID) VALUES (120, 'caracteristiccas120',724349,TO_DATE('2020-05-03', 'YYYY-MM-DD'), 148);
INSERT INTO HABITACION (ID, CAPACIDAD, TIPO, ALOJAMIENTO_ID) VALUES (120, 7, 0, 148);
INSERT INTO MENAJE (ID, DESCRIPCION, DISPONIBILIDAD, ALOJAMIENTO_ID) VALUES (120, 'descripcion120', 1, 148);
INSERT INTO SERVICIOS_ALOJAMIENTOS (ALOJAMIENTO_ID, SERVICIO_ID) VALUES (84, 27);
INSERT INTO REGLA (ID, DESCRIPCION, ALOJAMIENTO_ID) VALUES (121, 'descripcion121', 171);
INSERT INTO SEGURO (ID, CARACTERISTICAS, COSTO, VIGENCIA, ALOJAMIENTO_ID) VALUES (121, 'caracteristiccas121',530444,TO_DATE('2020-05-03', 'YYYY-MM-DD'), 171);
INSERT INTO HABITACION (ID, CAPACIDAD, TIPO, ALOJAMIENTO_ID) VALUES (121, 3, 3, 171);
INSERT INTO MENAJE (ID, DESCRIPCION, DISPONIBILIDAD, ALOJAMIENTO_ID) VALUES (121, 'descripcion121', 1, 171);
INSERT INTO SERVICIOS_ALOJAMIENTOS (ALOJAMIENTO_ID, SERVICIO_ID) VALUES (183, 36);
INSERT INTO REGLA (ID, DESCRIPCION, ALOJAMIENTO_ID) VALUES (122, 'descripcion122', 141);
INSERT INTO SEGURO (ID, CARACTERISTICAS, COSTO, VIGENCIA, ALOJAMIENTO_ID) VALUES (122, 'caracteristiccas122',484711,TO_DATE('2020-05-03', 'YYYY-MM-DD'), 141);
INSERT INTO HABITACION (ID, CAPACIDAD, TIPO, ALOJAMIENTO_ID) VALUES (122, 4, 0, 141);
INSERT INTO MENAJE (ID, DESCRIPCION, DISPONIBILIDAD, ALOJAMIENTO_ID) VALUES (122, 'descripcion122', 0, 141);
INSERT INTO SERVICIOS_ALOJAMIENTOS (ALOJAMIENTO_ID, SERVICIO_ID) VALUES (87, 47);
INSERT INTO REGLA (ID, DESCRIPCION, ALOJAMIENTO_ID) VALUES (123, 'descripcion123', 18);
INSERT INTO SEGURO (ID, CARACTERISTICAS, COSTO, VIGENCIA, ALOJAMIENTO_ID) VALUES (123, 'caracteristiccas123',254074,TO_DATE('2020-05-03', 'YYYY-MM-DD'), 18);
INSERT INTO HABITACION (ID, CAPACIDAD, TIPO, ALOJAMIENTO_ID) VALUES (123, 3, 1, 18);
INSERT INTO MENAJE (ID, DESCRIPCION, DISPONIBILIDAD, ALOJAMIENTO_ID) VALUES (123, 'descripcion123', 0, 18);
INSERT INTO SERVICIOS_ALOJAMIENTOS (ALOJAMIENTO_ID, SERVICIO_ID) VALUES (175, 11);
INSERT INTO REGLA (ID, DESCRIPCION, ALOJAMIENTO_ID) VALUES (124, 'descripcion124', 33);
INSERT INTO SEGURO (ID, CARACTERISTICAS, COSTO, VIGENCIA, ALOJAMIENTO_ID) VALUES (124, 'caracteristiccas124',597130,TO_DATE('2020-05-03', 'YYYY-MM-DD'), 33);
INSERT INTO HABITACION (ID, CAPACIDAD, TIPO, ALOJAMIENTO_ID) VALUES (124, 9, 3, 33);
INSERT INTO MENAJE (ID, DESCRIPCION, DISPONIBILIDAD, ALOJAMIENTO_ID) VALUES (124, 'descripcion124', 1, 33);
INSERT INTO SERVICIOS_ALOJAMIENTOS (ALOJAMIENTO_ID, SERVICIO_ID) VALUES (101, 6);
INSERT INTO REGLA (ID, DESCRIPCION, ALOJAMIENTO_ID) VALUES (125, 'descripcion125', 110);
INSERT INTO SEGURO (ID, CARACTERISTICAS, COSTO, VIGENCIA, ALOJAMIENTO_ID) VALUES (125, 'caracteristiccas125',153162,TO_DATE('2020-05-03', 'YYYY-MM-DD'), 110);
INSERT INTO HABITACION (ID, CAPACIDAD, TIPO, ALOJAMIENTO_ID) VALUES (125, 1, 2, 110);
INSERT INTO MENAJE (ID, DESCRIPCION, DISPONIBILIDAD, ALOJAMIENTO_ID) VALUES (125, 'descripcion125', 1, 110);
INSERT INTO SERVICIOS_ALOJAMIENTOS (ALOJAMIENTO_ID, SERVICIO_ID) VALUES (97, 41);
INSERT INTO REGLA (ID, DESCRIPCION, ALOJAMIENTO_ID) VALUES (126, 'descripcion126', 127);
INSERT INTO SEGURO (ID, CARACTERISTICAS, COSTO, VIGENCIA, ALOJAMIENTO_ID) VALUES (126, 'caracteristiccas126',58508,TO_DATE('2020-05-03', 'YYYY-MM-DD'), 127);
INSERT INTO HABITACION (ID, CAPACIDAD, TIPO, ALOJAMIENTO_ID) VALUES (126, 3, 0, 127);
INSERT INTO MENAJE (ID, DESCRIPCION, DISPONIBILIDAD, ALOJAMIENTO_ID) VALUES (126, 'descripcion126', 1, 127);
INSERT INTO SERVICIOS_ALOJAMIENTOS (ALOJAMIENTO_ID, SERVICIO_ID) VALUES (122, 11);
INSERT INTO REGLA (ID, DESCRIPCION, ALOJAMIENTO_ID) VALUES (127, 'descripcion127', 57);
INSERT INTO SEGURO (ID, CARACTERISTICAS, COSTO, VIGENCIA, ALOJAMIENTO_ID) VALUES (127, 'caracteristiccas127',472934,TO_DATE('2020-05-03', 'YYYY-MM-DD'), 57);
INSERT INTO HABITACION (ID, CAPACIDAD, TIPO, ALOJAMIENTO_ID) VALUES (127, 8, 1, 57);
INSERT INTO MENAJE (ID, DESCRIPCION, DISPONIBILIDAD, ALOJAMIENTO_ID) VALUES (127, 'descripcion127', 0, 57);
INSERT INTO SERVICIOS_ALOJAMIENTOS (ALOJAMIENTO_ID, SERVICIO_ID) VALUES (100, 7);
INSERT INTO REGLA (ID, DESCRIPCION, ALOJAMIENTO_ID) VALUES (128, 'descripcion128', 174);
INSERT INTO SEGURO (ID, CARACTERISTICAS, COSTO, VIGENCIA, ALOJAMIENTO_ID) VALUES (128, 'caracteristiccas128',705357,TO_DATE('2020-05-03', 'YYYY-MM-DD'), 174);
INSERT INTO HABITACION (ID, CAPACIDAD, TIPO, ALOJAMIENTO_ID) VALUES (128, 2, 3, 174);
INSERT INTO MENAJE (ID, DESCRIPCION, DISPONIBILIDAD, ALOJAMIENTO_ID) VALUES (128, 'descripcion128', 0, 174);
INSERT INTO SERVICIOS_ALOJAMIENTOS (ALOJAMIENTO_ID, SERVICIO_ID) VALUES (135, 26);
INSERT INTO REGLA (ID, DESCRIPCION, ALOJAMIENTO_ID) VALUES (129, 'descripcion129', 6);
INSERT INTO SEGURO (ID, CARACTERISTICAS, COSTO, VIGENCIA, ALOJAMIENTO_ID) VALUES (129, 'caracteristiccas129',841503,TO_DATE('2020-05-03', 'YYYY-MM-DD'), 6);
INSERT INTO HABITACION (ID, CAPACIDAD, TIPO, ALOJAMIENTO_ID) VALUES (129, 3, 2, 6);
INSERT INTO MENAJE (ID, DESCRIPCION, DISPONIBILIDAD, ALOJAMIENTO_ID) VALUES (129, 'descripcion129', 0, 6);
INSERT INTO SERVICIOS_ALOJAMIENTOS (ALOJAMIENTO_ID, SERVICIO_ID) VALUES (52, 20);
INSERT INTO REGLA (ID, DESCRIPCION, ALOJAMIENTO_ID) VALUES (130, 'descripcion130', 126);
INSERT INTO SEGURO (ID, CARACTERISTICAS, COSTO, VIGENCIA, ALOJAMIENTO_ID) VALUES (130, 'caracteristiccas130',235570,TO_DATE('2020-05-03', 'YYYY-MM-DD'), 126);
INSERT INTO HABITACION (ID, CAPACIDAD, TIPO, ALOJAMIENTO_ID) VALUES (130, 7, 2, 126);
INSERT INTO MENAJE (ID, DESCRIPCION, DISPONIBILIDAD, ALOJAMIENTO_ID) VALUES (130, 'descripcion130', 0, 126);
INSERT INTO SERVICIOS_ALOJAMIENTOS (ALOJAMIENTO_ID, SERVICIO_ID) VALUES (141, 6);
INSERT INTO REGLA (ID, DESCRIPCION, ALOJAMIENTO_ID) VALUES (131, 'descripcion131', 48);
INSERT INTO SEGURO (ID, CARACTERISTICAS, COSTO, VIGENCIA, ALOJAMIENTO_ID) VALUES (131, 'caracteristiccas131',343719,TO_DATE('2020-05-03', 'YYYY-MM-DD'), 48);
INSERT INTO HABITACION (ID, CAPACIDAD, TIPO, ALOJAMIENTO_ID) VALUES (131, 8, 1, 48);
INSERT INTO MENAJE (ID, DESCRIPCION, DISPONIBILIDAD, ALOJAMIENTO_ID) VALUES (131, 'descripcion131', 0, 48);
INSERT INTO SERVICIOS_ALOJAMIENTOS (ALOJAMIENTO_ID, SERVICIO_ID) VALUES (150, 6);
INSERT INTO REGLA (ID, DESCRIPCION, ALOJAMIENTO_ID) VALUES (132, 'descripcion132', 166);
INSERT INTO SEGURO (ID, CARACTERISTICAS, COSTO, VIGENCIA, ALOJAMIENTO_ID) VALUES (132, 'caracteristiccas132',113334,TO_DATE('2020-05-03', 'YYYY-MM-DD'), 166);
INSERT INTO HABITACION (ID, CAPACIDAD, TIPO, ALOJAMIENTO_ID) VALUES (132, 8, 2, 166);
INSERT INTO MENAJE (ID, DESCRIPCION, DISPONIBILIDAD, ALOJAMIENTO_ID) VALUES (132, 'descripcion132', 0, 166);
INSERT INTO SERVICIOS_ALOJAMIENTOS (ALOJAMIENTO_ID, SERVICIO_ID) VALUES (20, 13);
INSERT INTO REGLA (ID, DESCRIPCION, ALOJAMIENTO_ID) VALUES (133, 'descripcion133', 16);
INSERT INTO SEGURO (ID, CARACTERISTICAS, COSTO, VIGENCIA, ALOJAMIENTO_ID) VALUES (133, 'caracteristiccas133',382518,TO_DATE('2020-05-03', 'YYYY-MM-DD'), 16);
INSERT INTO HABITACION (ID, CAPACIDAD, TIPO, ALOJAMIENTO_ID) VALUES (133, 2, 0, 16);
INSERT INTO MENAJE (ID, DESCRIPCION, DISPONIBILIDAD, ALOJAMIENTO_ID) VALUES (133, 'descripcion133', 1, 16);
INSERT INTO SERVICIOS_ALOJAMIENTOS (ALOJAMIENTO_ID, SERVICIO_ID) VALUES (120, 9);
INSERT INTO REGLA (ID, DESCRIPCION, ALOJAMIENTO_ID) VALUES (134, 'descripcion134', 138);
INSERT INTO SEGURO (ID, CARACTERISTICAS, COSTO, VIGENCIA, ALOJAMIENTO_ID) VALUES (134, 'caracteristiccas134',654553,TO_DATE('2020-05-03', 'YYYY-MM-DD'), 138);
INSERT INTO HABITACION (ID, CAPACIDAD, TIPO, ALOJAMIENTO_ID) VALUES (134, 5, 0, 138);
INSERT INTO MENAJE (ID, DESCRIPCION, DISPONIBILIDAD, ALOJAMIENTO_ID) VALUES (134, 'descripcion134', 1, 138);
INSERT INTO SERVICIOS_ALOJAMIENTOS (ALOJAMIENTO_ID, SERVICIO_ID) VALUES (45, 41);
INSERT INTO REGLA (ID, DESCRIPCION, ALOJAMIENTO_ID) VALUES (135, 'descripcion135', 64);
INSERT INTO SEGURO (ID, CARACTERISTICAS, COSTO, VIGENCIA, ALOJAMIENTO_ID) VALUES (135, 'caracteristiccas135',966366,TO_DATE('2020-05-03', 'YYYY-MM-DD'), 64);
INSERT INTO HABITACION (ID, CAPACIDAD, TIPO, ALOJAMIENTO_ID) VALUES (135, 8, 0, 64);
INSERT INTO MENAJE (ID, DESCRIPCION, DISPONIBILIDAD, ALOJAMIENTO_ID) VALUES (135, 'descripcion135', 0, 64);
INSERT INTO SERVICIOS_ALOJAMIENTOS (ALOJAMIENTO_ID, SERVICIO_ID) VALUES (56, 30);
INSERT INTO REGLA (ID, DESCRIPCION, ALOJAMIENTO_ID) VALUES (136, 'descripcion136', 72);
INSERT INTO SEGURO (ID, CARACTERISTICAS, COSTO, VIGENCIA, ALOJAMIENTO_ID) VALUES (136, 'caracteristiccas136',131832,TO_DATE('2020-05-03', 'YYYY-MM-DD'), 72);
INSERT INTO HABITACION (ID, CAPACIDAD, TIPO, ALOJAMIENTO_ID) VALUES (136, 5, 0, 72);
INSERT INTO MENAJE (ID, DESCRIPCION, DISPONIBILIDAD, ALOJAMIENTO_ID) VALUES (136, 'descripcion136', 1, 72);
INSERT INTO SERVICIOS_ALOJAMIENTOS (ALOJAMIENTO_ID, SERVICIO_ID) VALUES (85, 2);
INSERT INTO REGLA (ID, DESCRIPCION, ALOJAMIENTO_ID) VALUES (137, 'descripcion137', 97);
INSERT INTO SEGURO (ID, CARACTERISTICAS, COSTO, VIGENCIA, ALOJAMIENTO_ID) VALUES (137, 'caracteristiccas137',793455,TO_DATE('2020-05-03', 'YYYY-MM-DD'), 97);
INSERT INTO HABITACION (ID, CAPACIDAD, TIPO, ALOJAMIENTO_ID) VALUES (137, 9, 2, 97);
INSERT INTO MENAJE (ID, DESCRIPCION, DISPONIBILIDAD, ALOJAMIENTO_ID) VALUES (137, 'descripcion137', 1, 97);
INSERT INTO SERVICIOS_ALOJAMIENTOS (ALOJAMIENTO_ID, SERVICIO_ID) VALUES (80, 13);
INSERT INTO REGLA (ID, DESCRIPCION, ALOJAMIENTO_ID) VALUES (138, 'descripcion138', 97);
INSERT INTO SEGURO (ID, CARACTERISTICAS, COSTO, VIGENCIA, ALOJAMIENTO_ID) VALUES (138, 'caracteristiccas138',263750,TO_DATE('2020-05-03', 'YYYY-MM-DD'), 97);
INSERT INTO HABITACION (ID, CAPACIDAD, TIPO, ALOJAMIENTO_ID) VALUES (138, 1, 3, 97);
INSERT INTO MENAJE (ID, DESCRIPCION, DISPONIBILIDAD, ALOJAMIENTO_ID) VALUES (138, 'descripcion138', 1, 97);
INSERT INTO SERVICIOS_ALOJAMIENTOS (ALOJAMIENTO_ID, SERVICIO_ID) VALUES (3, 3);
INSERT INTO REGLA (ID, DESCRIPCION, ALOJAMIENTO_ID) VALUES (139, 'descripcion139', 13);
INSERT INTO SEGURO (ID, CARACTERISTICAS, COSTO, VIGENCIA, ALOJAMIENTO_ID) VALUES (139, 'caracteristiccas139',221510,TO_DATE('2020-05-03', 'YYYY-MM-DD'), 13);
INSERT INTO HABITACION (ID, CAPACIDAD, TIPO, ALOJAMIENTO_ID) VALUES (139, 5, 0, 13);
INSERT INTO MENAJE (ID, DESCRIPCION, DISPONIBILIDAD, ALOJAMIENTO_ID) VALUES (139, 'descripcion139', 1, 13);
INSERT INTO SERVICIOS_ALOJAMIENTOS (ALOJAMIENTO_ID, SERVICIO_ID) VALUES (150, 19);
INSERT INTO REGLA (ID, DESCRIPCION, ALOJAMIENTO_ID) VALUES (140, 'descripcion140', 84);
INSERT INTO SEGURO (ID, CARACTERISTICAS, COSTO, VIGENCIA, ALOJAMIENTO_ID) VALUES (140, 'caracteristiccas140',34679,TO_DATE('2020-05-03', 'YYYY-MM-DD'), 84);
INSERT INTO HABITACION (ID, CAPACIDAD, TIPO, ALOJAMIENTO_ID) VALUES (140, 4, 0, 84);
INSERT INTO MENAJE (ID, DESCRIPCION, DISPONIBILIDAD, ALOJAMIENTO_ID) VALUES (140, 'descripcion140', 1, 84);
INSERT INTO SERVICIOS_ALOJAMIENTOS (ALOJAMIENTO_ID, SERVICIO_ID) VALUES (40, 9);
INSERT INTO REGLA (ID, DESCRIPCION, ALOJAMIENTO_ID) VALUES (141, 'descripcion141', 147);
INSERT INTO SEGURO (ID, CARACTERISTICAS, COSTO, VIGENCIA, ALOJAMIENTO_ID) VALUES (141, 'caracteristiccas141',334959,TO_DATE('2020-05-03', 'YYYY-MM-DD'), 147);
INSERT INTO HABITACION (ID, CAPACIDAD, TIPO, ALOJAMIENTO_ID) VALUES (141, 10, 2, 147);
INSERT INTO MENAJE (ID, DESCRIPCION, DISPONIBILIDAD, ALOJAMIENTO_ID) VALUES (141, 'descripcion141', 0, 147);
INSERT INTO SERVICIOS_ALOJAMIENTOS (ALOJAMIENTO_ID, SERVICIO_ID) VALUES (9, 0);
INSERT INTO REGLA (ID, DESCRIPCION, ALOJAMIENTO_ID) VALUES (142, 'descripcion142', 136);
INSERT INTO SEGURO (ID, CARACTERISTICAS, COSTO, VIGENCIA, ALOJAMIENTO_ID) VALUES (142, 'caracteristiccas142',741076,TO_DATE('2020-05-03', 'YYYY-MM-DD'), 136);
INSERT INTO HABITACION (ID, CAPACIDAD, TIPO, ALOJAMIENTO_ID) VALUES (142, 3, 0, 136);
INSERT INTO MENAJE (ID, DESCRIPCION, DISPONIBILIDAD, ALOJAMIENTO_ID) VALUES (142, 'descripcion142', 1, 136);
INSERT INTO SERVICIOS_ALOJAMIENTOS (ALOJAMIENTO_ID, SERVICIO_ID) VALUES (130, 36);
INSERT INTO REGLA (ID, DESCRIPCION, ALOJAMIENTO_ID) VALUES (143, 'descripcion143', 89);
INSERT INTO SEGURO (ID, CARACTERISTICAS, COSTO, VIGENCIA, ALOJAMIENTO_ID) VALUES (143, 'caracteristiccas143',209890,TO_DATE('2020-05-03', 'YYYY-MM-DD'), 89);
INSERT INTO HABITACION (ID, CAPACIDAD, TIPO, ALOJAMIENTO_ID) VALUES (143, 3, 1, 89);
INSERT INTO MENAJE (ID, DESCRIPCION, DISPONIBILIDAD, ALOJAMIENTO_ID) VALUES (143, 'descripcion143', 1, 89);
INSERT INTO SERVICIOS_ALOJAMIENTOS (ALOJAMIENTO_ID, SERVICIO_ID) VALUES (15, 29);
INSERT INTO REGLA (ID, DESCRIPCION, ALOJAMIENTO_ID) VALUES (144, 'descripcion144', 115);
INSERT INTO SEGURO (ID, CARACTERISTICAS, COSTO, VIGENCIA, ALOJAMIENTO_ID) VALUES (144, 'caracteristiccas144',29690,TO_DATE('2020-05-03', 'YYYY-MM-DD'), 115);
INSERT INTO HABITACION (ID, CAPACIDAD, TIPO, ALOJAMIENTO_ID) VALUES (144, 8, 3, 115);
INSERT INTO MENAJE (ID, DESCRIPCION, DISPONIBILIDAD, ALOJAMIENTO_ID) VALUES (144, 'descripcion144', 0, 115);
INSERT INTO SERVICIOS_ALOJAMIENTOS (ALOJAMIENTO_ID, SERVICIO_ID) VALUES (145, 9);
INSERT INTO REGLA (ID, DESCRIPCION, ALOJAMIENTO_ID) VALUES (145, 'descripcion145', 98);
INSERT INTO SEGURO (ID, CARACTERISTICAS, COSTO, VIGENCIA, ALOJAMIENTO_ID) VALUES (145, 'caracteristiccas145',485699,TO_DATE('2020-05-03', 'YYYY-MM-DD'), 98);
INSERT INTO HABITACION (ID, CAPACIDAD, TIPO, ALOJAMIENTO_ID) VALUES (145, 3, 3, 98);
INSERT INTO MENAJE (ID, DESCRIPCION, DISPONIBILIDAD, ALOJAMIENTO_ID) VALUES (145, 'descripcion145', 0, 98);
INSERT INTO SERVICIOS_ALOJAMIENTOS (ALOJAMIENTO_ID, SERVICIO_ID) VALUES (105, 41);
INSERT INTO REGLA (ID, DESCRIPCION, ALOJAMIENTO_ID) VALUES (146, 'descripcion146', 180);
INSERT INTO SEGURO (ID, CARACTERISTICAS, COSTO, VIGENCIA, ALOJAMIENTO_ID) VALUES (146, 'caracteristiccas146',711422,TO_DATE('2020-05-03', 'YYYY-MM-DD'), 180);
INSERT INTO HABITACION (ID, CAPACIDAD, TIPO, ALOJAMIENTO_ID) VALUES (146, 9, 2, 180);
INSERT INTO MENAJE (ID, DESCRIPCION, DISPONIBILIDAD, ALOJAMIENTO_ID) VALUES (146, 'descripcion146', 1, 180);
INSERT INTO SERVICIOS_ALOJAMIENTOS (ALOJAMIENTO_ID, SERVICIO_ID) VALUES (23, 37);
INSERT INTO REGLA (ID, DESCRIPCION, ALOJAMIENTO_ID) VALUES (147, 'descripcion147', 118);
INSERT INTO SEGURO (ID, CARACTERISTICAS, COSTO, VIGENCIA, ALOJAMIENTO_ID) VALUES (147, 'caracteristiccas147',389702,TO_DATE('2020-05-03', 'YYYY-MM-DD'), 118);
INSERT INTO HABITACION (ID, CAPACIDAD, TIPO, ALOJAMIENTO_ID) VALUES (147, 6, 1, 118);
INSERT INTO MENAJE (ID, DESCRIPCION, DISPONIBILIDAD, ALOJAMIENTO_ID) VALUES (147, 'descripcion147', 0, 118);
INSERT INTO SERVICIOS_ALOJAMIENTOS (ALOJAMIENTO_ID, SERVICIO_ID) VALUES (71, 15);
INSERT INTO REGLA (ID, DESCRIPCION, ALOJAMIENTO_ID) VALUES (148, 'descripcion148', 134);
INSERT INTO SEGURO (ID, CARACTERISTICAS, COSTO, VIGENCIA, ALOJAMIENTO_ID) VALUES (148, 'caracteristiccas148',130752,TO_DATE('2020-05-03', 'YYYY-MM-DD'), 134);
INSERT INTO HABITACION (ID, CAPACIDAD, TIPO, ALOJAMIENTO_ID) VALUES (148, 11, 2, 134);
INSERT INTO MENAJE (ID, DESCRIPCION, DISPONIBILIDAD, ALOJAMIENTO_ID) VALUES (148, 'descripcion148', 1, 134);
INSERT INTO SERVICIOS_ALOJAMIENTOS (ALOJAMIENTO_ID, SERVICIO_ID) VALUES (110, 38);
INSERT INTO REGLA (ID, DESCRIPCION, ALOJAMIENTO_ID) VALUES (149, 'descripcion149', 161);
INSERT INTO SEGURO (ID, CARACTERISTICAS, COSTO, VIGENCIA, ALOJAMIENTO_ID) VALUES (149, 'caracteristiccas149',244053,TO_DATE('2020-05-03', 'YYYY-MM-DD'), 161);
INSERT INTO HABITACION (ID, CAPACIDAD, TIPO, ALOJAMIENTO_ID) VALUES (149, 6, 0, 161);
INSERT INTO MENAJE (ID, DESCRIPCION, DISPONIBILIDAD, ALOJAMIENTO_ID) VALUES (149, 'descripcion149', 0, 161);
INSERT INTO SERVICIOS_ALOJAMIENTOS (ALOJAMIENTO_ID, SERVICIO_ID) VALUES (156, 3);
INSERT INTO REGLA (ID, DESCRIPCION, ALOJAMIENTO_ID) VALUES (150, 'descripcion150', 162);
INSERT INTO SEGURO (ID, CARACTERISTICAS, COSTO, VIGENCIA, ALOJAMIENTO_ID) VALUES (150, 'caracteristiccas150',506093,TO_DATE('2020-05-03', 'YYYY-MM-DD'), 162);
INSERT INTO HABITACION (ID, CAPACIDAD, TIPO, ALOJAMIENTO_ID) VALUES (150, 3, 1, 162);
INSERT INTO MENAJE (ID, DESCRIPCION, DISPONIBILIDAD, ALOJAMIENTO_ID) VALUES (150, 'descripcion150', 0, 162);
INSERT INTO SERVICIOS_ALOJAMIENTOS (ALOJAMIENTO_ID, SERVICIO_ID) VALUES (110, 22);
INSERT INTO REGLA (ID, DESCRIPCION, ALOJAMIENTO_ID) VALUES (151, 'descripcion151', 138);
INSERT INTO SEGURO (ID, CARACTERISTICAS, COSTO, VIGENCIA, ALOJAMIENTO_ID) VALUES (151, 'caracteristiccas151',934682,TO_DATE('2020-05-03', 'YYYY-MM-DD'), 138);
INSERT INTO HABITACION (ID, CAPACIDAD, TIPO, ALOJAMIENTO_ID) VALUES (151, 5, 2, 138);
INSERT INTO MENAJE (ID, DESCRIPCION, DISPONIBILIDAD, ALOJAMIENTO_ID) VALUES (151, 'descripcion151', 0, 138);
INSERT INTO SERVICIOS_ALOJAMIENTOS (ALOJAMIENTO_ID, SERVICIO_ID) VALUES (83, 49);
INSERT INTO REGLA (ID, DESCRIPCION, ALOJAMIENTO_ID) VALUES (152, 'descripcion152', 42);
INSERT INTO SEGURO (ID, CARACTERISTICAS, COSTO, VIGENCIA, ALOJAMIENTO_ID) VALUES (152, 'caracteristiccas152',62814,TO_DATE('2020-05-03', 'YYYY-MM-DD'), 42);
INSERT INTO HABITACION (ID, CAPACIDAD, TIPO, ALOJAMIENTO_ID) VALUES (152, 7, 1, 42);
INSERT INTO MENAJE (ID, DESCRIPCION, DISPONIBILIDAD, ALOJAMIENTO_ID) VALUES (152, 'descripcion152', 0, 42);
INSERT INTO SERVICIOS_ALOJAMIENTOS (ALOJAMIENTO_ID, SERVICIO_ID) VALUES (74, 38);
INSERT INTO REGLA (ID, DESCRIPCION, ALOJAMIENTO_ID) VALUES (153, 'descripcion153', 167);
INSERT INTO SEGURO (ID, CARACTERISTICAS, COSTO, VIGENCIA, ALOJAMIENTO_ID) VALUES (153, 'caracteristiccas153',250623,TO_DATE('2020-05-03', 'YYYY-MM-DD'), 167);
INSERT INTO HABITACION (ID, CAPACIDAD, TIPO, ALOJAMIENTO_ID) VALUES (153, 7, 3, 167);
INSERT INTO MENAJE (ID, DESCRIPCION, DISPONIBILIDAD, ALOJAMIENTO_ID) VALUES (153, 'descripcion153', 0, 167);
INSERT INTO SERVICIOS_ALOJAMIENTOS (ALOJAMIENTO_ID, SERVICIO_ID) VALUES (99, 1);
INSERT INTO REGLA (ID, DESCRIPCION, ALOJAMIENTO_ID) VALUES (154, 'descripcion154', 185);
INSERT INTO SEGURO (ID, CARACTERISTICAS, COSTO, VIGENCIA, ALOJAMIENTO_ID) VALUES (154, 'caracteristiccas154',828987,TO_DATE('2020-05-03', 'YYYY-MM-DD'), 185);
INSERT INTO HABITACION (ID, CAPACIDAD, TIPO, ALOJAMIENTO_ID) VALUES (154, 1, 3, 185);
INSERT INTO MENAJE (ID, DESCRIPCION, DISPONIBILIDAD, ALOJAMIENTO_ID) VALUES (154, 'descripcion154', 0, 185);
INSERT INTO SERVICIOS_ALOJAMIENTOS (ALOJAMIENTO_ID, SERVICIO_ID) VALUES (102, 26);
INSERT INTO REGLA (ID, DESCRIPCION, ALOJAMIENTO_ID) VALUES (155, 'descripcion155', 122);
INSERT INTO SEGURO (ID, CARACTERISTICAS, COSTO, VIGENCIA, ALOJAMIENTO_ID) VALUES (155, 'caracteristiccas155',738640,TO_DATE('2020-05-03', 'YYYY-MM-DD'), 122);
INSERT INTO HABITACION (ID, CAPACIDAD, TIPO, ALOJAMIENTO_ID) VALUES (155, 11, 2, 122);
INSERT INTO MENAJE (ID, DESCRIPCION, DISPONIBILIDAD, ALOJAMIENTO_ID) VALUES (155, 'descripcion155', 1, 122);
INSERT INTO SERVICIOS_ALOJAMIENTOS (ALOJAMIENTO_ID, SERVICIO_ID) VALUES (185, 4);
INSERT INTO REGLA (ID, DESCRIPCION, ALOJAMIENTO_ID) VALUES (156, 'descripcion156', 39);
INSERT INTO SEGURO (ID, CARACTERISTICAS, COSTO, VIGENCIA, ALOJAMIENTO_ID) VALUES (156, 'caracteristiccas156',26496,TO_DATE('2020-05-03', 'YYYY-MM-DD'), 39);
INSERT INTO HABITACION (ID, CAPACIDAD, TIPO, ALOJAMIENTO_ID) VALUES (156, 1, 3, 39);
INSERT INTO MENAJE (ID, DESCRIPCION, DISPONIBILIDAD, ALOJAMIENTO_ID) VALUES (156, 'descripcion156', 0, 39);
INSERT INTO SERVICIOS_ALOJAMIENTOS (ALOJAMIENTO_ID, SERVICIO_ID) VALUES (172, 10);
INSERT INTO REGLA (ID, DESCRIPCION, ALOJAMIENTO_ID) VALUES (157, 'descripcion157', 88);
INSERT INTO SEGURO (ID, CARACTERISTICAS, COSTO, VIGENCIA, ALOJAMIENTO_ID) VALUES (157, 'caracteristiccas157',611019,TO_DATE('2020-05-03', 'YYYY-MM-DD'), 88);
INSERT INTO HABITACION (ID, CAPACIDAD, TIPO, ALOJAMIENTO_ID) VALUES (157, 9, 0, 88);
INSERT INTO MENAJE (ID, DESCRIPCION, DISPONIBILIDAD, ALOJAMIENTO_ID) VALUES (157, 'descripcion157', 1, 88);
INSERT INTO SERVICIOS_ALOJAMIENTOS (ALOJAMIENTO_ID, SERVICIO_ID) VALUES (68, 45);
INSERT INTO REGLA (ID, DESCRIPCION, ALOJAMIENTO_ID) VALUES (158, 'descripcion158', 116);
INSERT INTO SEGURO (ID, CARACTERISTICAS, COSTO, VIGENCIA, ALOJAMIENTO_ID) VALUES (158, 'caracteristiccas158',769094,TO_DATE('2020-05-03', 'YYYY-MM-DD'), 116);
INSERT INTO HABITACION (ID, CAPACIDAD, TIPO, ALOJAMIENTO_ID) VALUES (158, 3, 3, 116);
INSERT INTO MENAJE (ID, DESCRIPCION, DISPONIBILIDAD, ALOJAMIENTO_ID) VALUES (158, 'descripcion158', 0, 116);
INSERT INTO SERVICIOS_ALOJAMIENTOS (ALOJAMIENTO_ID, SERVICIO_ID) VALUES (4, 39);
INSERT INTO REGLA (ID, DESCRIPCION, ALOJAMIENTO_ID) VALUES (159, 'descripcion159', 137);
INSERT INTO SEGURO (ID, CARACTERISTICAS, COSTO, VIGENCIA, ALOJAMIENTO_ID) VALUES (159, 'caracteristiccas159',906237,TO_DATE('2020-05-03', 'YYYY-MM-DD'), 137);
INSERT INTO HABITACION (ID, CAPACIDAD, TIPO, ALOJAMIENTO_ID) VALUES (159, 10, 2, 137);
INSERT INTO MENAJE (ID, DESCRIPCION, DISPONIBILIDAD, ALOJAMIENTO_ID) VALUES (159, 'descripcion159', 0, 137);
INSERT INTO SERVICIOS_ALOJAMIENTOS (ALOJAMIENTO_ID, SERVICIO_ID) VALUES (105, 41);
INSERT INTO REGLA (ID, DESCRIPCION, ALOJAMIENTO_ID) VALUES (160, 'descripcion160', 64);
INSERT INTO SEGURO (ID, CARACTERISTICAS, COSTO, VIGENCIA, ALOJAMIENTO_ID) VALUES (160, 'caracteristiccas160',45532,TO_DATE('2020-05-03', 'YYYY-MM-DD'), 64);
INSERT INTO HABITACION (ID, CAPACIDAD, TIPO, ALOJAMIENTO_ID) VALUES (160, 11, 2, 64);
INSERT INTO MENAJE (ID, DESCRIPCION, DISPONIBILIDAD, ALOJAMIENTO_ID) VALUES (160, 'descripcion160', 1, 64);
INSERT INTO SERVICIOS_ALOJAMIENTOS (ALOJAMIENTO_ID, SERVICIO_ID) VALUES (49, 37);
INSERT INTO REGLA (ID, DESCRIPCION, ALOJAMIENTO_ID) VALUES (161, 'descripcion161', 108);
INSERT INTO SEGURO (ID, CARACTERISTICAS, COSTO, VIGENCIA, ALOJAMIENTO_ID) VALUES (161, 'caracteristiccas161',6875,TO_DATE('2020-05-03', 'YYYY-MM-DD'), 108);
INSERT INTO HABITACION (ID, CAPACIDAD, TIPO, ALOJAMIENTO_ID) VALUES (161, 3, 0, 108);
INSERT INTO MENAJE (ID, DESCRIPCION, DISPONIBILIDAD, ALOJAMIENTO_ID) VALUES (161, 'descripcion161', 1, 108);
INSERT INTO SERVICIOS_ALOJAMIENTOS (ALOJAMIENTO_ID, SERVICIO_ID) VALUES (116, 28);
INSERT INTO REGLA (ID, DESCRIPCION, ALOJAMIENTO_ID) VALUES (162, 'descripcion162', 101);
INSERT INTO SEGURO (ID, CARACTERISTICAS, COSTO, VIGENCIA, ALOJAMIENTO_ID) VALUES (162, 'caracteristiccas162',425662,TO_DATE('2020-05-03', 'YYYY-MM-DD'), 101);
INSERT INTO HABITACION (ID, CAPACIDAD, TIPO, ALOJAMIENTO_ID) VALUES (162, 4, 1, 101);
INSERT INTO MENAJE (ID, DESCRIPCION, DISPONIBILIDAD, ALOJAMIENTO_ID) VALUES (162, 'descripcion162', 0, 101);
INSERT INTO SERVICIOS_ALOJAMIENTOS (ALOJAMIENTO_ID, SERVICIO_ID) VALUES (124, 16);
INSERT INTO REGLA (ID, DESCRIPCION, ALOJAMIENTO_ID) VALUES (163, 'descripcion163', 43);
INSERT INTO SEGURO (ID, CARACTERISTICAS, COSTO, VIGENCIA, ALOJAMIENTO_ID) VALUES (163, 'caracteristiccas163',189023,TO_DATE('2020-05-03', 'YYYY-MM-DD'), 43);
INSERT INTO HABITACION (ID, CAPACIDAD, TIPO, ALOJAMIENTO_ID) VALUES (163, 1, 0, 43);
INSERT INTO MENAJE (ID, DESCRIPCION, DISPONIBILIDAD, ALOJAMIENTO_ID) VALUES (163, 'descripcion163', 1, 43);
INSERT INTO SERVICIOS_ALOJAMIENTOS (ALOJAMIENTO_ID, SERVICIO_ID) VALUES (177, 49);
INSERT INTO REGLA (ID, DESCRIPCION, ALOJAMIENTO_ID) VALUES (164, 'descripcion164', 153);
INSERT INTO SEGURO (ID, CARACTERISTICAS, COSTO, VIGENCIA, ALOJAMIENTO_ID) VALUES (164, 'caracteristiccas164',301164,TO_DATE('2020-05-03', 'YYYY-MM-DD'), 153);
INSERT INTO HABITACION (ID, CAPACIDAD, TIPO, ALOJAMIENTO_ID) VALUES (164, 4, 0, 153);
INSERT INTO MENAJE (ID, DESCRIPCION, DISPONIBILIDAD, ALOJAMIENTO_ID) VALUES (164, 'descripcion164', 0, 153);
INSERT INTO SERVICIOS_ALOJAMIENTOS (ALOJAMIENTO_ID, SERVICIO_ID) VALUES (86, 9);
INSERT INTO REGLA (ID, DESCRIPCION, ALOJAMIENTO_ID) VALUES (165, 'descripcion165', 51);
INSERT INTO SEGURO (ID, CARACTERISTICAS, COSTO, VIGENCIA, ALOJAMIENTO_ID) VALUES (165, 'caracteristiccas165',208911,TO_DATE('2020-05-03', 'YYYY-MM-DD'), 51);
INSERT INTO HABITACION (ID, CAPACIDAD, TIPO, ALOJAMIENTO_ID) VALUES (165, 1, 3, 51);
INSERT INTO MENAJE (ID, DESCRIPCION, DISPONIBILIDAD, ALOJAMIENTO_ID) VALUES (165, 'descripcion165', 0, 51);
INSERT INTO SERVICIOS_ALOJAMIENTOS (ALOJAMIENTO_ID, SERVICIO_ID) VALUES (36, 43);
INSERT INTO REGLA (ID, DESCRIPCION, ALOJAMIENTO_ID) VALUES (166, 'descripcion166', 155);
INSERT INTO SEGURO (ID, CARACTERISTICAS, COSTO, VIGENCIA, ALOJAMIENTO_ID) VALUES (166, 'caracteristiccas166',208129,TO_DATE('2020-05-03', 'YYYY-MM-DD'), 155);
INSERT INTO HABITACION (ID, CAPACIDAD, TIPO, ALOJAMIENTO_ID) VALUES (166, 7, 0, 155);
INSERT INTO MENAJE (ID, DESCRIPCION, DISPONIBILIDAD, ALOJAMIENTO_ID) VALUES (166, 'descripcion166', 1, 155);
INSERT INTO SERVICIOS_ALOJAMIENTOS (ALOJAMIENTO_ID, SERVICIO_ID) VALUES (42, 15);
INSERT INTO REGLA (ID, DESCRIPCION, ALOJAMIENTO_ID) VALUES (167, 'descripcion167', 147);
INSERT INTO SEGURO (ID, CARACTERISTICAS, COSTO, VIGENCIA, ALOJAMIENTO_ID) VALUES (167, 'caracteristiccas167',620731,TO_DATE('2020-05-03', 'YYYY-MM-DD'), 147);
INSERT INTO HABITACION (ID, CAPACIDAD, TIPO, ALOJAMIENTO_ID) VALUES (167, 3, 1, 147);
INSERT INTO MENAJE (ID, DESCRIPCION, DISPONIBILIDAD, ALOJAMIENTO_ID) VALUES (167, 'descripcion167', 1, 147);
INSERT INTO SERVICIOS_ALOJAMIENTOS (ALOJAMIENTO_ID, SERVICIO_ID) VALUES (4, 36);
INSERT INTO REGLA (ID, DESCRIPCION, ALOJAMIENTO_ID) VALUES (168, 'descripcion168', 9);
INSERT INTO SEGURO (ID, CARACTERISTICAS, COSTO, VIGENCIA, ALOJAMIENTO_ID) VALUES (168, 'caracteristiccas168',671130,TO_DATE('2020-05-03', 'YYYY-MM-DD'), 9);
INSERT INTO HABITACION (ID, CAPACIDAD, TIPO, ALOJAMIENTO_ID) VALUES (168, 11, 1, 9);
INSERT INTO MENAJE (ID, DESCRIPCION, DISPONIBILIDAD, ALOJAMIENTO_ID) VALUES (168, 'descripcion168', 0, 9);
INSERT INTO SERVICIOS_ALOJAMIENTOS (ALOJAMIENTO_ID, SERVICIO_ID) VALUES (110, 15);
INSERT INTO REGLA (ID, DESCRIPCION, ALOJAMIENTO_ID) VALUES (169, 'descripcion169', 16);
INSERT INTO SEGURO (ID, CARACTERISTICAS, COSTO, VIGENCIA, ALOJAMIENTO_ID) VALUES (169, 'caracteristiccas169',449295,TO_DATE('2020-05-03', 'YYYY-MM-DD'), 16);
INSERT INTO HABITACION (ID, CAPACIDAD, TIPO, ALOJAMIENTO_ID) VALUES (169, 11, 3, 16);
INSERT INTO MENAJE (ID, DESCRIPCION, DISPONIBILIDAD, ALOJAMIENTO_ID) VALUES (169, 'descripcion169', 0, 16);
INSERT INTO SERVICIOS_ALOJAMIENTOS (ALOJAMIENTO_ID, SERVICIO_ID) VALUES (142, 45);
INSERT INTO REGLA (ID, DESCRIPCION, ALOJAMIENTO_ID) VALUES (170, 'descripcion170', 19);
INSERT INTO SEGURO (ID, CARACTERISTICAS, COSTO, VIGENCIA, ALOJAMIENTO_ID) VALUES (170, 'caracteristiccas170',225101,TO_DATE('2020-05-03', 'YYYY-MM-DD'), 19);
INSERT INTO HABITACION (ID, CAPACIDAD, TIPO, ALOJAMIENTO_ID) VALUES (170, 7, 0, 19);
INSERT INTO MENAJE (ID, DESCRIPCION, DISPONIBILIDAD, ALOJAMIENTO_ID) VALUES (170, 'descripcion170', 0, 19);
INSERT INTO SERVICIOS_ALOJAMIENTOS (ALOJAMIENTO_ID, SERVICIO_ID) VALUES (14, 3);
INSERT INTO REGLA (ID, DESCRIPCION, ALOJAMIENTO_ID) VALUES (171, 'descripcion171', 61);
INSERT INTO SEGURO (ID, CARACTERISTICAS, COSTO, VIGENCIA, ALOJAMIENTO_ID) VALUES (171, 'caracteristiccas171',93030,TO_DATE('2020-05-03', 'YYYY-MM-DD'), 61);
INSERT INTO HABITACION (ID, CAPACIDAD, TIPO, ALOJAMIENTO_ID) VALUES (171, 5, 3, 61);
INSERT INTO MENAJE (ID, DESCRIPCION, DISPONIBILIDAD, ALOJAMIENTO_ID) VALUES (171, 'descripcion171', 1, 61);
INSERT INTO SERVICIOS_ALOJAMIENTOS (ALOJAMIENTO_ID, SERVICIO_ID) VALUES (11, 32);
INSERT INTO REGLA (ID, DESCRIPCION, ALOJAMIENTO_ID) VALUES (172, 'descripcion172', 18);
INSERT INTO SEGURO (ID, CARACTERISTICAS, COSTO, VIGENCIA, ALOJAMIENTO_ID) VALUES (172, 'caracteristiccas172',622101,TO_DATE('2020-05-03', 'YYYY-MM-DD'), 18);
INSERT INTO HABITACION (ID, CAPACIDAD, TIPO, ALOJAMIENTO_ID) VALUES (172, 3, 3, 18);
INSERT INTO MENAJE (ID, DESCRIPCION, DISPONIBILIDAD, ALOJAMIENTO_ID) VALUES (172, 'descripcion172', 0, 18);
INSERT INTO SERVICIOS_ALOJAMIENTOS (ALOJAMIENTO_ID, SERVICIO_ID) VALUES (126, 36);
INSERT INTO REGLA (ID, DESCRIPCION, ALOJAMIENTO_ID) VALUES (173, 'descripcion173', 120);
INSERT INTO SEGURO (ID, CARACTERISTICAS, COSTO, VIGENCIA, ALOJAMIENTO_ID) VALUES (173, 'caracteristiccas173',796275,TO_DATE('2020-05-03', 'YYYY-MM-DD'), 120);
INSERT INTO HABITACION (ID, CAPACIDAD, TIPO, ALOJAMIENTO_ID) VALUES (173, 10, 0, 120);
INSERT INTO MENAJE (ID, DESCRIPCION, DISPONIBILIDAD, ALOJAMIENTO_ID) VALUES (173, 'descripcion173', 1, 120);
INSERT INTO SERVICIOS_ALOJAMIENTOS (ALOJAMIENTO_ID, SERVICIO_ID) VALUES (96, 9);
INSERT INTO REGLA (ID, DESCRIPCION, ALOJAMIENTO_ID) VALUES (174, 'descripcion174', 6);
INSERT INTO SEGURO (ID, CARACTERISTICAS, COSTO, VIGENCIA, ALOJAMIENTO_ID) VALUES (174, 'caracteristiccas174',769256,TO_DATE('2020-05-03', 'YYYY-MM-DD'), 6);
INSERT INTO HABITACION (ID, CAPACIDAD, TIPO, ALOJAMIENTO_ID) VALUES (174, 8, 0, 6);
INSERT INTO MENAJE (ID, DESCRIPCION, DISPONIBILIDAD, ALOJAMIENTO_ID) VALUES (174, 'descripcion174', 0, 6);
INSERT INTO SERVICIOS_ALOJAMIENTOS (ALOJAMIENTO_ID, SERVICIO_ID) VALUES (120, 24);
INSERT INTO REGLA (ID, DESCRIPCION, ALOJAMIENTO_ID) VALUES (175, 'descripcion175', 143);
INSERT INTO SEGURO (ID, CARACTERISTICAS, COSTO, VIGENCIA, ALOJAMIENTO_ID) VALUES (175, 'caracteristiccas175',973835,TO_DATE('2020-05-03', 'YYYY-MM-DD'), 143);
INSERT INTO HABITACION (ID, CAPACIDAD, TIPO, ALOJAMIENTO_ID) VALUES (175, 11, 2, 143);
INSERT INTO MENAJE (ID, DESCRIPCION, DISPONIBILIDAD, ALOJAMIENTO_ID) VALUES (175, 'descripcion175', 0, 143);
INSERT INTO SERVICIOS_ALOJAMIENTOS (ALOJAMIENTO_ID, SERVICIO_ID) VALUES (176, 30);
INSERT INTO REGLA (ID, DESCRIPCION, ALOJAMIENTO_ID) VALUES (176, 'descripcion176', 66);
INSERT INTO SEGURO (ID, CARACTERISTICAS, COSTO, VIGENCIA, ALOJAMIENTO_ID) VALUES (176, 'caracteristiccas176',774784,TO_DATE('2020-05-03', 'YYYY-MM-DD'), 66);
INSERT INTO HABITACION (ID, CAPACIDAD, TIPO, ALOJAMIENTO_ID) VALUES (176, 2, 2, 66);
INSERT INTO MENAJE (ID, DESCRIPCION, DISPONIBILIDAD, ALOJAMIENTO_ID) VALUES (176, 'descripcion176', 1, 66);
INSERT INTO SERVICIOS_ALOJAMIENTOS (ALOJAMIENTO_ID, SERVICIO_ID) VALUES (178, 40);
INSERT INTO REGLA (ID, DESCRIPCION, ALOJAMIENTO_ID) VALUES (177, 'descripcion177', 181);
INSERT INTO SEGURO (ID, CARACTERISTICAS, COSTO, VIGENCIA, ALOJAMIENTO_ID) VALUES (177, 'caracteristiccas177',993903,TO_DATE('2020-05-03', 'YYYY-MM-DD'), 181);
INSERT INTO HABITACION (ID, CAPACIDAD, TIPO, ALOJAMIENTO_ID) VALUES (177, 2, 0, 181);
INSERT INTO MENAJE (ID, DESCRIPCION, DISPONIBILIDAD, ALOJAMIENTO_ID) VALUES (177, 'descripcion177', 0, 181);
INSERT INTO SERVICIOS_ALOJAMIENTOS (ALOJAMIENTO_ID, SERVICIO_ID) VALUES (157, 44);
INSERT INTO REGLA (ID, DESCRIPCION, ALOJAMIENTO_ID) VALUES (178, 'descripcion178', 51);
INSERT INTO SEGURO (ID, CARACTERISTICAS, COSTO, VIGENCIA, ALOJAMIENTO_ID) VALUES (178, 'caracteristiccas178',653723,TO_DATE('2020-05-03', 'YYYY-MM-DD'), 51);
INSERT INTO HABITACION (ID, CAPACIDAD, TIPO, ALOJAMIENTO_ID) VALUES (178, 7, 0, 51);
INSERT INTO MENAJE (ID, DESCRIPCION, DISPONIBILIDAD, ALOJAMIENTO_ID) VALUES (178, 'descripcion178', 1, 51);
INSERT INTO SERVICIOS_ALOJAMIENTOS (ALOJAMIENTO_ID, SERVICIO_ID) VALUES (163, 42);
INSERT INTO REGLA (ID, DESCRIPCION, ALOJAMIENTO_ID) VALUES (179, 'descripcion179', 146);
INSERT INTO SEGURO (ID, CARACTERISTICAS, COSTO, VIGENCIA, ALOJAMIENTO_ID) VALUES (179, 'caracteristiccas179',105025,TO_DATE('2020-05-03', 'YYYY-MM-DD'), 146);
INSERT INTO HABITACION (ID, CAPACIDAD, TIPO, ALOJAMIENTO_ID) VALUES (179, 9, 2, 146);
INSERT INTO MENAJE (ID, DESCRIPCION, DISPONIBILIDAD, ALOJAMIENTO_ID) VALUES (179, 'descripcion179', 0, 146);
INSERT INTO SERVICIOS_ALOJAMIENTOS (ALOJAMIENTO_ID, SERVICIO_ID) VALUES (61, 14);
INSERT INTO REGLA (ID, DESCRIPCION, ALOJAMIENTO_ID) VALUES (180, 'descripcion180', 39);
INSERT INTO SEGURO (ID, CARACTERISTICAS, COSTO, VIGENCIA, ALOJAMIENTO_ID) VALUES (180, 'caracteristiccas180',196646,TO_DATE('2020-05-03', 'YYYY-MM-DD'), 39);
INSERT INTO HABITACION (ID, CAPACIDAD, TIPO, ALOJAMIENTO_ID) VALUES (180, 1, 3, 39);
INSERT INTO MENAJE (ID, DESCRIPCION, DISPONIBILIDAD, ALOJAMIENTO_ID) VALUES (180, 'descripcion180', 1, 39);
INSERT INTO SERVICIOS_ALOJAMIENTOS (ALOJAMIENTO_ID, SERVICIO_ID) VALUES (172, 41);
INSERT INTO REGLA (ID, DESCRIPCION, ALOJAMIENTO_ID) VALUES (181, 'descripcion181', 20);
INSERT INTO SEGURO (ID, CARACTERISTICAS, COSTO, VIGENCIA, ALOJAMIENTO_ID) VALUES (181, 'caracteristiccas181',598929,TO_DATE('2020-05-03', 'YYYY-MM-DD'), 20);
INSERT INTO HABITACION (ID, CAPACIDAD, TIPO, ALOJAMIENTO_ID) VALUES (181, 11, 1, 20);
INSERT INTO MENAJE (ID, DESCRIPCION, DISPONIBILIDAD, ALOJAMIENTO_ID) VALUES (181, 'descripcion181', 0, 20);
INSERT INTO SERVICIOS_ALOJAMIENTOS (ALOJAMIENTO_ID, SERVICIO_ID) VALUES (98, 7);
INSERT INTO REGLA (ID, DESCRIPCION, ALOJAMIENTO_ID) VALUES (182, 'descripcion182', 169);
INSERT INTO SEGURO (ID, CARACTERISTICAS, COSTO, VIGENCIA, ALOJAMIENTO_ID) VALUES (182, 'caracteristiccas182',834109,TO_DATE('2020-05-03', 'YYYY-MM-DD'), 169);
INSERT INTO HABITACION (ID, CAPACIDAD, TIPO, ALOJAMIENTO_ID) VALUES (182, 1, 3, 169);
INSERT INTO MENAJE (ID, DESCRIPCION, DISPONIBILIDAD, ALOJAMIENTO_ID) VALUES (182, 'descripcion182', 0, 169);
INSERT INTO SERVICIOS_ALOJAMIENTOS (ALOJAMIENTO_ID, SERVICIO_ID) VALUES (88, 44);
INSERT INTO REGLA (ID, DESCRIPCION, ALOJAMIENTO_ID) VALUES (183, 'descripcion183', 117);
INSERT INTO SEGURO (ID, CARACTERISTICAS, COSTO, VIGENCIA, ALOJAMIENTO_ID) VALUES (183, 'caracteristiccas183',463341,TO_DATE('2020-05-03', 'YYYY-MM-DD'), 117);
INSERT INTO HABITACION (ID, CAPACIDAD, TIPO, ALOJAMIENTO_ID) VALUES (183, 11, 3, 117);
INSERT INTO MENAJE (ID, DESCRIPCION, DISPONIBILIDAD, ALOJAMIENTO_ID) VALUES (183, 'descripcion183', 0, 117);
INSERT INTO SERVICIOS_ALOJAMIENTOS (ALOJAMIENTO_ID, SERVICIO_ID) VALUES (157, 8);
INSERT INTO REGLA (ID, DESCRIPCION, ALOJAMIENTO_ID) VALUES (184, 'descripcion184', 168);
INSERT INTO SEGURO (ID, CARACTERISTICAS, COSTO, VIGENCIA, ALOJAMIENTO_ID) VALUES (184, 'caracteristiccas184',566636,TO_DATE('2020-05-03', 'YYYY-MM-DD'), 168);
INSERT INTO HABITACION (ID, CAPACIDAD, TIPO, ALOJAMIENTO_ID) VALUES (184, 9, 3, 168);
INSERT INTO MENAJE (ID, DESCRIPCION, DISPONIBILIDAD, ALOJAMIENTO_ID) VALUES (184, 'descripcion184', 1, 168);
INSERT INTO SERVICIOS_ALOJAMIENTOS (ALOJAMIENTO_ID, SERVICIO_ID) VALUES (66, 12);
INSERT INTO REGLA (ID, DESCRIPCION, ALOJAMIENTO_ID) VALUES (185, 'descripcion185', 45);
INSERT INTO SEGURO (ID, CARACTERISTICAS, COSTO, VIGENCIA, ALOJAMIENTO_ID) VALUES (185, 'caracteristiccas185',215070,TO_DATE('2020-05-03', 'YYYY-MM-DD'), 45);
INSERT INTO HABITACION (ID, CAPACIDAD, TIPO, ALOJAMIENTO_ID) VALUES (185, 10, 2, 45);
INSERT INTO MENAJE (ID, DESCRIPCION, DISPONIBILIDAD, ALOJAMIENTO_ID) VALUES (185, 'descripcion185', 1, 45);
INSERT INTO SERVICIOS_ALOJAMIENTOS (ALOJAMIENTO_ID, SERVICIO_ID) VALUES (163, 37);
INSERT INTO REGLA (ID, DESCRIPCION, ALOJAMIENTO_ID) VALUES (186, 'descripcion186', 68);
INSERT INTO SEGURO (ID, CARACTERISTICAS, COSTO, VIGENCIA, ALOJAMIENTO_ID) VALUES (186, 'caracteristiccas186',752312,TO_DATE('2020-05-03', 'YYYY-MM-DD'), 68);
INSERT INTO HABITACION (ID, CAPACIDAD, TIPO, ALOJAMIENTO_ID) VALUES (186, 9, 0, 68);
INSERT INTO MENAJE (ID, DESCRIPCION, DISPONIBILIDAD, ALOJAMIENTO_ID) VALUES (186, 'descripcion186', 1, 68);
INSERT INTO SERVICIOS_ALOJAMIENTOS (ALOJAMIENTO_ID, SERVICIO_ID) VALUES (25, 28);
INSERT INTO REGLA (ID, DESCRIPCION, ALOJAMIENTO_ID) VALUES (187, 'descripcion187', 67);
INSERT INTO SEGURO (ID, CARACTERISTICAS, COSTO, VIGENCIA, ALOJAMIENTO_ID) VALUES (187, 'caracteristiccas187',17274,TO_DATE('2020-05-03', 'YYYY-MM-DD'), 67);
INSERT INTO HABITACION (ID, CAPACIDAD, TIPO, ALOJAMIENTO_ID) VALUES (187, 9, 3, 67);
INSERT INTO MENAJE (ID, DESCRIPCION, DISPONIBILIDAD, ALOJAMIENTO_ID) VALUES (187, 'descripcion187', 1, 67);
INSERT INTO SERVICIOS_ALOJAMIENTOS (ALOJAMIENTO_ID, SERVICIO_ID) VALUES (45, 25);
INSERT INTO REGLA (ID, DESCRIPCION, ALOJAMIENTO_ID) VALUES (188, 'descripcion188', 9);
INSERT INTO SEGURO (ID, CARACTERISTICAS, COSTO, VIGENCIA, ALOJAMIENTO_ID) VALUES (188, 'caracteristiccas188',83725,TO_DATE('2020-05-03', 'YYYY-MM-DD'), 9);
INSERT INTO HABITACION (ID, CAPACIDAD, TIPO, ALOJAMIENTO_ID) VALUES (188, 4, 1, 9);
INSERT INTO MENAJE (ID, DESCRIPCION, DISPONIBILIDAD, ALOJAMIENTO_ID) VALUES (188, 'descripcion188', 1, 9);
INSERT INTO SERVICIOS_ALOJAMIENTOS (ALOJAMIENTO_ID, SERVICIO_ID) VALUES (129, 31);
INSERT INTO REGLA (ID, DESCRIPCION, ALOJAMIENTO_ID) VALUES (189, 'descripcion189', 47);
INSERT INTO SEGURO (ID, CARACTERISTICAS, COSTO, VIGENCIA, ALOJAMIENTO_ID) VALUES (189, 'caracteristiccas189',376400,TO_DATE('2020-05-03', 'YYYY-MM-DD'), 47);
INSERT INTO HABITACION (ID, CAPACIDAD, TIPO, ALOJAMIENTO_ID) VALUES (189, 8, 1, 47);
INSERT INTO MENAJE (ID, DESCRIPCION, DISPONIBILIDAD, ALOJAMIENTO_ID) VALUES (189, 'descripcion189', 1, 47);
INSERT INTO SERVICIOS_ALOJAMIENTOS (ALOJAMIENTO_ID, SERVICIO_ID) VALUES (172, 37);
INSERT INTO REGLA (ID, DESCRIPCION, ALOJAMIENTO_ID) VALUES (190, 'descripcion190', 68);
INSERT INTO SEGURO (ID, CARACTERISTICAS, COSTO, VIGENCIA, ALOJAMIENTO_ID) VALUES (190, 'caracteristiccas190',390362,TO_DATE('2020-05-03', 'YYYY-MM-DD'), 68);
INSERT INTO HABITACION (ID, CAPACIDAD, TIPO, ALOJAMIENTO_ID) VALUES (190, 2, 0, 68);
INSERT INTO MENAJE (ID, DESCRIPCION, DISPONIBILIDAD, ALOJAMIENTO_ID) VALUES (190, 'descripcion190', 1, 68);
INSERT INTO SERVICIOS_ALOJAMIENTOS (ALOJAMIENTO_ID, SERVICIO_ID) VALUES (84, 4);
INSERT INTO REGLA (ID, DESCRIPCION, ALOJAMIENTO_ID) VALUES (191, 'descripcion191', 42);
INSERT INTO SEGURO (ID, CARACTERISTICAS, COSTO, VIGENCIA, ALOJAMIENTO_ID) VALUES (191, 'caracteristiccas191',253239,TO_DATE('2020-05-03', 'YYYY-MM-DD'), 42);
INSERT INTO HABITACION (ID, CAPACIDAD, TIPO, ALOJAMIENTO_ID) VALUES (191, 11, 1, 42);
INSERT INTO MENAJE (ID, DESCRIPCION, DISPONIBILIDAD, ALOJAMIENTO_ID) VALUES (191, 'descripcion191', 0, 42);
INSERT INTO SERVICIOS_ALOJAMIENTOS (ALOJAMIENTO_ID, SERVICIO_ID) VALUES (129, 27);
INSERT INTO REGLA (ID, DESCRIPCION, ALOJAMIENTO_ID) VALUES (192, 'descripcion192', 40);
INSERT INTO SEGURO (ID, CARACTERISTICAS, COSTO, VIGENCIA, ALOJAMIENTO_ID) VALUES (192, 'caracteristiccas192',416764,TO_DATE('2020-05-03', 'YYYY-MM-DD'), 40);
INSERT INTO HABITACION (ID, CAPACIDAD, TIPO, ALOJAMIENTO_ID) VALUES (192, 3, 3, 40);
INSERT INTO MENAJE (ID, DESCRIPCION, DISPONIBILIDAD, ALOJAMIENTO_ID) VALUES (192, 'descripcion192', 1, 40);
INSERT INTO SERVICIOS_ALOJAMIENTOS (ALOJAMIENTO_ID, SERVICIO_ID) VALUES (97, 11);
INSERT INTO REGLA (ID, DESCRIPCION, ALOJAMIENTO_ID) VALUES (193, 'descripcion193', 66);
INSERT INTO SEGURO (ID, CARACTERISTICAS, COSTO, VIGENCIA, ALOJAMIENTO_ID) VALUES (193, 'caracteristiccas193',44532,TO_DATE('2020-05-03', 'YYYY-MM-DD'), 66);
INSERT INTO HABITACION (ID, CAPACIDAD, TIPO, ALOJAMIENTO_ID) VALUES (193, 1, 0, 66);
INSERT INTO MENAJE (ID, DESCRIPCION, DISPONIBILIDAD, ALOJAMIENTO_ID) VALUES (193, 'descripcion193', 0, 66);
INSERT INTO SERVICIOS_ALOJAMIENTOS (ALOJAMIENTO_ID, SERVICIO_ID) VALUES (109, 13);
INSERT INTO REGLA (ID, DESCRIPCION, ALOJAMIENTO_ID) VALUES (194, 'descripcion194', 8);
INSERT INTO SEGURO (ID, CARACTERISTICAS, COSTO, VIGENCIA, ALOJAMIENTO_ID) VALUES (194, 'caracteristiccas194',788436,TO_DATE('2020-05-03', 'YYYY-MM-DD'), 8);
INSERT INTO HABITACION (ID, CAPACIDAD, TIPO, ALOJAMIENTO_ID) VALUES (194, 10, 3, 8);
INSERT INTO MENAJE (ID, DESCRIPCION, DISPONIBILIDAD, ALOJAMIENTO_ID) VALUES (194, 'descripcion194', 1, 8);
INSERT INTO SERVICIOS_ALOJAMIENTOS (ALOJAMIENTO_ID, SERVICIO_ID) VALUES (100, 28);
INSERT INTO REGLA (ID, DESCRIPCION, ALOJAMIENTO_ID) VALUES (195, 'descripcion195', 37);
INSERT INTO SEGURO (ID, CARACTERISTICAS, COSTO, VIGENCIA, ALOJAMIENTO_ID) VALUES (195, 'caracteristiccas195',310053,TO_DATE('2020-05-03', 'YYYY-MM-DD'), 37);
INSERT INTO HABITACION (ID, CAPACIDAD, TIPO, ALOJAMIENTO_ID) VALUES (195, 11, 1, 37);
INSERT INTO MENAJE (ID, DESCRIPCION, DISPONIBILIDAD, ALOJAMIENTO_ID) VALUES (195, 'descripcion195', 0, 37);
INSERT INTO SERVICIOS_ALOJAMIENTOS (ALOJAMIENTO_ID, SERVICIO_ID) VALUES (63, 9);
INSERT INTO REGLA (ID, DESCRIPCION, ALOJAMIENTO_ID) VALUES (196, 'descripcion196', 37);
INSERT INTO SEGURO (ID, CARACTERISTICAS, COSTO, VIGENCIA, ALOJAMIENTO_ID) VALUES (196, 'caracteristiccas196',845773,TO_DATE('2020-05-03', 'YYYY-MM-DD'), 37);
INSERT INTO HABITACION (ID, CAPACIDAD, TIPO, ALOJAMIENTO_ID) VALUES (196, 3, 0, 37);
INSERT INTO MENAJE (ID, DESCRIPCION, DISPONIBILIDAD, ALOJAMIENTO_ID) VALUES (196, 'descripcion196', 0, 37);
INSERT INTO SERVICIOS_ALOJAMIENTOS (ALOJAMIENTO_ID, SERVICIO_ID) VALUES (144, 2);
INSERT INTO REGLA (ID, DESCRIPCION, ALOJAMIENTO_ID) VALUES (197, 'descripcion197', 72);
INSERT INTO SEGURO (ID, CARACTERISTICAS, COSTO, VIGENCIA, ALOJAMIENTO_ID) VALUES (197, 'caracteristiccas197',977955,TO_DATE('2020-05-03', 'YYYY-MM-DD'), 72);
INSERT INTO HABITACION (ID, CAPACIDAD, TIPO, ALOJAMIENTO_ID) VALUES (197, 7, 2, 72);
INSERT INTO MENAJE (ID, DESCRIPCION, DISPONIBILIDAD, ALOJAMIENTO_ID) VALUES (197, 'descripcion197', 0, 72);
INSERT INTO SERVICIOS_ALOJAMIENTOS (ALOJAMIENTO_ID, SERVICIO_ID) VALUES (51, 1);
INSERT INTO REGLA (ID, DESCRIPCION, ALOJAMIENTO_ID) VALUES (198, 'descripcion198', 114);
INSERT INTO SEGURO (ID, CARACTERISTICAS, COSTO, VIGENCIA, ALOJAMIENTO_ID) VALUES (198, 'caracteristiccas198',463964,TO_DATE('2020-05-03', 'YYYY-MM-DD'), 114);
INSERT INTO HABITACION (ID, CAPACIDAD, TIPO, ALOJAMIENTO_ID) VALUES (198, 11, 2, 114);
INSERT INTO MENAJE (ID, DESCRIPCION, DISPONIBILIDAD, ALOJAMIENTO_ID) VALUES (198, 'descripcion198', 0, 114);
INSERT INTO SERVICIOS_ALOJAMIENTOS (ALOJAMIENTO_ID, SERVICIO_ID) VALUES (127, 14);
INSERT INTO REGLA (ID, DESCRIPCION, ALOJAMIENTO_ID) VALUES (199, 'descripcion199', 95);
INSERT INTO SEGURO (ID, CARACTERISTICAS, COSTO, VIGENCIA, ALOJAMIENTO_ID) VALUES (199, 'caracteristiccas199',268284,TO_DATE('2020-05-03', 'YYYY-MM-DD'), 95);
INSERT INTO HABITACION (ID, CAPACIDAD, TIPO, ALOJAMIENTO_ID) VALUES (199, 10, 3, 95);
INSERT INTO MENAJE (ID, DESCRIPCION, DISPONIBILIDAD, ALOJAMIENTO_ID) VALUES (199, 'descripcion199', 1, 95);
INSERT INTO SERVICIOS_ALOJAMIENTOS (ALOJAMIENTO_ID, SERVICIO_ID) VALUES (53, 43);
INSERT INTO REGLA (ID, DESCRIPCION, ALOJAMIENTO_ID) VALUES (200, 'descripcion200', 176);
INSERT INTO SEGURO (ID, CARACTERISTICAS, COSTO, VIGENCIA, ALOJAMIENTO_ID) VALUES (200, 'caracteristiccas200',230883,TO_DATE('2020-05-03', 'YYYY-MM-DD'), 176);
INSERT INTO HABITACION (ID, CAPACIDAD, TIPO, ALOJAMIENTO_ID) VALUES (200, 4, 0, 176);
INSERT INTO MENAJE (ID, DESCRIPCION, DISPONIBILIDAD, ALOJAMIENTO_ID) VALUES (200, 'descripcion200', 0, 176);
INSERT INTO SERVICIOS_ALOJAMIENTOS (ALOJAMIENTO_ID, SERVICIO_ID) VALUES (154, 37);
INSERT INTO REGLA (ID, DESCRIPCION, ALOJAMIENTO_ID) VALUES (201, 'descripcion201', 151);
INSERT INTO SEGURO (ID, CARACTERISTICAS, COSTO, VIGENCIA, ALOJAMIENTO_ID) VALUES (201, 'caracteristiccas201',691484,TO_DATE('2020-05-03', 'YYYY-MM-DD'), 151);
INSERT INTO HABITACION (ID, CAPACIDAD, TIPO, ALOJAMIENTO_ID) VALUES (201, 2, 1, 151);
INSERT INTO MENAJE (ID, DESCRIPCION, DISPONIBILIDAD, ALOJAMIENTO_ID) VALUES (201, 'descripcion201', 0, 151);
INSERT INTO SERVICIOS_ALOJAMIENTOS (ALOJAMIENTO_ID, SERVICIO_ID) VALUES (164, 5);
INSERT INTO REGLA (ID, DESCRIPCION, ALOJAMIENTO_ID) VALUES (202, 'descripcion202', 58);
INSERT INTO SEGURO (ID, CARACTERISTICAS, COSTO, VIGENCIA, ALOJAMIENTO_ID) VALUES (202, 'caracteristiccas202',940378,TO_DATE('2020-05-03', 'YYYY-MM-DD'), 58);
INSERT INTO HABITACION (ID, CAPACIDAD, TIPO, ALOJAMIENTO_ID) VALUES (202, 9, 3, 58);
INSERT INTO MENAJE (ID, DESCRIPCION, DISPONIBILIDAD, ALOJAMIENTO_ID) VALUES (202, 'descripcion202', 1, 58);
INSERT INTO SERVICIOS_ALOJAMIENTOS (ALOJAMIENTO_ID, SERVICIO_ID) VALUES (169, 12);
INSERT INTO REGLA (ID, DESCRIPCION, ALOJAMIENTO_ID) VALUES (203, 'descripcion203', 183);
INSERT INTO SEGURO (ID, CARACTERISTICAS, COSTO, VIGENCIA, ALOJAMIENTO_ID) VALUES (203, 'caracteristiccas203',103149,TO_DATE('2020-05-03', 'YYYY-MM-DD'), 183);
INSERT INTO HABITACION (ID, CAPACIDAD, TIPO, ALOJAMIENTO_ID) VALUES (203, 2, 1, 183);
INSERT INTO MENAJE (ID, DESCRIPCION, DISPONIBILIDAD, ALOJAMIENTO_ID) VALUES (203, 'descripcion203', 0, 183);
INSERT INTO SERVICIOS_ALOJAMIENTOS (ALOJAMIENTO_ID, SERVICIO_ID) VALUES (54, 40);
INSERT INTO REGLA (ID, DESCRIPCION, ALOJAMIENTO_ID) VALUES (204, 'descripcion204', 172);
INSERT INTO SEGURO (ID, CARACTERISTICAS, COSTO, VIGENCIA, ALOJAMIENTO_ID) VALUES (204, 'caracteristiccas204',566255,TO_DATE('2020-05-03', 'YYYY-MM-DD'), 172);
INSERT INTO HABITACION (ID, CAPACIDAD, TIPO, ALOJAMIENTO_ID) VALUES (204, 8, 0, 172);
INSERT INTO MENAJE (ID, DESCRIPCION, DISPONIBILIDAD, ALOJAMIENTO_ID) VALUES (204, 'descripcion204', 1, 172);
INSERT INTO SERVICIOS_ALOJAMIENTOS (ALOJAMIENTO_ID, SERVICIO_ID) VALUES (105, 15);
INSERT INTO REGLA (ID, DESCRIPCION, ALOJAMIENTO_ID) VALUES (205, 'descripcion205', 131);
INSERT INTO SEGURO (ID, CARACTERISTICAS, COSTO, VIGENCIA, ALOJAMIENTO_ID) VALUES (205, 'caracteristiccas205',384555,TO_DATE('2020-05-03', 'YYYY-MM-DD'), 131);
INSERT INTO HABITACION (ID, CAPACIDAD, TIPO, ALOJAMIENTO_ID) VALUES (205, 6, 1, 131);
INSERT INTO MENAJE (ID, DESCRIPCION, DISPONIBILIDAD, ALOJAMIENTO_ID) VALUES (205, 'descripcion205', 1, 131);
INSERT INTO SERVICIOS_ALOJAMIENTOS (ALOJAMIENTO_ID, SERVICIO_ID) VALUES (142, 17);
INSERT INTO REGLA (ID, DESCRIPCION, ALOJAMIENTO_ID) VALUES (206, 'descripcion206', 159);
INSERT INTO SEGURO (ID, CARACTERISTICAS, COSTO, VIGENCIA, ALOJAMIENTO_ID) VALUES (206, 'caracteristiccas206',822787,TO_DATE('2020-05-03', 'YYYY-MM-DD'), 159);
INSERT INTO HABITACION (ID, CAPACIDAD, TIPO, ALOJAMIENTO_ID) VALUES (206, 10, 2, 159);
INSERT INTO MENAJE (ID, DESCRIPCION, DISPONIBILIDAD, ALOJAMIENTO_ID) VALUES (206, 'descripcion206', 1, 159);
INSERT INTO SERVICIOS_ALOJAMIENTOS (ALOJAMIENTO_ID, SERVICIO_ID) VALUES (114, 40);
INSERT INTO REGLA (ID, DESCRIPCION, ALOJAMIENTO_ID) VALUES (207, 'descripcion207', 34);
INSERT INTO SEGURO (ID, CARACTERISTICAS, COSTO, VIGENCIA, ALOJAMIENTO_ID) VALUES (207, 'caracteristiccas207',143451,TO_DATE('2020-05-03', 'YYYY-MM-DD'), 34);
INSERT INTO HABITACION (ID, CAPACIDAD, TIPO, ALOJAMIENTO_ID) VALUES (207, 8, 0, 34);
INSERT INTO MENAJE (ID, DESCRIPCION, DISPONIBILIDAD, ALOJAMIENTO_ID) VALUES (207, 'descripcion207', 0, 34);
INSERT INTO SERVICIOS_ALOJAMIENTOS (ALOJAMIENTO_ID, SERVICIO_ID) VALUES (46, 36);
INSERT INTO REGLA (ID, DESCRIPCION, ALOJAMIENTO_ID) VALUES (208, 'descripcion208', 45);
INSERT INTO SEGURO (ID, CARACTERISTICAS, COSTO, VIGENCIA, ALOJAMIENTO_ID) VALUES (208, 'caracteristiccas208',867382,TO_DATE('2020-05-03', 'YYYY-MM-DD'), 45);
INSERT INTO HABITACION (ID, CAPACIDAD, TIPO, ALOJAMIENTO_ID) VALUES (208, 6, 0, 45);
INSERT INTO MENAJE (ID, DESCRIPCION, DISPONIBILIDAD, ALOJAMIENTO_ID) VALUES (208, 'descripcion208', 1, 45);
INSERT INTO SERVICIOS_ALOJAMIENTOS (ALOJAMIENTO_ID, SERVICIO_ID) VALUES (43, 12);
INSERT INTO REGLA (ID, DESCRIPCION, ALOJAMIENTO_ID) VALUES (209, 'descripcion209', 146);
INSERT INTO SEGURO (ID, CARACTERISTICAS, COSTO, VIGENCIA, ALOJAMIENTO_ID) VALUES (209, 'caracteristiccas209',228564,TO_DATE('2020-05-03', 'YYYY-MM-DD'), 146);
INSERT INTO HABITACION (ID, CAPACIDAD, TIPO, ALOJAMIENTO_ID) VALUES (209, 2, 0, 146);
INSERT INTO MENAJE (ID, DESCRIPCION, DISPONIBILIDAD, ALOJAMIENTO_ID) VALUES (209, 'descripcion209', 0, 146);
INSERT INTO SERVICIOS_ALOJAMIENTOS (ALOJAMIENTO_ID, SERVICIO_ID) VALUES (30, 48);
INSERT INTO REGLA (ID, DESCRIPCION, ALOJAMIENTO_ID) VALUES (210, 'descripcion210', 0);
INSERT INTO SEGURO (ID, CARACTERISTICAS, COSTO, VIGENCIA, ALOJAMIENTO_ID) VALUES (210, 'caracteristiccas210',451928,TO_DATE('2020-05-03', 'YYYY-MM-DD'), 0);
INSERT INTO HABITACION (ID, CAPACIDAD, TIPO, ALOJAMIENTO_ID) VALUES (210, 10, 0, 0);
INSERT INTO MENAJE (ID, DESCRIPCION, DISPONIBILIDAD, ALOJAMIENTO_ID) VALUES (210, 'descripcion210', 1, 0);
INSERT INTO SERVICIOS_ALOJAMIENTOS (ALOJAMIENTO_ID, SERVICIO_ID) VALUES (23, 44);
INSERT INTO REGLA (ID, DESCRIPCION, ALOJAMIENTO_ID) VALUES (211, 'descripcion211', 17);
INSERT INTO SEGURO (ID, CARACTERISTICAS, COSTO, VIGENCIA, ALOJAMIENTO_ID) VALUES (211, 'caracteristiccas211',257792,TO_DATE('2020-05-03', 'YYYY-MM-DD'), 17);
INSERT INTO HABITACION (ID, CAPACIDAD, TIPO, ALOJAMIENTO_ID) VALUES (211, 7, 3, 17);
INSERT INTO MENAJE (ID, DESCRIPCION, DISPONIBILIDAD, ALOJAMIENTO_ID) VALUES (211, 'descripcion211', 1, 17);
INSERT INTO SERVICIOS_ALOJAMIENTOS (ALOJAMIENTO_ID, SERVICIO_ID) VALUES (115, 36);
INSERT INTO REGLA (ID, DESCRIPCION, ALOJAMIENTO_ID) VALUES (212, 'descripcion212', 84);
INSERT INTO SEGURO (ID, CARACTERISTICAS, COSTO, VIGENCIA, ALOJAMIENTO_ID) VALUES (212, 'caracteristiccas212',149897,TO_DATE('2020-05-03', 'YYYY-MM-DD'), 84);
INSERT INTO HABITACION (ID, CAPACIDAD, TIPO, ALOJAMIENTO_ID) VALUES (212, 8, 1, 84);
INSERT INTO MENAJE (ID, DESCRIPCION, DISPONIBILIDAD, ALOJAMIENTO_ID) VALUES (212, 'descripcion212', 1, 84);
INSERT INTO SERVICIOS_ALOJAMIENTOS (ALOJAMIENTO_ID, SERVICIO_ID) VALUES (103, 4);
INSERT INTO REGLA (ID, DESCRIPCION, ALOJAMIENTO_ID) VALUES (213, 'descripcion213', 35);
INSERT INTO SEGURO (ID, CARACTERISTICAS, COSTO, VIGENCIA, ALOJAMIENTO_ID) VALUES (213, 'caracteristiccas213',89650,TO_DATE('2020-05-03', 'YYYY-MM-DD'), 35);
INSERT INTO HABITACION (ID, CAPACIDAD, TIPO, ALOJAMIENTO_ID) VALUES (213, 1, 0, 35);
INSERT INTO MENAJE (ID, DESCRIPCION, DISPONIBILIDAD, ALOJAMIENTO_ID) VALUES (213, 'descripcion213', 0, 35);
INSERT INTO SERVICIOS_ALOJAMIENTOS (ALOJAMIENTO_ID, SERVICIO_ID) VALUES (1, 16);
INSERT INTO REGLA (ID, DESCRIPCION, ALOJAMIENTO_ID) VALUES (214, 'descripcion214', 3);
INSERT INTO SEGURO (ID, CARACTERISTICAS, COSTO, VIGENCIA, ALOJAMIENTO_ID) VALUES (214, 'caracteristiccas214',226309,TO_DATE('2020-05-03', 'YYYY-MM-DD'), 3);
INSERT INTO HABITACION (ID, CAPACIDAD, TIPO, ALOJAMIENTO_ID) VALUES (214, 2, 2, 3);
INSERT INTO MENAJE (ID, DESCRIPCION, DISPONIBILIDAD, ALOJAMIENTO_ID) VALUES (214, 'descripcion214', 1, 3);
INSERT INTO SERVICIOS_ALOJAMIENTOS (ALOJAMIENTO_ID, SERVICIO_ID) VALUES (4, 16);
INSERT INTO REGLA (ID, DESCRIPCION, ALOJAMIENTO_ID) VALUES (215, 'descripcion215', 99);
INSERT INTO SEGURO (ID, CARACTERISTICAS, COSTO, VIGENCIA, ALOJAMIENTO_ID) VALUES (215, 'caracteristiccas215',261536,TO_DATE('2020-05-03', 'YYYY-MM-DD'), 99);
INSERT INTO HABITACION (ID, CAPACIDAD, TIPO, ALOJAMIENTO_ID) VALUES (215, 6, 2, 99);
INSERT INTO MENAJE (ID, DESCRIPCION, DISPONIBILIDAD, ALOJAMIENTO_ID) VALUES (215, 'descripcion215', 1, 99);
INSERT INTO SERVICIOS_ALOJAMIENTOS (ALOJAMIENTO_ID, SERVICIO_ID) VALUES (170, 32);
INSERT INTO REGLA (ID, DESCRIPCION, ALOJAMIENTO_ID) VALUES (216, 'descripcion216', 182);
INSERT INTO SEGURO (ID, CARACTERISTICAS, COSTO, VIGENCIA, ALOJAMIENTO_ID) VALUES (216, 'caracteristiccas216',911753,TO_DATE('2020-05-03', 'YYYY-MM-DD'), 182);
INSERT INTO HABITACION (ID, CAPACIDAD, TIPO, ALOJAMIENTO_ID) VALUES (216, 6, 0, 182);
INSERT INTO MENAJE (ID, DESCRIPCION, DISPONIBILIDAD, ALOJAMIENTO_ID) VALUES (216, 'descripcion216', 1, 182);
INSERT INTO SERVICIOS_ALOJAMIENTOS (ALOJAMIENTO_ID, SERVICIO_ID) VALUES (125, 32);
INSERT INTO REGLA (ID, DESCRIPCION, ALOJAMIENTO_ID) VALUES (217, 'descripcion217', 50);
INSERT INTO SEGURO (ID, CARACTERISTICAS, COSTO, VIGENCIA, ALOJAMIENTO_ID) VALUES (217, 'caracteristiccas217',428440,TO_DATE('2020-05-03', 'YYYY-MM-DD'), 50);
INSERT INTO HABITACION (ID, CAPACIDAD, TIPO, ALOJAMIENTO_ID) VALUES (217, 9, 0, 50);
INSERT INTO MENAJE (ID, DESCRIPCION, DISPONIBILIDAD, ALOJAMIENTO_ID) VALUES (217, 'descripcion217', 1, 50);
INSERT INTO SERVICIOS_ALOJAMIENTOS (ALOJAMIENTO_ID, SERVICIO_ID) VALUES (74, 41);
INSERT INTO REGLA (ID, DESCRIPCION, ALOJAMIENTO_ID) VALUES (218, 'descripcion218', 2);
INSERT INTO SEGURO (ID, CARACTERISTICAS, COSTO, VIGENCIA, ALOJAMIENTO_ID) VALUES (218, 'caracteristiccas218',422625,TO_DATE('2020-05-03', 'YYYY-MM-DD'), 2);
INSERT INTO HABITACION (ID, CAPACIDAD, TIPO, ALOJAMIENTO_ID) VALUES (218, 11, 3, 2);
INSERT INTO MENAJE (ID, DESCRIPCION, DISPONIBILIDAD, ALOJAMIENTO_ID) VALUES (218, 'descripcion218', 1, 2);
INSERT INTO SERVICIOS_ALOJAMIENTOS (ALOJAMIENTO_ID, SERVICIO_ID) VALUES (81, 34);
INSERT INTO REGLA (ID, DESCRIPCION, ALOJAMIENTO_ID) VALUES (219, 'descripcion219', 1);
INSERT INTO SEGURO (ID, CARACTERISTICAS, COSTO, VIGENCIA, ALOJAMIENTO_ID) VALUES (219, 'caracteristiccas219',296944,TO_DATE('2020-05-03', 'YYYY-MM-DD'), 1);
INSERT INTO HABITACION (ID, CAPACIDAD, TIPO, ALOJAMIENTO_ID) VALUES (219, 8, 1, 1);
INSERT INTO MENAJE (ID, DESCRIPCION, DISPONIBILIDAD, ALOJAMIENTO_ID) VALUES (219, 'descripcion219', 1, 1);
INSERT INTO SERVICIOS_ALOJAMIENTOS (ALOJAMIENTO_ID, SERVICIO_ID) VALUES (161, 2);
INSERT INTO REGLA (ID, DESCRIPCION, ALOJAMIENTO_ID) VALUES (220, 'descripcion220', 126);
INSERT INTO SEGURO (ID, CARACTERISTICAS, COSTO, VIGENCIA, ALOJAMIENTO_ID) VALUES (220, 'caracteristiccas220',920343,TO_DATE('2020-05-03', 'YYYY-MM-DD'), 126);
INSERT INTO HABITACION (ID, CAPACIDAD, TIPO, ALOJAMIENTO_ID) VALUES (220, 4, 2, 126);
INSERT INTO MENAJE (ID, DESCRIPCION, DISPONIBILIDAD, ALOJAMIENTO_ID) VALUES (220, 'descripcion220', 0, 126);
INSERT INTO SERVICIOS_ALOJAMIENTOS (ALOJAMIENTO_ID, SERVICIO_ID) VALUES (10, 15);
INSERT INTO REGLA (ID, DESCRIPCION, ALOJAMIENTO_ID) VALUES (221, 'descripcion221', 75);
INSERT INTO SEGURO (ID, CARACTERISTICAS, COSTO, VIGENCIA, ALOJAMIENTO_ID) VALUES (221, 'caracteristiccas221',604610,TO_DATE('2020-05-03', 'YYYY-MM-DD'), 75);
INSERT INTO HABITACION (ID, CAPACIDAD, TIPO, ALOJAMIENTO_ID) VALUES (221, 6, 1, 75);
INSERT INTO MENAJE (ID, DESCRIPCION, DISPONIBILIDAD, ALOJAMIENTO_ID) VALUES (221, 'descripcion221', 1, 75);
INSERT INTO SERVICIOS_ALOJAMIENTOS (ALOJAMIENTO_ID, SERVICIO_ID) VALUES (123, 15);
INSERT INTO REGLA (ID, DESCRIPCION, ALOJAMIENTO_ID) VALUES (222, 'descripcion222', 108);
INSERT INTO SEGURO (ID, CARACTERISTICAS, COSTO, VIGENCIA, ALOJAMIENTO_ID) VALUES (222, 'caracteristiccas222',533048,TO_DATE('2020-05-03', 'YYYY-MM-DD'), 108);
INSERT INTO HABITACION (ID, CAPACIDAD, TIPO, ALOJAMIENTO_ID) VALUES (222, 8, 3, 108);
INSERT INTO MENAJE (ID, DESCRIPCION, DISPONIBILIDAD, ALOJAMIENTO_ID) VALUES (222, 'descripcion222', 0, 108);
INSERT INTO SERVICIOS_ALOJAMIENTOS (ALOJAMIENTO_ID, SERVICIO_ID) VALUES (15, 5);
INSERT INTO REGLA (ID, DESCRIPCION, ALOJAMIENTO_ID) VALUES (223, 'descripcion223', 122);
INSERT INTO SEGURO (ID, CARACTERISTICAS, COSTO, VIGENCIA, ALOJAMIENTO_ID) VALUES (223, 'caracteristiccas223',779633,TO_DATE('2020-05-03', 'YYYY-MM-DD'), 122);
INSERT INTO HABITACION (ID, CAPACIDAD, TIPO, ALOJAMIENTO_ID) VALUES (223, 5, 0, 122);
INSERT INTO MENAJE (ID, DESCRIPCION, DISPONIBILIDAD, ALOJAMIENTO_ID) VALUES (223, 'descripcion223', 1, 122);
INSERT INTO SERVICIOS_ALOJAMIENTOS (ALOJAMIENTO_ID, SERVICIO_ID) VALUES (51, 35);
INSERT INTO REGLA (ID, DESCRIPCION, ALOJAMIENTO_ID) VALUES (224, 'descripcion224', 112);
INSERT INTO SEGURO (ID, CARACTERISTICAS, COSTO, VIGENCIA, ALOJAMIENTO_ID) VALUES (224, 'caracteristiccas224',666357,TO_DATE('2020-05-03', 'YYYY-MM-DD'), 112);
INSERT INTO HABITACION (ID, CAPACIDAD, TIPO, ALOJAMIENTO_ID) VALUES (224, 4, 2, 112);
INSERT INTO MENAJE (ID, DESCRIPCION, DISPONIBILIDAD, ALOJAMIENTO_ID) VALUES (224, 'descripcion224', 1, 112);
INSERT INTO SERVICIOS_ALOJAMIENTOS (ALOJAMIENTO_ID, SERVICIO_ID) VALUES (39, 40);
INSERT INTO REGLA (ID, DESCRIPCION, ALOJAMIENTO_ID) VALUES (225, 'descripcion225', 88);
INSERT INTO SEGURO (ID, CARACTERISTICAS, COSTO, VIGENCIA, ALOJAMIENTO_ID) VALUES (225, 'caracteristiccas225',672033,TO_DATE('2020-05-03', 'YYYY-MM-DD'), 88);
INSERT INTO HABITACION (ID, CAPACIDAD, TIPO, ALOJAMIENTO_ID) VALUES (225, 10, 2, 88);
INSERT INTO MENAJE (ID, DESCRIPCION, DISPONIBILIDAD, ALOJAMIENTO_ID) VALUES (225, 'descripcion225', 0, 88);
INSERT INTO SERVICIOS_ALOJAMIENTOS (ALOJAMIENTO_ID, SERVICIO_ID) VALUES (88, 19);
INSERT INTO REGLA (ID, DESCRIPCION, ALOJAMIENTO_ID) VALUES (226, 'descripcion226', 55);
INSERT INTO SEGURO (ID, CARACTERISTICAS, COSTO, VIGENCIA, ALOJAMIENTO_ID) VALUES (226, 'caracteristiccas226',533647,TO_DATE('2020-05-03', 'YYYY-MM-DD'), 55);
INSERT INTO HABITACION (ID, CAPACIDAD, TIPO, ALOJAMIENTO_ID) VALUES (226, 6, 2, 55);
INSERT INTO MENAJE (ID, DESCRIPCION, DISPONIBILIDAD, ALOJAMIENTO_ID) VALUES (226, 'descripcion226', 1, 55);
INSERT INTO SERVICIOS_ALOJAMIENTOS (ALOJAMIENTO_ID, SERVICIO_ID) VALUES (157, 37);
INSERT INTO REGLA (ID, DESCRIPCION, ALOJAMIENTO_ID) VALUES (227, 'descripcion227', 9);
INSERT INTO SEGURO (ID, CARACTERISTICAS, COSTO, VIGENCIA, ALOJAMIENTO_ID) VALUES (227, 'caracteristiccas227',828126,TO_DATE('2020-05-03', 'YYYY-MM-DD'), 9);
INSERT INTO HABITACION (ID, CAPACIDAD, TIPO, ALOJAMIENTO_ID) VALUES (227, 5, 1, 9);
INSERT INTO MENAJE (ID, DESCRIPCION, DISPONIBILIDAD, ALOJAMIENTO_ID) VALUES (227, 'descripcion227', 0, 9);
INSERT INTO SERVICIOS_ALOJAMIENTOS (ALOJAMIENTO_ID, SERVICIO_ID) VALUES (34, 10);
INSERT INTO REGLA (ID, DESCRIPCION, ALOJAMIENTO_ID) VALUES (228, 'descripcion228', 117);
INSERT INTO SEGURO (ID, CARACTERISTICAS, COSTO, VIGENCIA, ALOJAMIENTO_ID) VALUES (228, 'caracteristiccas228',612243,TO_DATE('2020-05-03', 'YYYY-MM-DD'), 117);
INSERT INTO HABITACION (ID, CAPACIDAD, TIPO, ALOJAMIENTO_ID) VALUES (228, 9, 3, 117);
INSERT INTO MENAJE (ID, DESCRIPCION, DISPONIBILIDAD, ALOJAMIENTO_ID) VALUES (228, 'descripcion228', 1, 117);
INSERT INTO SERVICIOS_ALOJAMIENTOS (ALOJAMIENTO_ID, SERVICIO_ID) VALUES (173, 23);
INSERT INTO REGLA (ID, DESCRIPCION, ALOJAMIENTO_ID) VALUES (229, 'descripcion229', 140);
INSERT INTO SEGURO (ID, CARACTERISTICAS, COSTO, VIGENCIA, ALOJAMIENTO_ID) VALUES (229, 'caracteristiccas229',894633,TO_DATE('2020-05-03', 'YYYY-MM-DD'), 140);
INSERT INTO HABITACION (ID, CAPACIDAD, TIPO, ALOJAMIENTO_ID) VALUES (229, 7, 2, 140);
INSERT INTO MENAJE (ID, DESCRIPCION, DISPONIBILIDAD, ALOJAMIENTO_ID) VALUES (229, 'descripcion229', 1, 140);
INSERT INTO SERVICIOS_ALOJAMIENTOS (ALOJAMIENTO_ID, SERVICIO_ID) VALUES (86, 0);
INSERT INTO REGLA (ID, DESCRIPCION, ALOJAMIENTO_ID) VALUES (230, 'descripcion230', 121);
INSERT INTO SEGURO (ID, CARACTERISTICAS, COSTO, VIGENCIA, ALOJAMIENTO_ID) VALUES (230, 'caracteristiccas230',902988,TO_DATE('2020-05-03', 'YYYY-MM-DD'), 121);
INSERT INTO HABITACION (ID, CAPACIDAD, TIPO, ALOJAMIENTO_ID) VALUES (230, 10, 1, 121);
INSERT INTO MENAJE (ID, DESCRIPCION, DISPONIBILIDAD, ALOJAMIENTO_ID) VALUES (230, 'descripcion230', 1, 121);
INSERT INTO SERVICIOS_ALOJAMIENTOS (ALOJAMIENTO_ID, SERVICIO_ID) VALUES (129, 10);
INSERT INTO REGLA (ID, DESCRIPCION, ALOJAMIENTO_ID) VALUES (231, 'descripcion231', 59);
INSERT INTO SEGURO (ID, CARACTERISTICAS, COSTO, VIGENCIA, ALOJAMIENTO_ID) VALUES (231, 'caracteristiccas231',680348,TO_DATE('2020-05-03', 'YYYY-MM-DD'), 59);
INSERT INTO HABITACION (ID, CAPACIDAD, TIPO, ALOJAMIENTO_ID) VALUES (231, 11, 0, 59);
INSERT INTO MENAJE (ID, DESCRIPCION, DISPONIBILIDAD, ALOJAMIENTO_ID) VALUES (231, 'descripcion231', 1, 59);
INSERT INTO SERVICIOS_ALOJAMIENTOS (ALOJAMIENTO_ID, SERVICIO_ID) VALUES (186, 19);
INSERT INTO REGLA (ID, DESCRIPCION, ALOJAMIENTO_ID) VALUES (232, 'descripcion232', 15);
INSERT INTO SEGURO (ID, CARACTERISTICAS, COSTO, VIGENCIA, ALOJAMIENTO_ID) VALUES (232, 'caracteristiccas232',60297,TO_DATE('2020-05-03', 'YYYY-MM-DD'), 15);
INSERT INTO HABITACION (ID, CAPACIDAD, TIPO, ALOJAMIENTO_ID) VALUES (232, 1, 2, 15);
INSERT INTO MENAJE (ID, DESCRIPCION, DISPONIBILIDAD, ALOJAMIENTO_ID) VALUES (232, 'descripcion232', 1, 15);
INSERT INTO SERVICIOS_ALOJAMIENTOS (ALOJAMIENTO_ID, SERVICIO_ID) VALUES (100, 13);
INSERT INTO REGLA (ID, DESCRIPCION, ALOJAMIENTO_ID) VALUES (233, 'descripcion233', 128);
INSERT INTO SEGURO (ID, CARACTERISTICAS, COSTO, VIGENCIA, ALOJAMIENTO_ID) VALUES (233, 'caracteristiccas233',746248,TO_DATE('2020-05-03', 'YYYY-MM-DD'), 128);
INSERT INTO HABITACION (ID, CAPACIDAD, TIPO, ALOJAMIENTO_ID) VALUES (233, 7, 3, 128);
INSERT INTO MENAJE (ID, DESCRIPCION, DISPONIBILIDAD, ALOJAMIENTO_ID) VALUES (233, 'descripcion233', 0, 128);
INSERT INTO SERVICIOS_ALOJAMIENTOS (ALOJAMIENTO_ID, SERVICIO_ID) VALUES (135, 0);
INSERT INTO REGLA (ID, DESCRIPCION, ALOJAMIENTO_ID) VALUES (234, 'descripcion234', 34);
INSERT INTO SEGURO (ID, CARACTERISTICAS, COSTO, VIGENCIA, ALOJAMIENTO_ID) VALUES (234, 'caracteristiccas234',278150,TO_DATE('2020-05-03', 'YYYY-MM-DD'), 34);
INSERT INTO HABITACION (ID, CAPACIDAD, TIPO, ALOJAMIENTO_ID) VALUES (234, 10, 2, 34);
INSERT INTO MENAJE (ID, DESCRIPCION, DISPONIBILIDAD, ALOJAMIENTO_ID) VALUES (234, 'descripcion234', 0, 34);
INSERT INTO SERVICIOS_ALOJAMIENTOS (ALOJAMIENTO_ID, SERVICIO_ID) VALUES (24, 0);
INSERT INTO REGLA (ID, DESCRIPCION, ALOJAMIENTO_ID) VALUES (235, 'descripcion235', 79);
INSERT INTO SEGURO (ID, CARACTERISTICAS, COSTO, VIGENCIA, ALOJAMIENTO_ID) VALUES (235, 'caracteristiccas235',502546,TO_DATE('2020-05-03', 'YYYY-MM-DD'), 79);
INSERT INTO HABITACION (ID, CAPACIDAD, TIPO, ALOJAMIENTO_ID) VALUES (235, 9, 2, 79);
INSERT INTO MENAJE (ID, DESCRIPCION, DISPONIBILIDAD, ALOJAMIENTO_ID) VALUES (235, 'descripcion235', 1, 79);
INSERT INTO SERVICIOS_ALOJAMIENTOS (ALOJAMIENTO_ID, SERVICIO_ID) VALUES (75, 22);
INSERT INTO REGLA (ID, DESCRIPCION, ALOJAMIENTO_ID) VALUES (236, 'descripcion236', 30);
INSERT INTO SEGURO (ID, CARACTERISTICAS, COSTO, VIGENCIA, ALOJAMIENTO_ID) VALUES (236, 'caracteristiccas236',764291,TO_DATE('2020-05-03', 'YYYY-MM-DD'), 30);
INSERT INTO HABITACION (ID, CAPACIDAD, TIPO, ALOJAMIENTO_ID) VALUES (236, 10, 0, 30);
INSERT INTO MENAJE (ID, DESCRIPCION, DISPONIBILIDAD, ALOJAMIENTO_ID) VALUES (236, 'descripcion236', 0, 30);
INSERT INTO SERVICIOS_ALOJAMIENTOS (ALOJAMIENTO_ID, SERVICIO_ID) VALUES (86, 48);
INSERT INTO REGLA (ID, DESCRIPCION, ALOJAMIENTO_ID) VALUES (237, 'descripcion237', 67);
INSERT INTO SEGURO (ID, CARACTERISTICAS, COSTO, VIGENCIA, ALOJAMIENTO_ID) VALUES (237, 'caracteristiccas237',292368,TO_DATE('2020-05-03', 'YYYY-MM-DD'), 67);
INSERT INTO HABITACION (ID, CAPACIDAD, TIPO, ALOJAMIENTO_ID) VALUES (237, 2, 3, 67);
INSERT INTO MENAJE (ID, DESCRIPCION, DISPONIBILIDAD, ALOJAMIENTO_ID) VALUES (237, 'descripcion237', 1, 67);
INSERT INTO SERVICIOS_ALOJAMIENTOS (ALOJAMIENTO_ID, SERVICIO_ID) VALUES (42, 41);
INSERT INTO REGLA (ID, DESCRIPCION, ALOJAMIENTO_ID) VALUES (238, 'descripcion238', 148);
INSERT INTO SEGURO (ID, CARACTERISTICAS, COSTO, VIGENCIA, ALOJAMIENTO_ID) VALUES (238, 'caracteristiccas238',234529,TO_DATE('2020-05-03', 'YYYY-MM-DD'), 148);
INSERT INTO HABITACION (ID, CAPACIDAD, TIPO, ALOJAMIENTO_ID) VALUES (238, 11, 3, 148);
INSERT INTO MENAJE (ID, DESCRIPCION, DISPONIBILIDAD, ALOJAMIENTO_ID) VALUES (238, 'descripcion238', 0, 148);
INSERT INTO SERVICIOS_ALOJAMIENTOS (ALOJAMIENTO_ID, SERVICIO_ID) VALUES (165, 24);
INSERT INTO REGLA (ID, DESCRIPCION, ALOJAMIENTO_ID) VALUES (239, 'descripcion239', 139);
INSERT INTO SEGURO (ID, CARACTERISTICAS, COSTO, VIGENCIA, ALOJAMIENTO_ID) VALUES (239, 'caracteristiccas239',580131,TO_DATE('2020-05-03', 'YYYY-MM-DD'), 139);
INSERT INTO HABITACION (ID, CAPACIDAD, TIPO, ALOJAMIENTO_ID) VALUES (239, 10, 2, 139);
INSERT INTO MENAJE (ID, DESCRIPCION, DISPONIBILIDAD, ALOJAMIENTO_ID) VALUES (239, 'descripcion239', 0, 139);
INSERT INTO SERVICIOS_ALOJAMIENTOS (ALOJAMIENTO_ID, SERVICIO_ID) VALUES (34, 38);
INSERT INTO REGLA (ID, DESCRIPCION, ALOJAMIENTO_ID) VALUES (240, 'descripcion240', 93);
INSERT INTO SEGURO (ID, CARACTERISTICAS, COSTO, VIGENCIA, ALOJAMIENTO_ID) VALUES (240, 'caracteristiccas240',246512,TO_DATE('2020-05-03', 'YYYY-MM-DD'), 93);
INSERT INTO HABITACION (ID, CAPACIDAD, TIPO, ALOJAMIENTO_ID) VALUES (240, 7, 3, 93);
INSERT INTO MENAJE (ID, DESCRIPCION, DISPONIBILIDAD, ALOJAMIENTO_ID) VALUES (240, 'descripcion240', 0, 93);
INSERT INTO SERVICIOS_ALOJAMIENTOS (ALOJAMIENTO_ID, SERVICIO_ID) VALUES (161, 1);
INSERT INTO REGLA (ID, DESCRIPCION, ALOJAMIENTO_ID) VALUES (241, 'descripcion241', 112);
INSERT INTO SEGURO (ID, CARACTERISTICAS, COSTO, VIGENCIA, ALOJAMIENTO_ID) VALUES (241, 'caracteristiccas241',944433,TO_DATE('2020-05-03', 'YYYY-MM-DD'), 112);
INSERT INTO HABITACION (ID, CAPACIDAD, TIPO, ALOJAMIENTO_ID) VALUES (241, 8, 2, 112);
INSERT INTO MENAJE (ID, DESCRIPCION, DISPONIBILIDAD, ALOJAMIENTO_ID) VALUES (241, 'descripcion241', 0, 112);
INSERT INTO SERVICIOS_ALOJAMIENTOS (ALOJAMIENTO_ID, SERVICIO_ID) VALUES (175, 3);
INSERT INTO REGLA (ID, DESCRIPCION, ALOJAMIENTO_ID) VALUES (242, 'descripcion242', 15);
INSERT INTO SEGURO (ID, CARACTERISTICAS, COSTO, VIGENCIA, ALOJAMIENTO_ID) VALUES (242, 'caracteristiccas242',970899,TO_DATE('2020-05-03', 'YYYY-MM-DD'), 15);
INSERT INTO HABITACION (ID, CAPACIDAD, TIPO, ALOJAMIENTO_ID) VALUES (242, 10, 3, 15);
INSERT INTO MENAJE (ID, DESCRIPCION, DISPONIBILIDAD, ALOJAMIENTO_ID) VALUES (242, 'descripcion242', 1, 15);
INSERT INTO SERVICIOS_ALOJAMIENTOS (ALOJAMIENTO_ID, SERVICIO_ID) VALUES (111, 19);
INSERT INTO REGLA (ID, DESCRIPCION, ALOJAMIENTO_ID) VALUES (243, 'descripcion243', 13);
INSERT INTO SEGURO (ID, CARACTERISTICAS, COSTO, VIGENCIA, ALOJAMIENTO_ID) VALUES (243, 'caracteristiccas243',17750,TO_DATE('2020-05-03', 'YYYY-MM-DD'), 13);
INSERT INTO HABITACION (ID, CAPACIDAD, TIPO, ALOJAMIENTO_ID) VALUES (243, 9, 1, 13);
INSERT INTO MENAJE (ID, DESCRIPCION, DISPONIBILIDAD, ALOJAMIENTO_ID) VALUES (243, 'descripcion243', 1, 13);
INSERT INTO SERVICIOS_ALOJAMIENTOS (ALOJAMIENTO_ID, SERVICIO_ID) VALUES (117, 26);
INSERT INTO REGLA (ID, DESCRIPCION, ALOJAMIENTO_ID) VALUES (244, 'descripcion244', 68);
INSERT INTO SEGURO (ID, CARACTERISTICAS, COSTO, VIGENCIA, ALOJAMIENTO_ID) VALUES (244, 'caracteristiccas244',723727,TO_DATE('2020-05-03', 'YYYY-MM-DD'), 68);
INSERT INTO HABITACION (ID, CAPACIDAD, TIPO, ALOJAMIENTO_ID) VALUES (244, 6, 1, 68);
INSERT INTO MENAJE (ID, DESCRIPCION, DISPONIBILIDAD, ALOJAMIENTO_ID) VALUES (244, 'descripcion244', 1, 68);
INSERT INTO SERVICIOS_ALOJAMIENTOS (ALOJAMIENTO_ID, SERVICIO_ID) VALUES (90, 1);
INSERT INTO REGLA (ID, DESCRIPCION, ALOJAMIENTO_ID) VALUES (245, 'descripcion245', 120);
INSERT INTO SEGURO (ID, CARACTERISTICAS, COSTO, VIGENCIA, ALOJAMIENTO_ID) VALUES (245, 'caracteristiccas245',380438,TO_DATE('2020-05-03', 'YYYY-MM-DD'), 120);
INSERT INTO HABITACION (ID, CAPACIDAD, TIPO, ALOJAMIENTO_ID) VALUES (245, 11, 2, 120);
INSERT INTO MENAJE (ID, DESCRIPCION, DISPONIBILIDAD, ALOJAMIENTO_ID) VALUES (245, 'descripcion245', 0, 120);
INSERT INTO SERVICIOS_ALOJAMIENTOS (ALOJAMIENTO_ID, SERVICIO_ID) VALUES (183, 23);
INSERT INTO REGLA (ID, DESCRIPCION, ALOJAMIENTO_ID) VALUES (246, 'descripcion246', 24);
INSERT INTO SEGURO (ID, CARACTERISTICAS, COSTO, VIGENCIA, ALOJAMIENTO_ID) VALUES (246, 'caracteristiccas246',467868,TO_DATE('2020-05-03', 'YYYY-MM-DD'), 24);
INSERT INTO HABITACION (ID, CAPACIDAD, TIPO, ALOJAMIENTO_ID) VALUES (246, 3, 1, 24);
INSERT INTO MENAJE (ID, DESCRIPCION, DISPONIBILIDAD, ALOJAMIENTO_ID) VALUES (246, 'descripcion246', 0, 24);
INSERT INTO SERVICIOS_ALOJAMIENTOS (ALOJAMIENTO_ID, SERVICIO_ID) VALUES (124, 11);
INSERT INTO REGLA (ID, DESCRIPCION, ALOJAMIENTO_ID) VALUES (247, 'descripcion247', 76);
INSERT INTO SEGURO (ID, CARACTERISTICAS, COSTO, VIGENCIA, ALOJAMIENTO_ID) VALUES (247, 'caracteristiccas247',842770,TO_DATE('2020-05-03', 'YYYY-MM-DD'), 76);
INSERT INTO HABITACION (ID, CAPACIDAD, TIPO, ALOJAMIENTO_ID) VALUES (247, 2, 1, 76);
INSERT INTO MENAJE (ID, DESCRIPCION, DISPONIBILIDAD, ALOJAMIENTO_ID) VALUES (247, 'descripcion247', 1, 76);
INSERT INTO SERVICIOS_ALOJAMIENTOS (ALOJAMIENTO_ID, SERVICIO_ID) VALUES (27, 17);
INSERT INTO REGLA (ID, DESCRIPCION, ALOJAMIENTO_ID) VALUES (248, 'descripcion248', 2);
INSERT INTO SEGURO (ID, CARACTERISTICAS, COSTO, VIGENCIA, ALOJAMIENTO_ID) VALUES (248, 'caracteristiccas248',78738,TO_DATE('2020-05-03', 'YYYY-MM-DD'), 2);
INSERT INTO HABITACION (ID, CAPACIDAD, TIPO, ALOJAMIENTO_ID) VALUES (248, 10, 2, 2);
INSERT INTO MENAJE (ID, DESCRIPCION, DISPONIBILIDAD, ALOJAMIENTO_ID) VALUES (248, 'descripcion248', 0, 2);
INSERT INTO SERVICIOS_ALOJAMIENTOS (ALOJAMIENTO_ID, SERVICIO_ID) VALUES (140, 26);
INSERT INTO REGLA (ID, DESCRIPCION, ALOJAMIENTO_ID) VALUES (249, 'descripcion249', 75);
INSERT INTO SEGURO (ID, CARACTERISTICAS, COSTO, VIGENCIA, ALOJAMIENTO_ID) VALUES (249, 'caracteristiccas249',990906,TO_DATE('2020-05-03', 'YYYY-MM-DD'), 75);
INSERT INTO HABITACION (ID, CAPACIDAD, TIPO, ALOJAMIENTO_ID) VALUES (249, 9, 0, 75);
INSERT INTO MENAJE (ID, DESCRIPCION, DISPONIBILIDAD, ALOJAMIENTO_ID) VALUES (249, 'descripcion249', 0, 75);
INSERT INTO SERVICIOS_ALOJAMIENTOS (ALOJAMIENTO_ID, SERVICIO_ID) VALUES (78, 25);
INSERT INTO REGLA (ID, DESCRIPCION, ALOJAMIENTO_ID) VALUES (250, 'descripcion250', 12);
INSERT INTO SEGURO (ID, CARACTERISTICAS, COSTO, VIGENCIA, ALOJAMIENTO_ID) VALUES (250, 'caracteristiccas250',205782,TO_DATE('2020-05-03', 'YYYY-MM-DD'), 12);
INSERT INTO HABITACION (ID, CAPACIDAD, TIPO, ALOJAMIENTO_ID) VALUES (250, 1, 1, 12);
INSERT INTO MENAJE (ID, DESCRIPCION, DISPONIBILIDAD, ALOJAMIENTO_ID) VALUES (250, 'descripcion250', 1, 12);
INSERT INTO SERVICIOS_ALOJAMIENTOS (ALOJAMIENTO_ID, SERVICIO_ID) VALUES (127, 19);
INSERT INTO REGLA (ID, DESCRIPCION, ALOJAMIENTO_ID) VALUES (251, 'descripcion251', 155);
INSERT INTO SEGURO (ID, CARACTERISTICAS, COSTO, VIGENCIA, ALOJAMIENTO_ID) VALUES (251, 'caracteristiccas251',100360,TO_DATE('2020-05-03', 'YYYY-MM-DD'), 155);
INSERT INTO HABITACION (ID, CAPACIDAD, TIPO, ALOJAMIENTO_ID) VALUES (251, 3, 0, 155);
INSERT INTO MENAJE (ID, DESCRIPCION, DISPONIBILIDAD, ALOJAMIENTO_ID) VALUES (251, 'descripcion251', 1, 155);
INSERT INTO SERVICIOS_ALOJAMIENTOS (ALOJAMIENTO_ID, SERVICIO_ID) VALUES (33, 0);
INSERT INTO REGLA (ID, DESCRIPCION, ALOJAMIENTO_ID) VALUES (252, 'descripcion252', 61);
INSERT INTO SEGURO (ID, CARACTERISTICAS, COSTO, VIGENCIA, ALOJAMIENTO_ID) VALUES (252, 'caracteristiccas252',300525,TO_DATE('2020-05-03', 'YYYY-MM-DD'), 61);
INSERT INTO HABITACION (ID, CAPACIDAD, TIPO, ALOJAMIENTO_ID) VALUES (252, 1, 1, 61);
INSERT INTO MENAJE (ID, DESCRIPCION, DISPONIBILIDAD, ALOJAMIENTO_ID) VALUES (252, 'descripcion252', 0, 61);
INSERT INTO SERVICIOS_ALOJAMIENTOS (ALOJAMIENTO_ID, SERVICIO_ID) VALUES (48, 47);
INSERT INTO REGLA (ID, DESCRIPCION, ALOJAMIENTO_ID) VALUES (253, 'descripcion253', 139);
INSERT INTO SEGURO (ID, CARACTERISTICAS, COSTO, VIGENCIA, ALOJAMIENTO_ID) VALUES (253, 'caracteristiccas253',460902,TO_DATE('2020-05-03', 'YYYY-MM-DD'), 139);
INSERT INTO HABITACION (ID, CAPACIDAD, TIPO, ALOJAMIENTO_ID) VALUES (253, 2, 2, 139);
INSERT INTO MENAJE (ID, DESCRIPCION, DISPONIBILIDAD, ALOJAMIENTO_ID) VALUES (253, 'descripcion253', 0, 139);
INSERT INTO SERVICIOS_ALOJAMIENTOS (ALOJAMIENTO_ID, SERVICIO_ID) VALUES (65, 39);
INSERT INTO REGLA (ID, DESCRIPCION, ALOJAMIENTO_ID) VALUES (254, 'descripcion254', 65);
INSERT INTO SEGURO (ID, CARACTERISTICAS, COSTO, VIGENCIA, ALOJAMIENTO_ID) VALUES (254, 'caracteristiccas254',558230,TO_DATE('2020-05-03', 'YYYY-MM-DD'), 65);
INSERT INTO HABITACION (ID, CAPACIDAD, TIPO, ALOJAMIENTO_ID) VALUES (254, 5, 3, 65);
INSERT INTO MENAJE (ID, DESCRIPCION, DISPONIBILIDAD, ALOJAMIENTO_ID) VALUES (254, 'descripcion254', 1, 65);
INSERT INTO SERVICIOS_ALOJAMIENTOS (ALOJAMIENTO_ID, SERVICIO_ID) VALUES (109, 37);
INSERT INTO REGLA (ID, DESCRIPCION, ALOJAMIENTO_ID) VALUES (255, 'descripcion255', 176);
INSERT INTO SEGURO (ID, CARACTERISTICAS, COSTO, VIGENCIA, ALOJAMIENTO_ID) VALUES (255, 'caracteristiccas255',630138,TO_DATE('2020-05-03', 'YYYY-MM-DD'), 176);
INSERT INTO HABITACION (ID, CAPACIDAD, TIPO, ALOJAMIENTO_ID) VALUES (255, 2, 2, 176);
INSERT INTO MENAJE (ID, DESCRIPCION, DISPONIBILIDAD, ALOJAMIENTO_ID) VALUES (255, 'descripcion255', 0, 176);
INSERT INTO SERVICIOS_ALOJAMIENTOS (ALOJAMIENTO_ID, SERVICIO_ID) VALUES (53, 41);
INSERT INTO REGLA (ID, DESCRIPCION, ALOJAMIENTO_ID) VALUES (256, 'descripcion256', 46);
INSERT INTO SEGURO (ID, CARACTERISTICAS, COSTO, VIGENCIA, ALOJAMIENTO_ID) VALUES (256, 'caracteristiccas256',183134,TO_DATE('2020-05-03', 'YYYY-MM-DD'), 46);
INSERT INTO HABITACION (ID, CAPACIDAD, TIPO, ALOJAMIENTO_ID) VALUES (256, 1, 3, 46);
INSERT INTO MENAJE (ID, DESCRIPCION, DISPONIBILIDAD, ALOJAMIENTO_ID) VALUES (256, 'descripcion256', 0, 46);
INSERT INTO SERVICIOS_ALOJAMIENTOS (ALOJAMIENTO_ID, SERVICIO_ID) VALUES (127, 22);
INSERT INTO REGLA (ID, DESCRIPCION, ALOJAMIENTO_ID) VALUES (257, 'descripcion257', 167);
INSERT INTO SEGURO (ID, CARACTERISTICAS, COSTO, VIGENCIA, ALOJAMIENTO_ID) VALUES (257, 'caracteristiccas257',321785,TO_DATE('2020-05-03', 'YYYY-MM-DD'), 167);
INSERT INTO HABITACION (ID, CAPACIDAD, TIPO, ALOJAMIENTO_ID) VALUES (257, 4, 2, 167);
INSERT INTO MENAJE (ID, DESCRIPCION, DISPONIBILIDAD, ALOJAMIENTO_ID) VALUES (257, 'descripcion257', 0, 167);
INSERT INTO SERVICIOS_ALOJAMIENTOS (ALOJAMIENTO_ID, SERVICIO_ID) VALUES (29, 39);
INSERT INTO REGLA (ID, DESCRIPCION, ALOJAMIENTO_ID) VALUES (258, 'descripcion258', 11);
INSERT INTO SEGURO (ID, CARACTERISTICAS, COSTO, VIGENCIA, ALOJAMIENTO_ID) VALUES (258, 'caracteristiccas258',467104,TO_DATE('2020-05-03', 'YYYY-MM-DD'), 11);
INSERT INTO HABITACION (ID, CAPACIDAD, TIPO, ALOJAMIENTO_ID) VALUES (258, 1, 3, 11);
INSERT INTO MENAJE (ID, DESCRIPCION, DISPONIBILIDAD, ALOJAMIENTO_ID) VALUES (258, 'descripcion258', 0, 11);
INSERT INTO SERVICIOS_ALOJAMIENTOS (ALOJAMIENTO_ID, SERVICIO_ID) VALUES (163, 5);
INSERT INTO REGLA (ID, DESCRIPCION, ALOJAMIENTO_ID) VALUES (259, 'descripcion259', 106);
INSERT INTO SEGURO (ID, CARACTERISTICAS, COSTO, VIGENCIA, ALOJAMIENTO_ID) VALUES (259, 'caracteristiccas259',243083,TO_DATE('2020-05-03', 'YYYY-MM-DD'), 106);
INSERT INTO HABITACION (ID, CAPACIDAD, TIPO, ALOJAMIENTO_ID) VALUES (259, 9, 2, 106);
INSERT INTO MENAJE (ID, DESCRIPCION, DISPONIBILIDAD, ALOJAMIENTO_ID) VALUES (259, 'descripcion259', 1, 106);
INSERT INTO SERVICIOS_ALOJAMIENTOS (ALOJAMIENTO_ID, SERVICIO_ID) VALUES (117, 7);
INSERT INTO REGLA (ID, DESCRIPCION, ALOJAMIENTO_ID) VALUES (260, 'descripcion260', 80);
INSERT INTO SEGURO (ID, CARACTERISTICAS, COSTO, VIGENCIA, ALOJAMIENTO_ID) VALUES (260, 'caracteristiccas260',941966,TO_DATE('2020-05-03', 'YYYY-MM-DD'), 80);
INSERT INTO HABITACION (ID, CAPACIDAD, TIPO, ALOJAMIENTO_ID) VALUES (260, 5, 1, 80);
INSERT INTO MENAJE (ID, DESCRIPCION, DISPONIBILIDAD, ALOJAMIENTO_ID) VALUES (260, 'descripcion260', 1, 80);
INSERT INTO SERVICIOS_ALOJAMIENTOS (ALOJAMIENTO_ID, SERVICIO_ID) VALUES (15, 38);
INSERT INTO REGLA (ID, DESCRIPCION, ALOJAMIENTO_ID) VALUES (261, 'descripcion261', 48);
INSERT INTO SEGURO (ID, CARACTERISTICAS, COSTO, VIGENCIA, ALOJAMIENTO_ID) VALUES (261, 'caracteristiccas261',659290,TO_DATE('2020-05-03', 'YYYY-MM-DD'), 48);
INSERT INTO HABITACION (ID, CAPACIDAD, TIPO, ALOJAMIENTO_ID) VALUES (261, 10, 0, 48);
INSERT INTO MENAJE (ID, DESCRIPCION, DISPONIBILIDAD, ALOJAMIENTO_ID) VALUES (261, 'descripcion261', 1, 48);
INSERT INTO SERVICIOS_ALOJAMIENTOS (ALOJAMIENTO_ID, SERVICIO_ID) VALUES (16, 20);
INSERT INTO REGLA (ID, DESCRIPCION, ALOJAMIENTO_ID) VALUES (262, 'descripcion262', 15);
INSERT INTO SEGURO (ID, CARACTERISTICAS, COSTO, VIGENCIA, ALOJAMIENTO_ID) VALUES (262, 'caracteristiccas262',429382,TO_DATE('2020-05-03', 'YYYY-MM-DD'), 15);
INSERT INTO HABITACION (ID, CAPACIDAD, TIPO, ALOJAMIENTO_ID) VALUES (262, 7, 1, 15);
INSERT INTO MENAJE (ID, DESCRIPCION, DISPONIBILIDAD, ALOJAMIENTO_ID) VALUES (262, 'descripcion262', 0, 15);
INSERT INTO SERVICIOS_ALOJAMIENTOS (ALOJAMIENTO_ID, SERVICIO_ID) VALUES (179, 9);
INSERT INTO REGLA (ID, DESCRIPCION, ALOJAMIENTO_ID) VALUES (263, 'descripcion263', 107);
INSERT INTO SEGURO (ID, CARACTERISTICAS, COSTO, VIGENCIA, ALOJAMIENTO_ID) VALUES (263, 'caracteristiccas263',331938,TO_DATE('2020-05-03', 'YYYY-MM-DD'), 107);
INSERT INTO HABITACION (ID, CAPACIDAD, TIPO, ALOJAMIENTO_ID) VALUES (263, 3, 0, 107);
INSERT INTO MENAJE (ID, DESCRIPCION, DISPONIBILIDAD, ALOJAMIENTO_ID) VALUES (263, 'descripcion263', 1, 107);
INSERT INTO SERVICIOS_ALOJAMIENTOS (ALOJAMIENTO_ID, SERVICIO_ID) VALUES (159, 43);
INSERT INTO REGLA (ID, DESCRIPCION, ALOJAMIENTO_ID) VALUES (264, 'descripcion264', 143);
INSERT INTO SEGURO (ID, CARACTERISTICAS, COSTO, VIGENCIA, ALOJAMIENTO_ID) VALUES (264, 'caracteristiccas264',476482,TO_DATE('2020-05-03', 'YYYY-MM-DD'), 143);
INSERT INTO HABITACION (ID, CAPACIDAD, TIPO, ALOJAMIENTO_ID) VALUES (264, 5, 3, 143);
INSERT INTO MENAJE (ID, DESCRIPCION, DISPONIBILIDAD, ALOJAMIENTO_ID) VALUES (264, 'descripcion264', 0, 143);
INSERT INTO SERVICIOS_ALOJAMIENTOS (ALOJAMIENTO_ID, SERVICIO_ID) VALUES (43, 40);
INSERT INTO REGLA (ID, DESCRIPCION, ALOJAMIENTO_ID) VALUES (265, 'descripcion265', 117);
INSERT INTO SEGURO (ID, CARACTERISTICAS, COSTO, VIGENCIA, ALOJAMIENTO_ID) VALUES (265, 'caracteristiccas265',448471,TO_DATE('2020-05-03', 'YYYY-MM-DD'), 117);
INSERT INTO HABITACION (ID, CAPACIDAD, TIPO, ALOJAMIENTO_ID) VALUES (265, 10, 2, 117);
INSERT INTO MENAJE (ID, DESCRIPCION, DISPONIBILIDAD, ALOJAMIENTO_ID) VALUES (265, 'descripcion265', 1, 117);
INSERT INTO SERVICIOS_ALOJAMIENTOS (ALOJAMIENTO_ID, SERVICIO_ID) VALUES (149, 13);
INSERT INTO REGLA (ID, DESCRIPCION, ALOJAMIENTO_ID) VALUES (266, 'descripcion266', 97);
INSERT INTO SEGURO (ID, CARACTERISTICAS, COSTO, VIGENCIA, ALOJAMIENTO_ID) VALUES (266, 'caracteristiccas266',386098,TO_DATE('2020-05-03', 'YYYY-MM-DD'), 97);
INSERT INTO HABITACION (ID, CAPACIDAD, TIPO, ALOJAMIENTO_ID) VALUES (266, 11, 3, 97);
INSERT INTO MENAJE (ID, DESCRIPCION, DISPONIBILIDAD, ALOJAMIENTO_ID) VALUES (266, 'descripcion266', 0, 97);
INSERT INTO SERVICIOS_ALOJAMIENTOS (ALOJAMIENTO_ID, SERVICIO_ID) VALUES (178, 11);
INSERT INTO REGLA (ID, DESCRIPCION, ALOJAMIENTO_ID) VALUES (267, 'descripcion267', 89);
INSERT INTO SEGURO (ID, CARACTERISTICAS, COSTO, VIGENCIA, ALOJAMIENTO_ID) VALUES (267, 'caracteristiccas267',439381,TO_DATE('2020-05-03', 'YYYY-MM-DD'), 89);
INSERT INTO HABITACION (ID, CAPACIDAD, TIPO, ALOJAMIENTO_ID) VALUES (267, 3, 2, 89);
INSERT INTO MENAJE (ID, DESCRIPCION, DISPONIBILIDAD, ALOJAMIENTO_ID) VALUES (267, 'descripcion267', 0, 89);
INSERT INTO SERVICIOS_ALOJAMIENTOS (ALOJAMIENTO_ID, SERVICIO_ID) VALUES (130, 12);
INSERT INTO REGLA (ID, DESCRIPCION, ALOJAMIENTO_ID) VALUES (268, 'descripcion268', 13);
INSERT INTO SEGURO (ID, CARACTERISTICAS, COSTO, VIGENCIA, ALOJAMIENTO_ID) VALUES (268, 'caracteristiccas268',531150,TO_DATE('2020-05-03', 'YYYY-MM-DD'), 13);
INSERT INTO HABITACION (ID, CAPACIDAD, TIPO, ALOJAMIENTO_ID) VALUES (268, 1, 2, 13);
INSERT INTO MENAJE (ID, DESCRIPCION, DISPONIBILIDAD, ALOJAMIENTO_ID) VALUES (268, 'descripcion268', 1, 13);
INSERT INTO SERVICIOS_ALOJAMIENTOS (ALOJAMIENTO_ID, SERVICIO_ID) VALUES (141, 7);
INSERT INTO REGLA (ID, DESCRIPCION, ALOJAMIENTO_ID) VALUES (269, 'descripcion269', 56);
INSERT INTO SEGURO (ID, CARACTERISTICAS, COSTO, VIGENCIA, ALOJAMIENTO_ID) VALUES (269, 'caracteristiccas269',674292,TO_DATE('2020-05-03', 'YYYY-MM-DD'), 56);
INSERT INTO HABITACION (ID, CAPACIDAD, TIPO, ALOJAMIENTO_ID) VALUES (269, 2, 3, 56);
INSERT INTO MENAJE (ID, DESCRIPCION, DISPONIBILIDAD, ALOJAMIENTO_ID) VALUES (269, 'descripcion269', 1, 56);
INSERT INTO SERVICIOS_ALOJAMIENTOS (ALOJAMIENTO_ID, SERVICIO_ID) VALUES (83, 35);
INSERT INTO REGLA (ID, DESCRIPCION, ALOJAMIENTO_ID) VALUES (270, 'descripcion270', 150);
INSERT INTO SEGURO (ID, CARACTERISTICAS, COSTO, VIGENCIA, ALOJAMIENTO_ID) VALUES (270, 'caracteristiccas270',305523,TO_DATE('2020-05-03', 'YYYY-MM-DD'), 150);
INSERT INTO HABITACION (ID, CAPACIDAD, TIPO, ALOJAMIENTO_ID) VALUES (270, 9, 2, 150);
INSERT INTO MENAJE (ID, DESCRIPCION, DISPONIBILIDAD, ALOJAMIENTO_ID) VALUES (270, 'descripcion270', 1, 150);
INSERT INTO SERVICIOS_ALOJAMIENTOS (ALOJAMIENTO_ID, SERVICIO_ID) VALUES (3, 36);
INSERT INTO REGLA (ID, DESCRIPCION, ALOJAMIENTO_ID) VALUES (271, 'descripcion271', 117);
INSERT INTO SEGURO (ID, CARACTERISTICAS, COSTO, VIGENCIA, ALOJAMIENTO_ID) VALUES (271, 'caracteristiccas271',289123,TO_DATE('2020-05-03', 'YYYY-MM-DD'), 117);
INSERT INTO HABITACION (ID, CAPACIDAD, TIPO, ALOJAMIENTO_ID) VALUES (271, 11, 1, 117);
INSERT INTO MENAJE (ID, DESCRIPCION, DISPONIBILIDAD, ALOJAMIENTO_ID) VALUES (271, 'descripcion271', 0, 117);
INSERT INTO SERVICIOS_ALOJAMIENTOS (ALOJAMIENTO_ID, SERVICIO_ID) VALUES (132, 35);
INSERT INTO REGLA (ID, DESCRIPCION, ALOJAMIENTO_ID) VALUES (272, 'descripcion272', 81);
INSERT INTO SEGURO (ID, CARACTERISTICAS, COSTO, VIGENCIA, ALOJAMIENTO_ID) VALUES (272, 'caracteristiccas272',325440,TO_DATE('2020-05-03', 'YYYY-MM-DD'), 81);
INSERT INTO HABITACION (ID, CAPACIDAD, TIPO, ALOJAMIENTO_ID) VALUES (272, 8, 0, 81);
INSERT INTO MENAJE (ID, DESCRIPCION, DISPONIBILIDAD, ALOJAMIENTO_ID) VALUES (272, 'descripcion272', 0, 81);
INSERT INTO SERVICIOS_ALOJAMIENTOS (ALOJAMIENTO_ID, SERVICIO_ID) VALUES (152, 40);
INSERT INTO REGLA (ID, DESCRIPCION, ALOJAMIENTO_ID) VALUES (273, 'descripcion273', 96);
INSERT INTO SEGURO (ID, CARACTERISTICAS, COSTO, VIGENCIA, ALOJAMIENTO_ID) VALUES (273, 'caracteristiccas273',335963,TO_DATE('2020-05-03', 'YYYY-MM-DD'), 96);
INSERT INTO HABITACION (ID, CAPACIDAD, TIPO, ALOJAMIENTO_ID) VALUES (273, 7, 0, 96);
INSERT INTO MENAJE (ID, DESCRIPCION, DISPONIBILIDAD, ALOJAMIENTO_ID) VALUES (273, 'descripcion273', 0, 96);
INSERT INTO SERVICIOS_ALOJAMIENTOS (ALOJAMIENTO_ID, SERVICIO_ID) VALUES (148, 44);
INSERT INTO REGLA (ID, DESCRIPCION, ALOJAMIENTO_ID) VALUES (274, 'descripcion274', 127);
INSERT INTO SEGURO (ID, CARACTERISTICAS, COSTO, VIGENCIA, ALOJAMIENTO_ID) VALUES (274, 'caracteristiccas274',444100,TO_DATE('2020-05-03', 'YYYY-MM-DD'), 127);
INSERT INTO HABITACION (ID, CAPACIDAD, TIPO, ALOJAMIENTO_ID) VALUES (274, 8, 2, 127);
INSERT INTO MENAJE (ID, DESCRIPCION, DISPONIBILIDAD, ALOJAMIENTO_ID) VALUES (274, 'descripcion274', 1, 127);
INSERT INTO SERVICIOS_ALOJAMIENTOS (ALOJAMIENTO_ID, SERVICIO_ID) VALUES (152, 46);
INSERT INTO REGLA (ID, DESCRIPCION, ALOJAMIENTO_ID) VALUES (275, 'descripcion275', 17);
INSERT INTO SEGURO (ID, CARACTERISTICAS, COSTO, VIGENCIA, ALOJAMIENTO_ID) VALUES (275, 'caracteristiccas275',835499,TO_DATE('2020-05-03', 'YYYY-MM-DD'), 17);
INSERT INTO HABITACION (ID, CAPACIDAD, TIPO, ALOJAMIENTO_ID) VALUES (275, 11, 0, 17);
INSERT INTO MENAJE (ID, DESCRIPCION, DISPONIBILIDAD, ALOJAMIENTO_ID) VALUES (275, 'descripcion275', 1, 17);
INSERT INTO SERVICIOS_ALOJAMIENTOS (ALOJAMIENTO_ID, SERVICIO_ID) VALUES (187, 48);
INSERT INTO REGLA (ID, DESCRIPCION, ALOJAMIENTO_ID) VALUES (276, 'descripcion276', 166);
INSERT INTO SEGURO (ID, CARACTERISTICAS, COSTO, VIGENCIA, ALOJAMIENTO_ID) VALUES (276, 'caracteristiccas276',112010,TO_DATE('2020-05-03', 'YYYY-MM-DD'), 166);
INSERT INTO HABITACION (ID, CAPACIDAD, TIPO, ALOJAMIENTO_ID) VALUES (276, 3, 2, 166);
INSERT INTO MENAJE (ID, DESCRIPCION, DISPONIBILIDAD, ALOJAMIENTO_ID) VALUES (276, 'descripcion276', 1, 166);
INSERT INTO SERVICIOS_ALOJAMIENTOS (ALOJAMIENTO_ID, SERVICIO_ID) VALUES (113, 21);
INSERT INTO REGLA (ID, DESCRIPCION, ALOJAMIENTO_ID) VALUES (277, 'descripcion277', 74);
INSERT INTO SEGURO (ID, CARACTERISTICAS, COSTO, VIGENCIA, ALOJAMIENTO_ID) VALUES (277, 'caracteristiccas277',803127,TO_DATE('2020-05-03', 'YYYY-MM-DD'), 74);
INSERT INTO HABITACION (ID, CAPACIDAD, TIPO, ALOJAMIENTO_ID) VALUES (277, 9, 0, 74);
INSERT INTO MENAJE (ID, DESCRIPCION, DISPONIBILIDAD, ALOJAMIENTO_ID) VALUES (277, 'descripcion277', 1, 74);
INSERT INTO SERVICIOS_ALOJAMIENTOS (ALOJAMIENTO_ID, SERVICIO_ID) VALUES (85, 14);
INSERT INTO REGLA (ID, DESCRIPCION, ALOJAMIENTO_ID) VALUES (278, 'descripcion278', 54);
INSERT INTO SEGURO (ID, CARACTERISTICAS, COSTO, VIGENCIA, ALOJAMIENTO_ID) VALUES (278, 'caracteristiccas278',17862,TO_DATE('2020-05-03', 'YYYY-MM-DD'), 54);
INSERT INTO HABITACION (ID, CAPACIDAD, TIPO, ALOJAMIENTO_ID) VALUES (278, 11, 2, 54);
INSERT INTO MENAJE (ID, DESCRIPCION, DISPONIBILIDAD, ALOJAMIENTO_ID) VALUES (278, 'descripcion278', 1, 54);
INSERT INTO SERVICIOS_ALOJAMIENTOS (ALOJAMIENTO_ID, SERVICIO_ID) VALUES (17, 5);
INSERT INTO REGLA (ID, DESCRIPCION, ALOJAMIENTO_ID) VALUES (279, 'descripcion279', 101);
INSERT INTO SEGURO (ID, CARACTERISTICAS, COSTO, VIGENCIA, ALOJAMIENTO_ID) VALUES (279, 'caracteristiccas279',668197,TO_DATE('2020-05-03', 'YYYY-MM-DD'), 101);
INSERT INTO HABITACION (ID, CAPACIDAD, TIPO, ALOJAMIENTO_ID) VALUES (279, 9, 2, 101);
INSERT INTO MENAJE (ID, DESCRIPCION, DISPONIBILIDAD, ALOJAMIENTO_ID) VALUES (279, 'descripcion279', 1, 101);
INSERT INTO SERVICIOS_ALOJAMIENTOS (ALOJAMIENTO_ID, SERVICIO_ID) VALUES (90, 17);
INSERT INTO REGLA (ID, DESCRIPCION, ALOJAMIENTO_ID) VALUES (280, 'descripcion280', 59);
INSERT INTO SEGURO (ID, CARACTERISTICAS, COSTO, VIGENCIA, ALOJAMIENTO_ID) VALUES (280, 'caracteristiccas280',705836,TO_DATE('2020-05-03', 'YYYY-MM-DD'), 59);
INSERT INTO HABITACION (ID, CAPACIDAD, TIPO, ALOJAMIENTO_ID) VALUES (280, 5, 2, 59);
INSERT INTO MENAJE (ID, DESCRIPCION, DISPONIBILIDAD, ALOJAMIENTO_ID) VALUES (280, 'descripcion280', 0, 59);
INSERT INTO SERVICIOS_ALOJAMIENTOS (ALOJAMIENTO_ID, SERVICIO_ID) VALUES (81, 3);
INSERT INTO REGLA (ID, DESCRIPCION, ALOJAMIENTO_ID) VALUES (281, 'descripcion281', 122);
INSERT INTO SEGURO (ID, CARACTERISTICAS, COSTO, VIGENCIA, ALOJAMIENTO_ID) VALUES (281, 'caracteristiccas281',98375,TO_DATE('2020-05-03', 'YYYY-MM-DD'), 122);
INSERT INTO HABITACION (ID, CAPACIDAD, TIPO, ALOJAMIENTO_ID) VALUES (281, 10, 1, 122);
INSERT INTO MENAJE (ID, DESCRIPCION, DISPONIBILIDAD, ALOJAMIENTO_ID) VALUES (281, 'descripcion281', 1, 122);
INSERT INTO SERVICIOS_ALOJAMIENTOS (ALOJAMIENTO_ID, SERVICIO_ID) VALUES (88, 2);
INSERT INTO REGLA (ID, DESCRIPCION, ALOJAMIENTO_ID) VALUES (282, 'descripcion282', 113);
INSERT INTO SEGURO (ID, CARACTERISTICAS, COSTO, VIGENCIA, ALOJAMIENTO_ID) VALUES (282, 'caracteristiccas282',559444,TO_DATE('2020-05-03', 'YYYY-MM-DD'), 113);
INSERT INTO HABITACION (ID, CAPACIDAD, TIPO, ALOJAMIENTO_ID) VALUES (282, 7, 0, 113);
INSERT INTO MENAJE (ID, DESCRIPCION, DISPONIBILIDAD, ALOJAMIENTO_ID) VALUES (282, 'descripcion282', 0, 113);
INSERT INTO SERVICIOS_ALOJAMIENTOS (ALOJAMIENTO_ID, SERVICIO_ID) VALUES (89, 5);
INSERT INTO REGLA (ID, DESCRIPCION, ALOJAMIENTO_ID) VALUES (283, 'descripcion283', 145);
INSERT INTO SEGURO (ID, CARACTERISTICAS, COSTO, VIGENCIA, ALOJAMIENTO_ID) VALUES (283, 'caracteristiccas283',235918,TO_DATE('2020-05-03', 'YYYY-MM-DD'), 145);
INSERT INTO HABITACION (ID, CAPACIDAD, TIPO, ALOJAMIENTO_ID) VALUES (283, 6, 0, 145);
INSERT INTO MENAJE (ID, DESCRIPCION, DISPONIBILIDAD, ALOJAMIENTO_ID) VALUES (283, 'descripcion283', 0, 145);
INSERT INTO SERVICIOS_ALOJAMIENTOS (ALOJAMIENTO_ID, SERVICIO_ID) VALUES (112, 26);
INSERT INTO REGLA (ID, DESCRIPCION, ALOJAMIENTO_ID) VALUES (284, 'descripcion284', 31);
INSERT INTO SEGURO (ID, CARACTERISTICAS, COSTO, VIGENCIA, ALOJAMIENTO_ID) VALUES (284, 'caracteristiccas284',258536,TO_DATE('2020-05-03', 'YYYY-MM-DD'), 31);
INSERT INTO HABITACION (ID, CAPACIDAD, TIPO, ALOJAMIENTO_ID) VALUES (284, 7, 3, 31);
INSERT INTO MENAJE (ID, DESCRIPCION, DISPONIBILIDAD, ALOJAMIENTO_ID) VALUES (284, 'descripcion284', 0, 31);
INSERT INTO SERVICIOS_ALOJAMIENTOS (ALOJAMIENTO_ID, SERVICIO_ID) VALUES (133, 19);
INSERT INTO REGLA (ID, DESCRIPCION, ALOJAMIENTO_ID) VALUES (285, 'descripcion285', 172);
INSERT INTO SEGURO (ID, CARACTERISTICAS, COSTO, VIGENCIA, ALOJAMIENTO_ID) VALUES (285, 'caracteristiccas285',88955,TO_DATE('2020-05-03', 'YYYY-MM-DD'), 172);
INSERT INTO HABITACION (ID, CAPACIDAD, TIPO, ALOJAMIENTO_ID) VALUES (285, 7, 1, 172);
INSERT INTO MENAJE (ID, DESCRIPCION, DISPONIBILIDAD, ALOJAMIENTO_ID) VALUES (285, 'descripcion285', 1, 172);
INSERT INTO SERVICIOS_ALOJAMIENTOS (ALOJAMIENTO_ID, SERVICIO_ID) VALUES (45, 27);
INSERT INTO REGLA (ID, DESCRIPCION, ALOJAMIENTO_ID) VALUES (286, 'descripcion286', 102);
INSERT INTO SEGURO (ID, CARACTERISTICAS, COSTO, VIGENCIA, ALOJAMIENTO_ID) VALUES (286, 'caracteristiccas286',71626,TO_DATE('2020-05-03', 'YYYY-MM-DD'), 102);
INSERT INTO HABITACION (ID, CAPACIDAD, TIPO, ALOJAMIENTO_ID) VALUES (286, 9, 1, 102);
INSERT INTO MENAJE (ID, DESCRIPCION, DISPONIBILIDAD, ALOJAMIENTO_ID) VALUES (286, 'descripcion286', 0, 102);
INSERT INTO SERVICIOS_ALOJAMIENTOS (ALOJAMIENTO_ID, SERVICIO_ID) VALUES (138, 1);
INSERT INTO REGLA (ID, DESCRIPCION, ALOJAMIENTO_ID) VALUES (287, 'descripcion287', 115);
INSERT INTO SEGURO (ID, CARACTERISTICAS, COSTO, VIGENCIA, ALOJAMIENTO_ID) VALUES (287, 'caracteristiccas287',684874,TO_DATE('2020-05-03', 'YYYY-MM-DD'), 115);
INSERT INTO HABITACION (ID, CAPACIDAD, TIPO, ALOJAMIENTO_ID) VALUES (287, 3, 0, 115);
INSERT INTO MENAJE (ID, DESCRIPCION, DISPONIBILIDAD, ALOJAMIENTO_ID) VALUES (287, 'descripcion287', 1, 115);
INSERT INTO SERVICIOS_ALOJAMIENTOS (ALOJAMIENTO_ID, SERVICIO_ID) VALUES (8, 42);
INSERT INTO REGLA (ID, DESCRIPCION, ALOJAMIENTO_ID) VALUES (288, 'descripcion288', 101);
INSERT INTO SEGURO (ID, CARACTERISTICAS, COSTO, VIGENCIA, ALOJAMIENTO_ID) VALUES (288, 'caracteristiccas288',583219,TO_DATE('2020-05-03', 'YYYY-MM-DD'), 101);
INSERT INTO HABITACION (ID, CAPACIDAD, TIPO, ALOJAMIENTO_ID) VALUES (288, 4, 1, 101);
INSERT INTO MENAJE (ID, DESCRIPCION, DISPONIBILIDAD, ALOJAMIENTO_ID) VALUES (288, 'descripcion288', 0, 101);
INSERT INTO SERVICIOS_ALOJAMIENTOS (ALOJAMIENTO_ID, SERVICIO_ID) VALUES (125, 12);
INSERT INTO REGLA (ID, DESCRIPCION, ALOJAMIENTO_ID) VALUES (289, 'descripcion289', 94);
INSERT INTO SEGURO (ID, CARACTERISTICAS, COSTO, VIGENCIA, ALOJAMIENTO_ID) VALUES (289, 'caracteristiccas289',145376,TO_DATE('2020-05-03', 'YYYY-MM-DD'), 94);
INSERT INTO HABITACION (ID, CAPACIDAD, TIPO, ALOJAMIENTO_ID) VALUES (289, 9, 3, 94);
INSERT INTO MENAJE (ID, DESCRIPCION, DISPONIBILIDAD, ALOJAMIENTO_ID) VALUES (289, 'descripcion289', 0, 94);
INSERT INTO SERVICIOS_ALOJAMIENTOS (ALOJAMIENTO_ID, SERVICIO_ID) VALUES (48, 0);
INSERT INTO REGLA (ID, DESCRIPCION, ALOJAMIENTO_ID) VALUES (290, 'descripcion290', 44);
INSERT INTO SEGURO (ID, CARACTERISTICAS, COSTO, VIGENCIA, ALOJAMIENTO_ID) VALUES (290, 'caracteristiccas290',98950,TO_DATE('2020-05-03', 'YYYY-MM-DD'), 44);
INSERT INTO HABITACION (ID, CAPACIDAD, TIPO, ALOJAMIENTO_ID) VALUES (290, 1, 0, 44);
INSERT INTO MENAJE (ID, DESCRIPCION, DISPONIBILIDAD, ALOJAMIENTO_ID) VALUES (290, 'descripcion290', 1, 44);
INSERT INTO SERVICIOS_ALOJAMIENTOS (ALOJAMIENTO_ID, SERVICIO_ID) VALUES (154, 20);
INSERT INTO REGLA (ID, DESCRIPCION, ALOJAMIENTO_ID) VALUES (291, 'descripcion291', 13);
INSERT INTO SEGURO (ID, CARACTERISTICAS, COSTO, VIGENCIA, ALOJAMIENTO_ID) VALUES (291, 'caracteristiccas291',517399,TO_DATE('2020-05-03', 'YYYY-MM-DD'), 13);
INSERT INTO HABITACION (ID, CAPACIDAD, TIPO, ALOJAMIENTO_ID) VALUES (291, 2, 1, 13);
INSERT INTO MENAJE (ID, DESCRIPCION, DISPONIBILIDAD, ALOJAMIENTO_ID) VALUES (291, 'descripcion291', 1, 13);
INSERT INTO SERVICIOS_ALOJAMIENTOS (ALOJAMIENTO_ID, SERVICIO_ID) VALUES (57, 45);
INSERT INTO REGLA (ID, DESCRIPCION, ALOJAMIENTO_ID) VALUES (292, 'descripcion292', 24);
INSERT INTO SEGURO (ID, CARACTERISTICAS, COSTO, VIGENCIA, ALOJAMIENTO_ID) VALUES (292, 'caracteristiccas292',199904,TO_DATE('2020-05-03', 'YYYY-MM-DD'), 24);
INSERT INTO HABITACION (ID, CAPACIDAD, TIPO, ALOJAMIENTO_ID) VALUES (292, 8, 3, 24);
INSERT INTO MENAJE (ID, DESCRIPCION, DISPONIBILIDAD, ALOJAMIENTO_ID) VALUES (292, 'descripcion292', 0, 24);
INSERT INTO SERVICIOS_ALOJAMIENTOS (ALOJAMIENTO_ID, SERVICIO_ID) VALUES (133, 30);
INSERT INTO REGLA (ID, DESCRIPCION, ALOJAMIENTO_ID) VALUES (293, 'descripcion293', 71);
INSERT INTO SEGURO (ID, CARACTERISTICAS, COSTO, VIGENCIA, ALOJAMIENTO_ID) VALUES (293, 'caracteristiccas293',815892,TO_DATE('2020-05-03', 'YYYY-MM-DD'), 71);
INSERT INTO HABITACION (ID, CAPACIDAD, TIPO, ALOJAMIENTO_ID) VALUES (293, 3, 2, 71);
INSERT INTO MENAJE (ID, DESCRIPCION, DISPONIBILIDAD, ALOJAMIENTO_ID) VALUES (293, 'descripcion293', 0, 71);
INSERT INTO SERVICIOS_ALOJAMIENTOS (ALOJAMIENTO_ID, SERVICIO_ID) VALUES (177, 28);
INSERT INTO REGLA (ID, DESCRIPCION, ALOJAMIENTO_ID) VALUES (294, 'descripcion294', 54);
INSERT INTO SEGURO (ID, CARACTERISTICAS, COSTO, VIGENCIA, ALOJAMIENTO_ID) VALUES (294, 'caracteristiccas294',668757,TO_DATE('2020-05-03', 'YYYY-MM-DD'), 54);
INSERT INTO HABITACION (ID, CAPACIDAD, TIPO, ALOJAMIENTO_ID) VALUES (294, 8, 2, 54);
INSERT INTO MENAJE (ID, DESCRIPCION, DISPONIBILIDAD, ALOJAMIENTO_ID) VALUES (294, 'descripcion294', 1, 54);
INSERT INTO SERVICIOS_ALOJAMIENTOS (ALOJAMIENTO_ID, SERVICIO_ID) VALUES (99, 26);
INSERT INTO REGLA (ID, DESCRIPCION, ALOJAMIENTO_ID) VALUES (295, 'descripcion295', 85);
INSERT INTO SEGURO (ID, CARACTERISTICAS, COSTO, VIGENCIA, ALOJAMIENTO_ID) VALUES (295, 'caracteristiccas295',356320,TO_DATE('2020-05-03', 'YYYY-MM-DD'), 85);
INSERT INTO HABITACION (ID, CAPACIDAD, TIPO, ALOJAMIENTO_ID) VALUES (295, 1, 2, 85);
INSERT INTO MENAJE (ID, DESCRIPCION, DISPONIBILIDAD, ALOJAMIENTO_ID) VALUES (295, 'descripcion295', 0, 85);
INSERT INTO SERVICIOS_ALOJAMIENTOS (ALOJAMIENTO_ID, SERVICIO_ID) VALUES (86, 48);
INSERT INTO REGLA (ID, DESCRIPCION, ALOJAMIENTO_ID) VALUES (296, 'descripcion296', 58);
INSERT INTO SEGURO (ID, CARACTERISTICAS, COSTO, VIGENCIA, ALOJAMIENTO_ID) VALUES (296, 'caracteristiccas296',53744,TO_DATE('2020-05-03', 'YYYY-MM-DD'), 58);
INSERT INTO HABITACION (ID, CAPACIDAD, TIPO, ALOJAMIENTO_ID) VALUES (296, 10, 1, 58);
INSERT INTO MENAJE (ID, DESCRIPCION, DISPONIBILIDAD, ALOJAMIENTO_ID) VALUES (296, 'descripcion296', 0, 58);
INSERT INTO SERVICIOS_ALOJAMIENTOS (ALOJAMIENTO_ID, SERVICIO_ID) VALUES (171, 2);
INSERT INTO REGLA (ID, DESCRIPCION, ALOJAMIENTO_ID) VALUES (297, 'descripcion297', 128);
INSERT INTO SEGURO (ID, CARACTERISTICAS, COSTO, VIGENCIA, ALOJAMIENTO_ID) VALUES (297, 'caracteristiccas297',418574,TO_DATE('2020-05-03', 'YYYY-MM-DD'), 128);
INSERT INTO HABITACION (ID, CAPACIDAD, TIPO, ALOJAMIENTO_ID) VALUES (297, 7, 3, 128);
INSERT INTO MENAJE (ID, DESCRIPCION, DISPONIBILIDAD, ALOJAMIENTO_ID) VALUES (297, 'descripcion297', 0, 128);
INSERT INTO SERVICIOS_ALOJAMIENTOS (ALOJAMIENTO_ID, SERVICIO_ID) VALUES (142, 5);
INSERT INTO REGLA (ID, DESCRIPCION, ALOJAMIENTO_ID) VALUES (298, 'descripcion298', 55);
INSERT INTO SEGURO (ID, CARACTERISTICAS, COSTO, VIGENCIA, ALOJAMIENTO_ID) VALUES (298, 'caracteristiccas298',775710,TO_DATE('2020-05-03', 'YYYY-MM-DD'), 55);
INSERT INTO HABITACION (ID, CAPACIDAD, TIPO, ALOJAMIENTO_ID) VALUES (298, 10, 1, 55);
INSERT INTO MENAJE (ID, DESCRIPCION, DISPONIBILIDAD, ALOJAMIENTO_ID) VALUES (298, 'descripcion298', 0, 55);
INSERT INTO SERVICIOS_ALOJAMIENTOS (ALOJAMIENTO_ID, SERVICIO_ID) VALUES (127, 37);
INSERT INTO REGLA (ID, DESCRIPCION, ALOJAMIENTO_ID) VALUES (299, 'descripcion299', 110);
INSERT INTO SEGURO (ID, CARACTERISTICAS, COSTO, VIGENCIA, ALOJAMIENTO_ID) VALUES (299, 'caracteristiccas299',357847,TO_DATE('2020-05-03', 'YYYY-MM-DD'), 110);
INSERT INTO HABITACION (ID, CAPACIDAD, TIPO, ALOJAMIENTO_ID) VALUES (299, 11, 3, 110);
INSERT INTO MENAJE (ID, DESCRIPCION, DISPONIBILIDAD, ALOJAMIENTO_ID) VALUES (299, 'descripcion299', 0, 110);
INSERT INTO SERVICIOS_ALOJAMIENTOS (ALOJAMIENTO_ID, SERVICIO_ID) VALUES (65, 16);
INSERT INTO REGLA (ID, DESCRIPCION, ALOJAMIENTO_ID) VALUES (300, 'descripcion300', 16);
INSERT INTO SEGURO (ID, CARACTERISTICAS, COSTO, VIGENCIA, ALOJAMIENTO_ID) VALUES (300, 'caracteristiccas300',790175,TO_DATE('2020-05-03', 'YYYY-MM-DD'), 16);
INSERT INTO HABITACION (ID, CAPACIDAD, TIPO, ALOJAMIENTO_ID) VALUES (300, 5, 0, 16);
INSERT INTO MENAJE (ID, DESCRIPCION, DISPONIBILIDAD, ALOJAMIENTO_ID) VALUES (300, 'descripcion300', 1, 16);
INSERT INTO SERVICIOS_ALOJAMIENTOS (ALOJAMIENTO_ID, SERVICIO_ID) VALUES (25, 25);
INSERT INTO REGLA (ID, DESCRIPCION, ALOJAMIENTO_ID) VALUES (301, 'descripcion301', 136);
INSERT INTO SEGURO (ID, CARACTERISTICAS, COSTO, VIGENCIA, ALOJAMIENTO_ID) VALUES (301, 'caracteristiccas301',305269,TO_DATE('2020-05-03', 'YYYY-MM-DD'), 136);
INSERT INTO HABITACION (ID, CAPACIDAD, TIPO, ALOJAMIENTO_ID) VALUES (301, 6, 1, 136);
INSERT INTO MENAJE (ID, DESCRIPCION, DISPONIBILIDAD, ALOJAMIENTO_ID) VALUES (301, 'descripcion301', 1, 136);
INSERT INTO SERVICIOS_ALOJAMIENTOS (ALOJAMIENTO_ID, SERVICIO_ID) VALUES (24, 38);
INSERT INTO REGLA (ID, DESCRIPCION, ALOJAMIENTO_ID) VALUES (302, 'descripcion302', 50);
INSERT INTO SEGURO (ID, CARACTERISTICAS, COSTO, VIGENCIA, ALOJAMIENTO_ID) VALUES (302, 'caracteristiccas302',357387,TO_DATE('2020-05-03', 'YYYY-MM-DD'), 50);
INSERT INTO HABITACION (ID, CAPACIDAD, TIPO, ALOJAMIENTO_ID) VALUES (302, 10, 1, 50);
INSERT INTO MENAJE (ID, DESCRIPCION, DISPONIBILIDAD, ALOJAMIENTO_ID) VALUES (302, 'descripcion302', 0, 50);
INSERT INTO SERVICIOS_ALOJAMIENTOS (ALOJAMIENTO_ID, SERVICIO_ID) VALUES (77, 48);
INSERT INTO REGLA (ID, DESCRIPCION, ALOJAMIENTO_ID) VALUES (303, 'descripcion303', 6);
INSERT INTO SEGURO (ID, CARACTERISTICAS, COSTO, VIGENCIA, ALOJAMIENTO_ID) VALUES (303, 'caracteristiccas303',347061,TO_DATE('2020-05-03', 'YYYY-MM-DD'), 6);
INSERT INTO HABITACION (ID, CAPACIDAD, TIPO, ALOJAMIENTO_ID) VALUES (303, 11, 2, 6);
INSERT INTO MENAJE (ID, DESCRIPCION, DISPONIBILIDAD, ALOJAMIENTO_ID) VALUES (303, 'descripcion303', 1, 6);
INSERT INTO SERVICIOS_ALOJAMIENTOS (ALOJAMIENTO_ID, SERVICIO_ID) VALUES (22, 8);
INSERT INTO REGLA (ID, DESCRIPCION, ALOJAMIENTO_ID) VALUES (304, 'descripcion304', 129);
INSERT INTO SEGURO (ID, CARACTERISTICAS, COSTO, VIGENCIA, ALOJAMIENTO_ID) VALUES (304, 'caracteristiccas304',790576,TO_DATE('2020-05-03', 'YYYY-MM-DD'), 129);
INSERT INTO HABITACION (ID, CAPACIDAD, TIPO, ALOJAMIENTO_ID) VALUES (304, 8, 0, 129);
INSERT INTO MENAJE (ID, DESCRIPCION, DISPONIBILIDAD, ALOJAMIENTO_ID) VALUES (304, 'descripcion304', 1, 129);
INSERT INTO SERVICIOS_ALOJAMIENTOS (ALOJAMIENTO_ID, SERVICIO_ID) VALUES (17, 34);
INSERT INTO REGLA (ID, DESCRIPCION, ALOJAMIENTO_ID) VALUES (305, 'descripcion305', 14);
INSERT INTO SEGURO (ID, CARACTERISTICAS, COSTO, VIGENCIA, ALOJAMIENTO_ID) VALUES (305, 'caracteristiccas305',649108,TO_DATE('2020-05-03', 'YYYY-MM-DD'), 14);
INSERT INTO HABITACION (ID, CAPACIDAD, TIPO, ALOJAMIENTO_ID) VALUES (305, 5, 3, 14);
INSERT INTO MENAJE (ID, DESCRIPCION, DISPONIBILIDAD, ALOJAMIENTO_ID) VALUES (305, 'descripcion305', 1, 14);
INSERT INTO SERVICIOS_ALOJAMIENTOS (ALOJAMIENTO_ID, SERVICIO_ID) VALUES (70, 7);
INSERT INTO REGLA (ID, DESCRIPCION, ALOJAMIENTO_ID) VALUES (306, 'descripcion306', 17);
INSERT INTO SEGURO (ID, CARACTERISTICAS, COSTO, VIGENCIA, ALOJAMIENTO_ID) VALUES (306, 'caracteristiccas306',244359,TO_DATE('2020-05-03', 'YYYY-MM-DD'), 17);
INSERT INTO HABITACION (ID, CAPACIDAD, TIPO, ALOJAMIENTO_ID) VALUES (306, 11, 3, 17);
INSERT INTO MENAJE (ID, DESCRIPCION, DISPONIBILIDAD, ALOJAMIENTO_ID) VALUES (306, 'descripcion306', 0, 17);
INSERT INTO SERVICIOS_ALOJAMIENTOS (ALOJAMIENTO_ID, SERVICIO_ID) VALUES (149, 45);
INSERT INTO REGLA (ID, DESCRIPCION, ALOJAMIENTO_ID) VALUES (307, 'descripcion307', 128);
INSERT INTO SEGURO (ID, CARACTERISTICAS, COSTO, VIGENCIA, ALOJAMIENTO_ID) VALUES (307, 'caracteristiccas307',92761,TO_DATE('2020-05-03', 'YYYY-MM-DD'), 128);
INSERT INTO HABITACION (ID, CAPACIDAD, TIPO, ALOJAMIENTO_ID) VALUES (307, 3, 1, 128);
INSERT INTO MENAJE (ID, DESCRIPCION, DISPONIBILIDAD, ALOJAMIENTO_ID) VALUES (307, 'descripcion307', 0, 128);
INSERT INTO SERVICIOS_ALOJAMIENTOS (ALOJAMIENTO_ID, SERVICIO_ID) VALUES (21, 38);
INSERT INTO REGLA (ID, DESCRIPCION, ALOJAMIENTO_ID) VALUES (308, 'descripcion308', 170);
INSERT INTO SEGURO (ID, CARACTERISTICAS, COSTO, VIGENCIA, ALOJAMIENTO_ID) VALUES (308, 'caracteristiccas308',920275,TO_DATE('2020-05-03', 'YYYY-MM-DD'), 170);
INSERT INTO HABITACION (ID, CAPACIDAD, TIPO, ALOJAMIENTO_ID) VALUES (308, 10, 3, 170);
INSERT INTO MENAJE (ID, DESCRIPCION, DISPONIBILIDAD, ALOJAMIENTO_ID) VALUES (308, 'descripcion308', 1, 170);
INSERT INTO SERVICIOS_ALOJAMIENTOS (ALOJAMIENTO_ID, SERVICIO_ID) VALUES (86, 48);
INSERT INTO REGLA (ID, DESCRIPCION, ALOJAMIENTO_ID) VALUES (309, 'descripcion309', 70);
INSERT INTO SEGURO (ID, CARACTERISTICAS, COSTO, VIGENCIA, ALOJAMIENTO_ID) VALUES (309, 'caracteristiccas309',67087,TO_DATE('2020-05-03', 'YYYY-MM-DD'), 70);
INSERT INTO HABITACION (ID, CAPACIDAD, TIPO, ALOJAMIENTO_ID) VALUES (309, 11, 3, 70);
INSERT INTO MENAJE (ID, DESCRIPCION, DISPONIBILIDAD, ALOJAMIENTO_ID) VALUES (309, 'descripcion309', 1, 70);
INSERT INTO SERVICIOS_ALOJAMIENTOS (ALOJAMIENTO_ID, SERVICIO_ID) VALUES (95, 32);
INSERT INTO REGLA (ID, DESCRIPCION, ALOJAMIENTO_ID) VALUES (310, 'descripcion310', 73);
INSERT INTO SEGURO (ID, CARACTERISTICAS, COSTO, VIGENCIA, ALOJAMIENTO_ID) VALUES (310, 'caracteristiccas310',350204,TO_DATE('2020-05-03', 'YYYY-MM-DD'), 73);
INSERT INTO HABITACION (ID, CAPACIDAD, TIPO, ALOJAMIENTO_ID) VALUES (310, 7, 2, 73);
INSERT INTO MENAJE (ID, DESCRIPCION, DISPONIBILIDAD, ALOJAMIENTO_ID) VALUES (310, 'descripcion310', 1, 73);
INSERT INTO SERVICIOS_ALOJAMIENTOS (ALOJAMIENTO_ID, SERVICIO_ID) VALUES (99, 12);
INSERT INTO REGLA (ID, DESCRIPCION, ALOJAMIENTO_ID) VALUES (311, 'descripcion311', 36);
INSERT INTO SEGURO (ID, CARACTERISTICAS, COSTO, VIGENCIA, ALOJAMIENTO_ID) VALUES (311, 'caracteristiccas311',294241,TO_DATE('2020-05-03', 'YYYY-MM-DD'), 36);
INSERT INTO HABITACION (ID, CAPACIDAD, TIPO, ALOJAMIENTO_ID) VALUES (311, 3, 3, 36);
INSERT INTO MENAJE (ID, DESCRIPCION, DISPONIBILIDAD, ALOJAMIENTO_ID) VALUES (311, 'descripcion311', 0, 36);
INSERT INTO SERVICIOS_ALOJAMIENTOS (ALOJAMIENTO_ID, SERVICIO_ID) VALUES (169, 16);
INSERT INTO REGLA (ID, DESCRIPCION, ALOJAMIENTO_ID) VALUES (312, 'descripcion312', 159);
INSERT INTO SEGURO (ID, CARACTERISTICAS, COSTO, VIGENCIA, ALOJAMIENTO_ID) VALUES (312, 'caracteristiccas312',837139,TO_DATE('2020-05-03', 'YYYY-MM-DD'), 159);
INSERT INTO HABITACION (ID, CAPACIDAD, TIPO, ALOJAMIENTO_ID) VALUES (312, 3, 2, 159);
INSERT INTO MENAJE (ID, DESCRIPCION, DISPONIBILIDAD, ALOJAMIENTO_ID) VALUES (312, 'descripcion312', 1, 159);
INSERT INTO SERVICIOS_ALOJAMIENTOS (ALOJAMIENTO_ID, SERVICIO_ID) VALUES (68, 19);
INSERT INTO REGLA (ID, DESCRIPCION, ALOJAMIENTO_ID) VALUES (313, 'descripcion313', 22);
INSERT INTO SEGURO (ID, CARACTERISTICAS, COSTO, VIGENCIA, ALOJAMIENTO_ID) VALUES (313, 'caracteristiccas313',96313,TO_DATE('2020-05-03', 'YYYY-MM-DD'), 22);
INSERT INTO HABITACION (ID, CAPACIDAD, TIPO, ALOJAMIENTO_ID) VALUES (313, 7, 1, 22);
INSERT INTO MENAJE (ID, DESCRIPCION, DISPONIBILIDAD, ALOJAMIENTO_ID) VALUES (313, 'descripcion313', 0, 22);
INSERT INTO SERVICIOS_ALOJAMIENTOS (ALOJAMIENTO_ID, SERVICIO_ID) VALUES (186, 27);
INSERT INTO REGLA (ID, DESCRIPCION, ALOJAMIENTO_ID) VALUES (314, 'descripcion314', 151);
INSERT INTO SEGURO (ID, CARACTERISTICAS, COSTO, VIGENCIA, ALOJAMIENTO_ID) VALUES (314, 'caracteristiccas314',959784,TO_DATE('2020-05-03', 'YYYY-MM-DD'), 151);
INSERT INTO HABITACION (ID, CAPACIDAD, TIPO, ALOJAMIENTO_ID) VALUES (314, 6, 1, 151);
INSERT INTO MENAJE (ID, DESCRIPCION, DISPONIBILIDAD, ALOJAMIENTO_ID) VALUES (314, 'descripcion314', 1, 151);
INSERT INTO SERVICIOS_ALOJAMIENTOS (ALOJAMIENTO_ID, SERVICIO_ID) VALUES (40, 38);
INSERT INTO REGLA (ID, DESCRIPCION, ALOJAMIENTO_ID) VALUES (315, 'descripcion315', 170);
INSERT INTO SEGURO (ID, CARACTERISTICAS, COSTO, VIGENCIA, ALOJAMIENTO_ID) VALUES (315, 'caracteristiccas315',2866,TO_DATE('2020-05-03', 'YYYY-MM-DD'), 170);
INSERT INTO HABITACION (ID, CAPACIDAD, TIPO, ALOJAMIENTO_ID) VALUES (315, 10, 1, 170);
INSERT INTO MENAJE (ID, DESCRIPCION, DISPONIBILIDAD, ALOJAMIENTO_ID) VALUES (315, 'descripcion315', 1, 170);
INSERT INTO SERVICIOS_ALOJAMIENTOS (ALOJAMIENTO_ID, SERVICIO_ID) VALUES (37, 30);
INSERT INTO REGLA (ID, DESCRIPCION, ALOJAMIENTO_ID) VALUES (316, 'descripcion316', 24);
INSERT INTO SEGURO (ID, CARACTERISTICAS, COSTO, VIGENCIA, ALOJAMIENTO_ID) VALUES (316, 'caracteristiccas316',498520,TO_DATE('2020-05-03', 'YYYY-MM-DD'), 24);
INSERT INTO HABITACION (ID, CAPACIDAD, TIPO, ALOJAMIENTO_ID) VALUES (316, 10, 1, 24);
INSERT INTO MENAJE (ID, DESCRIPCION, DISPONIBILIDAD, ALOJAMIENTO_ID) VALUES (316, 'descripcion316', 0, 24);
INSERT INTO SERVICIOS_ALOJAMIENTOS (ALOJAMIENTO_ID, SERVICIO_ID) VALUES (4, 25);
INSERT INTO REGLA (ID, DESCRIPCION, ALOJAMIENTO_ID) VALUES (317, 'descripcion317', 20);
INSERT INTO SEGURO (ID, CARACTERISTICAS, COSTO, VIGENCIA, ALOJAMIENTO_ID) VALUES (317, 'caracteristiccas317',363898,TO_DATE('2020-05-03', 'YYYY-MM-DD'), 20);
INSERT INTO HABITACION (ID, CAPACIDAD, TIPO, ALOJAMIENTO_ID) VALUES (317, 3, 0, 20);
INSERT INTO MENAJE (ID, DESCRIPCION, DISPONIBILIDAD, ALOJAMIENTO_ID) VALUES (317, 'descripcion317', 1, 20);
INSERT INTO SERVICIOS_ALOJAMIENTOS (ALOJAMIENTO_ID, SERVICIO_ID) VALUES (7, 32);
INSERT INTO REGLA (ID, DESCRIPCION, ALOJAMIENTO_ID) VALUES (318, 'descripcion318', 58);
INSERT INTO SEGURO (ID, CARACTERISTICAS, COSTO, VIGENCIA, ALOJAMIENTO_ID) VALUES (318, 'caracteristiccas318',6076,TO_DATE('2020-05-03', 'YYYY-MM-DD'), 58);
INSERT INTO HABITACION (ID, CAPACIDAD, TIPO, ALOJAMIENTO_ID) VALUES (318, 6, 3, 58);
INSERT INTO MENAJE (ID, DESCRIPCION, DISPONIBILIDAD, ALOJAMIENTO_ID) VALUES (318, 'descripcion318', 1, 58);
INSERT INTO SERVICIOS_ALOJAMIENTOS (ALOJAMIENTO_ID, SERVICIO_ID) VALUES (155, 17);
INSERT INTO REGLA (ID, DESCRIPCION, ALOJAMIENTO_ID) VALUES (319, 'descripcion319', 32);
INSERT INTO SEGURO (ID, CARACTERISTICAS, COSTO, VIGENCIA, ALOJAMIENTO_ID) VALUES (319, 'caracteristiccas319',486106,TO_DATE('2020-05-03', 'YYYY-MM-DD'), 32);
INSERT INTO HABITACION (ID, CAPACIDAD, TIPO, ALOJAMIENTO_ID) VALUES (319, 7, 0, 32);
INSERT INTO MENAJE (ID, DESCRIPCION, DISPONIBILIDAD, ALOJAMIENTO_ID) VALUES (319, 'descripcion319', 0, 32);
INSERT INTO SERVICIOS_ALOJAMIENTOS (ALOJAMIENTO_ID, SERVICIO_ID) VALUES (66, 3);
INSERT INTO REGLA (ID, DESCRIPCION, ALOJAMIENTO_ID) VALUES (320, 'descripcion320', 16);
INSERT INTO SEGURO (ID, CARACTERISTICAS, COSTO, VIGENCIA, ALOJAMIENTO_ID) VALUES (320, 'caracteristiccas320',570969,TO_DATE('2020-05-03', 'YYYY-MM-DD'), 16);
INSERT INTO HABITACION (ID, CAPACIDAD, TIPO, ALOJAMIENTO_ID) VALUES (320, 11, 3, 16);
INSERT INTO MENAJE (ID, DESCRIPCION, DISPONIBILIDAD, ALOJAMIENTO_ID) VALUES (320, 'descripcion320', 0, 16);
INSERT INTO SERVICIOS_ALOJAMIENTOS (ALOJAMIENTO_ID, SERVICIO_ID) VALUES (155, 29);
INSERT INTO REGLA (ID, DESCRIPCION, ALOJAMIENTO_ID) VALUES (321, 'descripcion321', 67);
INSERT INTO SEGURO (ID, CARACTERISTICAS, COSTO, VIGENCIA, ALOJAMIENTO_ID) VALUES (321, 'caracteristiccas321',822038,TO_DATE('2020-05-03', 'YYYY-MM-DD'), 67);
INSERT INTO HABITACION (ID, CAPACIDAD, TIPO, ALOJAMIENTO_ID) VALUES (321, 3, 0, 67);
INSERT INTO MENAJE (ID, DESCRIPCION, DISPONIBILIDAD, ALOJAMIENTO_ID) VALUES (321, 'descripcion321', 1, 67);
INSERT INTO SERVICIOS_ALOJAMIENTOS (ALOJAMIENTO_ID, SERVICIO_ID) VALUES (42, 4);
INSERT INTO REGLA (ID, DESCRIPCION, ALOJAMIENTO_ID) VALUES (322, 'descripcion322', 75);
INSERT INTO SEGURO (ID, CARACTERISTICAS, COSTO, VIGENCIA, ALOJAMIENTO_ID) VALUES (322, 'caracteristiccas322',716354,TO_DATE('2020-05-03', 'YYYY-MM-DD'), 75);
INSERT INTO HABITACION (ID, CAPACIDAD, TIPO, ALOJAMIENTO_ID) VALUES (322, 9, 0, 75);
INSERT INTO MENAJE (ID, DESCRIPCION, DISPONIBILIDAD, ALOJAMIENTO_ID) VALUES (322, 'descripcion322', 0, 75);
INSERT INTO SERVICIOS_ALOJAMIENTOS (ALOJAMIENTO_ID, SERVICIO_ID) VALUES (36, 45);
INSERT INTO REGLA (ID, DESCRIPCION, ALOJAMIENTO_ID) VALUES (323, 'descripcion323', 141);
INSERT INTO SEGURO (ID, CARACTERISTICAS, COSTO, VIGENCIA, ALOJAMIENTO_ID) VALUES (323, 'caracteristiccas323',595318,TO_DATE('2020-05-03', 'YYYY-MM-DD'), 141);
INSERT INTO HABITACION (ID, CAPACIDAD, TIPO, ALOJAMIENTO_ID) VALUES (323, 11, 3, 141);
INSERT INTO MENAJE (ID, DESCRIPCION, DISPONIBILIDAD, ALOJAMIENTO_ID) VALUES (323, 'descripcion323', 1, 141);
INSERT INTO SERVICIOS_ALOJAMIENTOS (ALOJAMIENTO_ID, SERVICIO_ID) VALUES (17, 17);
INSERT INTO REGLA (ID, DESCRIPCION, ALOJAMIENTO_ID) VALUES (324, 'descripcion324', 157);
INSERT INTO SEGURO (ID, CARACTERISTICAS, COSTO, VIGENCIA, ALOJAMIENTO_ID) VALUES (324, 'caracteristiccas324',133508,TO_DATE('2020-05-03', 'YYYY-MM-DD'), 157);
INSERT INTO HABITACION (ID, CAPACIDAD, TIPO, ALOJAMIENTO_ID) VALUES (324, 5, 0, 157);
INSERT INTO MENAJE (ID, DESCRIPCION, DISPONIBILIDAD, ALOJAMIENTO_ID) VALUES (324, 'descripcion324', 1, 157);
INSERT INTO SERVICIOS_ALOJAMIENTOS (ALOJAMIENTO_ID, SERVICIO_ID) VALUES (185, 2);
INSERT INTO REGLA (ID, DESCRIPCION, ALOJAMIENTO_ID) VALUES (325, 'descripcion325', 120);
INSERT INTO SEGURO (ID, CARACTERISTICAS, COSTO, VIGENCIA, ALOJAMIENTO_ID) VALUES (325, 'caracteristiccas325',333114,TO_DATE('2020-05-03', 'YYYY-MM-DD'), 120);
INSERT INTO HABITACION (ID, CAPACIDAD, TIPO, ALOJAMIENTO_ID) VALUES (325, 2, 3, 120);
INSERT INTO MENAJE (ID, DESCRIPCION, DISPONIBILIDAD, ALOJAMIENTO_ID) VALUES (325, 'descripcion325', 1, 120);
INSERT INTO SERVICIOS_ALOJAMIENTOS (ALOJAMIENTO_ID, SERVICIO_ID) VALUES (23, 5);
INSERT INTO REGLA (ID, DESCRIPCION, ALOJAMIENTO_ID) VALUES (326, 'descripcion326', 159);
INSERT INTO SEGURO (ID, CARACTERISTICAS, COSTO, VIGENCIA, ALOJAMIENTO_ID) VALUES (326, 'caracteristiccas326',991472,TO_DATE('2020-05-03', 'YYYY-MM-DD'), 159);
INSERT INTO HABITACION (ID, CAPACIDAD, TIPO, ALOJAMIENTO_ID) VALUES (326, 3, 0, 159);
INSERT INTO MENAJE (ID, DESCRIPCION, DISPONIBILIDAD, ALOJAMIENTO_ID) VALUES (326, 'descripcion326', 1, 159);
INSERT INTO SERVICIOS_ALOJAMIENTOS (ALOJAMIENTO_ID, SERVICIO_ID) VALUES (152, 14);
INSERT INTO REGLA (ID, DESCRIPCION, ALOJAMIENTO_ID) VALUES (327, 'descripcion327', 7);
INSERT INTO SEGURO (ID, CARACTERISTICAS, COSTO, VIGENCIA, ALOJAMIENTO_ID) VALUES (327, 'caracteristiccas327',105613,TO_DATE('2020-05-03', 'YYYY-MM-DD'), 7);
INSERT INTO HABITACION (ID, CAPACIDAD, TIPO, ALOJAMIENTO_ID) VALUES (327, 2, 3, 7);
INSERT INTO MENAJE (ID, DESCRIPCION, DISPONIBILIDAD, ALOJAMIENTO_ID) VALUES (327, 'descripcion327', 1, 7);
INSERT INTO SERVICIOS_ALOJAMIENTOS (ALOJAMIENTO_ID, SERVICIO_ID) VALUES (55, 24);
INSERT INTO REGLA (ID, DESCRIPCION, ALOJAMIENTO_ID) VALUES (328, 'descripcion328', 76);
INSERT INTO SEGURO (ID, CARACTERISTICAS, COSTO, VIGENCIA, ALOJAMIENTO_ID) VALUES (328, 'caracteristiccas328',345970,TO_DATE('2020-05-03', 'YYYY-MM-DD'), 76);
INSERT INTO HABITACION (ID, CAPACIDAD, TIPO, ALOJAMIENTO_ID) VALUES (328, 10, 1, 76);
INSERT INTO MENAJE (ID, DESCRIPCION, DISPONIBILIDAD, ALOJAMIENTO_ID) VALUES (328, 'descripcion328', 0, 76);
INSERT INTO SERVICIOS_ALOJAMIENTOS (ALOJAMIENTO_ID, SERVICIO_ID) VALUES (122, 1);
INSERT INTO REGLA (ID, DESCRIPCION, ALOJAMIENTO_ID) VALUES (329, 'descripcion329', 109);
INSERT INTO SEGURO (ID, CARACTERISTICAS, COSTO, VIGENCIA, ALOJAMIENTO_ID) VALUES (329, 'caracteristiccas329',181149,TO_DATE('2020-05-03', 'YYYY-MM-DD'), 109);
INSERT INTO HABITACION (ID, CAPACIDAD, TIPO, ALOJAMIENTO_ID) VALUES (329, 6, 1, 109);
INSERT INTO MENAJE (ID, DESCRIPCION, DISPONIBILIDAD, ALOJAMIENTO_ID) VALUES (329, 'descripcion329', 1, 109);
INSERT INTO SERVICIOS_ALOJAMIENTOS (ALOJAMIENTO_ID, SERVICIO_ID) VALUES (185, 2);
INSERT INTO REGLA (ID, DESCRIPCION, ALOJAMIENTO_ID) VALUES (330, 'descripcion330', 157);
INSERT INTO SEGURO (ID, CARACTERISTICAS, COSTO, VIGENCIA, ALOJAMIENTO_ID) VALUES (330, 'caracteristiccas330',199044,TO_DATE('2020-05-03', 'YYYY-MM-DD'), 157);
INSERT INTO HABITACION (ID, CAPACIDAD, TIPO, ALOJAMIENTO_ID) VALUES (330, 4, 3, 157);
INSERT INTO MENAJE (ID, DESCRIPCION, DISPONIBILIDAD, ALOJAMIENTO_ID) VALUES (330, 'descripcion330', 0, 157);
INSERT INTO SERVICIOS_ALOJAMIENTOS (ALOJAMIENTO_ID, SERVICIO_ID) VALUES (4, 17);
INSERT INTO REGLA (ID, DESCRIPCION, ALOJAMIENTO_ID) VALUES (331, 'descripcion331', 96);
INSERT INTO SEGURO (ID, CARACTERISTICAS, COSTO, VIGENCIA, ALOJAMIENTO_ID) VALUES (331, 'caracteristiccas331',321163,TO_DATE('2020-05-03', 'YYYY-MM-DD'), 96);
INSERT INTO HABITACION (ID, CAPACIDAD, TIPO, ALOJAMIENTO_ID) VALUES (331, 8, 3, 96);
INSERT INTO MENAJE (ID, DESCRIPCION, DISPONIBILIDAD, ALOJAMIENTO_ID) VALUES (331, 'descripcion331', 0, 96);
INSERT INTO SERVICIOS_ALOJAMIENTOS (ALOJAMIENTO_ID, SERVICIO_ID) VALUES (77, 45);
INSERT INTO REGLA (ID, DESCRIPCION, ALOJAMIENTO_ID) VALUES (332, 'descripcion332', 64);
INSERT INTO SEGURO (ID, CARACTERISTICAS, COSTO, VIGENCIA, ALOJAMIENTO_ID) VALUES (332, 'caracteristiccas332',227472,TO_DATE('2020-05-03', 'YYYY-MM-DD'), 64);
INSERT INTO HABITACION (ID, CAPACIDAD, TIPO, ALOJAMIENTO_ID) VALUES (332, 8, 2, 64);
INSERT INTO MENAJE (ID, DESCRIPCION, DISPONIBILIDAD, ALOJAMIENTO_ID) VALUES (332, 'descripcion332', 1, 64);
INSERT INTO SERVICIOS_ALOJAMIENTOS (ALOJAMIENTO_ID, SERVICIO_ID) VALUES (131, 20);
INSERT INTO REGLA (ID, DESCRIPCION, ALOJAMIENTO_ID) VALUES (333, 'descripcion333', 69);
INSERT INTO SEGURO (ID, CARACTERISTICAS, COSTO, VIGENCIA, ALOJAMIENTO_ID) VALUES (333, 'caracteristiccas333',673482,TO_DATE('2020-05-03', 'YYYY-MM-DD'), 69);
INSERT INTO HABITACION (ID, CAPACIDAD, TIPO, ALOJAMIENTO_ID) VALUES (333, 10, 2, 69);
INSERT INTO MENAJE (ID, DESCRIPCION, DISPONIBILIDAD, ALOJAMIENTO_ID) VALUES (333, 'descripcion333', 1, 69);
INSERT INTO SERVICIOS_ALOJAMIENTOS (ALOJAMIENTO_ID, SERVICIO_ID) VALUES (183, 15);
INSERT INTO REGLA (ID, DESCRIPCION, ALOJAMIENTO_ID) VALUES (334, 'descripcion334', 26);
INSERT INTO SEGURO (ID, CARACTERISTICAS, COSTO, VIGENCIA, ALOJAMIENTO_ID) VALUES (334, 'caracteristiccas334',787786,TO_DATE('2020-05-03', 'YYYY-MM-DD'), 26);
INSERT INTO HABITACION (ID, CAPACIDAD, TIPO, ALOJAMIENTO_ID) VALUES (334, 2, 3, 26);
INSERT INTO MENAJE (ID, DESCRIPCION, DISPONIBILIDAD, ALOJAMIENTO_ID) VALUES (334, 'descripcion334', 0, 26);
INSERT INTO SERVICIOS_ALOJAMIENTOS (ALOJAMIENTO_ID, SERVICIO_ID) VALUES (104, 14);
INSERT INTO REGLA (ID, DESCRIPCION, ALOJAMIENTO_ID) VALUES (335, 'descripcion335', 8);
INSERT INTO SEGURO (ID, CARACTERISTICAS, COSTO, VIGENCIA, ALOJAMIENTO_ID) VALUES (335, 'caracteristiccas335',582771,TO_DATE('2020-05-03', 'YYYY-MM-DD'), 8);
INSERT INTO HABITACION (ID, CAPACIDAD, TIPO, ALOJAMIENTO_ID) VALUES (335, 1, 2, 8);
INSERT INTO MENAJE (ID, DESCRIPCION, DISPONIBILIDAD, ALOJAMIENTO_ID) VALUES (335, 'descripcion335', 0, 8);
INSERT INTO SERVICIOS_ALOJAMIENTOS (ALOJAMIENTO_ID, SERVICIO_ID) VALUES (179, 22);
INSERT INTO REGLA (ID, DESCRIPCION, ALOJAMIENTO_ID) VALUES (336, 'descripcion336', 134);
INSERT INTO SEGURO (ID, CARACTERISTICAS, COSTO, VIGENCIA, ALOJAMIENTO_ID) VALUES (336, 'caracteristiccas336',431513,TO_DATE('2020-05-03', 'YYYY-MM-DD'), 134);
INSERT INTO HABITACION (ID, CAPACIDAD, TIPO, ALOJAMIENTO_ID) VALUES (336, 8, 2, 134);
INSERT INTO MENAJE (ID, DESCRIPCION, DISPONIBILIDAD, ALOJAMIENTO_ID) VALUES (336, 'descripcion336', 1, 134);
INSERT INTO SERVICIOS_ALOJAMIENTOS (ALOJAMIENTO_ID, SERVICIO_ID) VALUES (18, 12);
INSERT INTO REGLA (ID, DESCRIPCION, ALOJAMIENTO_ID) VALUES (337, 'descripcion337', 133);
INSERT INTO SEGURO (ID, CARACTERISTICAS, COSTO, VIGENCIA, ALOJAMIENTO_ID) VALUES (337, 'caracteristiccas337',703464,TO_DATE('2020-05-03', 'YYYY-MM-DD'), 133);
INSERT INTO HABITACION (ID, CAPACIDAD, TIPO, ALOJAMIENTO_ID) VALUES (337, 9, 2, 133);
INSERT INTO MENAJE (ID, DESCRIPCION, DISPONIBILIDAD, ALOJAMIENTO_ID) VALUES (337, 'descripcion337', 0, 133);
INSERT INTO SERVICIOS_ALOJAMIENTOS (ALOJAMIENTO_ID, SERVICIO_ID) VALUES (131, 13);
INSERT INTO REGLA (ID, DESCRIPCION, ALOJAMIENTO_ID) VALUES (338, 'descripcion338', 87);
INSERT INTO SEGURO (ID, CARACTERISTICAS, COSTO, VIGENCIA, ALOJAMIENTO_ID) VALUES (338, 'caracteristiccas338',97570,TO_DATE('2020-05-03', 'YYYY-MM-DD'), 87);
INSERT INTO HABITACION (ID, CAPACIDAD, TIPO, ALOJAMIENTO_ID) VALUES (338, 1, 3, 87);
INSERT INTO MENAJE (ID, DESCRIPCION, DISPONIBILIDAD, ALOJAMIENTO_ID) VALUES (338, 'descripcion338', 1, 87);
INSERT INTO SERVICIOS_ALOJAMIENTOS (ALOJAMIENTO_ID, SERVICIO_ID) VALUES (33, 21);
INSERT INTO REGLA (ID, DESCRIPCION, ALOJAMIENTO_ID) VALUES (339, 'descripcion339', 49);
INSERT INTO SEGURO (ID, CARACTERISTICAS, COSTO, VIGENCIA, ALOJAMIENTO_ID) VALUES (339, 'caracteristiccas339',691247,TO_DATE('2020-05-03', 'YYYY-MM-DD'), 49);
INSERT INTO HABITACION (ID, CAPACIDAD, TIPO, ALOJAMIENTO_ID) VALUES (339, 2, 3, 49);
INSERT INTO MENAJE (ID, DESCRIPCION, DISPONIBILIDAD, ALOJAMIENTO_ID) VALUES (339, 'descripcion339', 1, 49);
INSERT INTO SERVICIOS_ALOJAMIENTOS (ALOJAMIENTO_ID, SERVICIO_ID) VALUES (59, 36);
INSERT INTO REGLA (ID, DESCRIPCION, ALOJAMIENTO_ID) VALUES (340, 'descripcion340', 68);
INSERT INTO SEGURO (ID, CARACTERISTICAS, COSTO, VIGENCIA, ALOJAMIENTO_ID) VALUES (340, 'caracteristiccas340',395099,TO_DATE('2020-05-03', 'YYYY-MM-DD'), 68);
INSERT INTO HABITACION (ID, CAPACIDAD, TIPO, ALOJAMIENTO_ID) VALUES (340, 5, 1, 68);
INSERT INTO MENAJE (ID, DESCRIPCION, DISPONIBILIDAD, ALOJAMIENTO_ID) VALUES (340, 'descripcion340', 0, 68);
INSERT INTO SERVICIOS_ALOJAMIENTOS (ALOJAMIENTO_ID, SERVICIO_ID) VALUES (36, 23);
INSERT INTO REGLA (ID, DESCRIPCION, ALOJAMIENTO_ID) VALUES (341, 'descripcion341', 85);
INSERT INTO SEGURO (ID, CARACTERISTICAS, COSTO, VIGENCIA, ALOJAMIENTO_ID) VALUES (341, 'caracteristiccas341',395895,TO_DATE('2020-05-03', 'YYYY-MM-DD'), 85);
INSERT INTO HABITACION (ID, CAPACIDAD, TIPO, ALOJAMIENTO_ID) VALUES (341, 3, 0, 85);
INSERT INTO MENAJE (ID, DESCRIPCION, DISPONIBILIDAD, ALOJAMIENTO_ID) VALUES (341, 'descripcion341', 1, 85);
INSERT INTO SERVICIOS_ALOJAMIENTOS (ALOJAMIENTO_ID, SERVICIO_ID) VALUES (100, 27);
INSERT INTO REGLA (ID, DESCRIPCION, ALOJAMIENTO_ID) VALUES (342, 'descripcion342', 76);
INSERT INTO SEGURO (ID, CARACTERISTICAS, COSTO, VIGENCIA, ALOJAMIENTO_ID) VALUES (342, 'caracteristiccas342',162997,TO_DATE('2020-05-03', 'YYYY-MM-DD'), 76);
INSERT INTO HABITACION (ID, CAPACIDAD, TIPO, ALOJAMIENTO_ID) VALUES (342, 2, 1, 76);
INSERT INTO MENAJE (ID, DESCRIPCION, DISPONIBILIDAD, ALOJAMIENTO_ID) VALUES (342, 'descripcion342', 1, 76);
INSERT INTO SERVICIOS_ALOJAMIENTOS (ALOJAMIENTO_ID, SERVICIO_ID) VALUES (7, 29);
INSERT INTO REGLA (ID, DESCRIPCION, ALOJAMIENTO_ID) VALUES (343, 'descripcion343', 179);
INSERT INTO SEGURO (ID, CARACTERISTICAS, COSTO, VIGENCIA, ALOJAMIENTO_ID) VALUES (343, 'caracteristiccas343',7784,TO_DATE('2020-05-03', 'YYYY-MM-DD'), 179);
INSERT INTO HABITACION (ID, CAPACIDAD, TIPO, ALOJAMIENTO_ID) VALUES (343, 5, 3, 179);
INSERT INTO MENAJE (ID, DESCRIPCION, DISPONIBILIDAD, ALOJAMIENTO_ID) VALUES (343, 'descripcion343', 1, 179);
INSERT INTO SERVICIOS_ALOJAMIENTOS (ALOJAMIENTO_ID, SERVICIO_ID) VALUES (91, 37);
INSERT INTO REGLA (ID, DESCRIPCION, ALOJAMIENTO_ID) VALUES (344, 'descripcion344', 136);
INSERT INTO SEGURO (ID, CARACTERISTICAS, COSTO, VIGENCIA, ALOJAMIENTO_ID) VALUES (344, 'caracteristiccas344',640142,TO_DATE('2020-05-03', 'YYYY-MM-DD'), 136);
INSERT INTO HABITACION (ID, CAPACIDAD, TIPO, ALOJAMIENTO_ID) VALUES (344, 4, 0, 136);
INSERT INTO MENAJE (ID, DESCRIPCION, DISPONIBILIDAD, ALOJAMIENTO_ID) VALUES (344, 'descripcion344', 1, 136);
INSERT INTO SERVICIOS_ALOJAMIENTOS (ALOJAMIENTO_ID, SERVICIO_ID) VALUES (29, 36);
INSERT INTO REGLA (ID, DESCRIPCION, ALOJAMIENTO_ID) VALUES (345, 'descripcion345', 114);
INSERT INTO SEGURO (ID, CARACTERISTICAS, COSTO, VIGENCIA, ALOJAMIENTO_ID) VALUES (345, 'caracteristiccas345',819257,TO_DATE('2020-05-03', 'YYYY-MM-DD'), 114);
INSERT INTO HABITACION (ID, CAPACIDAD, TIPO, ALOJAMIENTO_ID) VALUES (345, 8, 3, 114);
INSERT INTO MENAJE (ID, DESCRIPCION, DISPONIBILIDAD, ALOJAMIENTO_ID) VALUES (345, 'descripcion345', 0, 114);
INSERT INTO SERVICIOS_ALOJAMIENTOS (ALOJAMIENTO_ID, SERVICIO_ID) VALUES (0, 8);
INSERT INTO REGLA (ID, DESCRIPCION, ALOJAMIENTO_ID) VALUES (346, 'descripcion346', 48);
INSERT INTO SEGURO (ID, CARACTERISTICAS, COSTO, VIGENCIA, ALOJAMIENTO_ID) VALUES (346, 'caracteristiccas346',719780,TO_DATE('2020-05-03', 'YYYY-MM-DD'), 48);
INSERT INTO HABITACION (ID, CAPACIDAD, TIPO, ALOJAMIENTO_ID) VALUES (346, 3, 0, 48);
INSERT INTO MENAJE (ID, DESCRIPCION, DISPONIBILIDAD, ALOJAMIENTO_ID) VALUES (346, 'descripcion346', 1, 48);
INSERT INTO SERVICIOS_ALOJAMIENTOS (ALOJAMIENTO_ID, SERVICIO_ID) VALUES (58, 3);
INSERT INTO REGLA (ID, DESCRIPCION, ALOJAMIENTO_ID) VALUES (347, 'descripcion347', 62);
INSERT INTO SEGURO (ID, CARACTERISTICAS, COSTO, VIGENCIA, ALOJAMIENTO_ID) VALUES (347, 'caracteristiccas347',124364,TO_DATE('2020-05-03', 'YYYY-MM-DD'), 62);
INSERT INTO HABITACION (ID, CAPACIDAD, TIPO, ALOJAMIENTO_ID) VALUES (347, 4, 0, 62);
INSERT INTO MENAJE (ID, DESCRIPCION, DISPONIBILIDAD, ALOJAMIENTO_ID) VALUES (347, 'descripcion347', 1, 62);
INSERT INTO SERVICIOS_ALOJAMIENTOS (ALOJAMIENTO_ID, SERVICIO_ID) VALUES (85, 14);
INSERT INTO REGLA (ID, DESCRIPCION, ALOJAMIENTO_ID) VALUES (348, 'descripcion348', 23);
INSERT INTO SEGURO (ID, CARACTERISTICAS, COSTO, VIGENCIA, ALOJAMIENTO_ID) VALUES (348, 'caracteristiccas348',18714,TO_DATE('2020-05-03', 'YYYY-MM-DD'), 23);
INSERT INTO HABITACION (ID, CAPACIDAD, TIPO, ALOJAMIENTO_ID) VALUES (348, 11, 3, 23);
INSERT INTO MENAJE (ID, DESCRIPCION, DISPONIBILIDAD, ALOJAMIENTO_ID) VALUES (348, 'descripcion348', 0, 23);
INSERT INTO SERVICIOS_ALOJAMIENTOS (ALOJAMIENTO_ID, SERVICIO_ID) VALUES (80, 8);
INSERT INTO REGLA (ID, DESCRIPCION, ALOJAMIENTO_ID) VALUES (349, 'descripcion349', 138);
INSERT INTO SEGURO (ID, CARACTERISTICAS, COSTO, VIGENCIA, ALOJAMIENTO_ID) VALUES (349, 'caracteristiccas349',719714,TO_DATE('2020-05-03', 'YYYY-MM-DD'), 138);
INSERT INTO HABITACION (ID, CAPACIDAD, TIPO, ALOJAMIENTO_ID) VALUES (349, 8, 2, 138);
INSERT INTO MENAJE (ID, DESCRIPCION, DISPONIBILIDAD, ALOJAMIENTO_ID) VALUES (349, 'descripcion349', 1, 138);
INSERT INTO SERVICIOS_ALOJAMIENTOS (ALOJAMIENTO_ID, SERVICIO_ID) VALUES (27, 13);
INSERT INTO REGLA (ID, DESCRIPCION, ALOJAMIENTO_ID) VALUES (350, 'descripcion350', 158);
INSERT INTO SEGURO (ID, CARACTERISTICAS, COSTO, VIGENCIA, ALOJAMIENTO_ID) VALUES (350, 'caracteristiccas350',44805,TO_DATE('2020-05-03', 'YYYY-MM-DD'), 158);
INSERT INTO HABITACION (ID, CAPACIDAD, TIPO, ALOJAMIENTO_ID) VALUES (350, 11, 2, 158);
INSERT INTO MENAJE (ID, DESCRIPCION, DISPONIBILIDAD, ALOJAMIENTO_ID) VALUES (350, 'descripcion350', 0, 158);
INSERT INTO SERVICIOS_ALOJAMIENTOS (ALOJAMIENTO_ID, SERVICIO_ID) VALUES (24, 16);
INSERT INTO REGLA (ID, DESCRIPCION, ALOJAMIENTO_ID) VALUES (351, 'descripcion351', 18);
INSERT INTO SEGURO (ID, CARACTERISTICAS, COSTO, VIGENCIA, ALOJAMIENTO_ID) VALUES (351, 'caracteristiccas351',424386,TO_DATE('2020-05-03', 'YYYY-MM-DD'), 18);
INSERT INTO HABITACION (ID, CAPACIDAD, TIPO, ALOJAMIENTO_ID) VALUES (351, 8, 2, 18);
INSERT INTO MENAJE (ID, DESCRIPCION, DISPONIBILIDAD, ALOJAMIENTO_ID) VALUES (351, 'descripcion351', 1, 18);
INSERT INTO SERVICIOS_ALOJAMIENTOS (ALOJAMIENTO_ID, SERVICIO_ID) VALUES (42, 1);
INSERT INTO REGLA (ID, DESCRIPCION, ALOJAMIENTO_ID) VALUES (352, 'descripcion352', 47);
INSERT INTO SEGURO (ID, CARACTERISTICAS, COSTO, VIGENCIA, ALOJAMIENTO_ID) VALUES (352, 'caracteristiccas352',525725,TO_DATE('2020-05-03', 'YYYY-MM-DD'), 47);
INSERT INTO HABITACION (ID, CAPACIDAD, TIPO, ALOJAMIENTO_ID) VALUES (352, 9, 2, 47);
INSERT INTO MENAJE (ID, DESCRIPCION, DISPONIBILIDAD, ALOJAMIENTO_ID) VALUES (352, 'descripcion352', 0, 47);
INSERT INTO SERVICIOS_ALOJAMIENTOS (ALOJAMIENTO_ID, SERVICIO_ID) VALUES (166, 12);
INSERT INTO REGLA (ID, DESCRIPCION, ALOJAMIENTO_ID) VALUES (353, 'descripcion353', 93);
INSERT INTO SEGURO (ID, CARACTERISTICAS, COSTO, VIGENCIA, ALOJAMIENTO_ID) VALUES (353, 'caracteristiccas353',162063,TO_DATE('2020-05-03', 'YYYY-MM-DD'), 93);
INSERT INTO HABITACION (ID, CAPACIDAD, TIPO, ALOJAMIENTO_ID) VALUES (353, 8, 2, 93);
INSERT INTO MENAJE (ID, DESCRIPCION, DISPONIBILIDAD, ALOJAMIENTO_ID) VALUES (353, 'descripcion353', 1, 93);
INSERT INTO SERVICIOS_ALOJAMIENTOS (ALOJAMIENTO_ID, SERVICIO_ID) VALUES (131, 0);
INSERT INTO REGLA (ID, DESCRIPCION, ALOJAMIENTO_ID) VALUES (354, 'descripcion354', 70);
INSERT INTO SEGURO (ID, CARACTERISTICAS, COSTO, VIGENCIA, ALOJAMIENTO_ID) VALUES (354, 'caracteristiccas354',667766,TO_DATE('2020-05-03', 'YYYY-MM-DD'), 70);
INSERT INTO HABITACION (ID, CAPACIDAD, TIPO, ALOJAMIENTO_ID) VALUES (354, 2, 0, 70);
INSERT INTO MENAJE (ID, DESCRIPCION, DISPONIBILIDAD, ALOJAMIENTO_ID) VALUES (354, 'descripcion354', 1, 70);
INSERT INTO SERVICIOS_ALOJAMIENTOS (ALOJAMIENTO_ID, SERVICIO_ID) VALUES (26, 10);
INSERT INTO REGLA (ID, DESCRIPCION, ALOJAMIENTO_ID) VALUES (355, 'descripcion355', 145);
INSERT INTO SEGURO (ID, CARACTERISTICAS, COSTO, VIGENCIA, ALOJAMIENTO_ID) VALUES (355, 'caracteristiccas355',17109,TO_DATE('2020-05-03', 'YYYY-MM-DD'), 145);
INSERT INTO HABITACION (ID, CAPACIDAD, TIPO, ALOJAMIENTO_ID) VALUES (355, 7, 3, 145);
INSERT INTO MENAJE (ID, DESCRIPCION, DISPONIBILIDAD, ALOJAMIENTO_ID) VALUES (355, 'descripcion355', 0, 145);
INSERT INTO SERVICIOS_ALOJAMIENTOS (ALOJAMIENTO_ID, SERVICIO_ID) VALUES (25, 28);
INSERT INTO REGLA (ID, DESCRIPCION, ALOJAMIENTO_ID) VALUES (356, 'descripcion356', 181);
INSERT INTO SEGURO (ID, CARACTERISTICAS, COSTO, VIGENCIA, ALOJAMIENTO_ID) VALUES (356, 'caracteristiccas356',257919,TO_DATE('2020-05-03', 'YYYY-MM-DD'), 181);
INSERT INTO HABITACION (ID, CAPACIDAD, TIPO, ALOJAMIENTO_ID) VALUES (356, 7, 3, 181);
INSERT INTO MENAJE (ID, DESCRIPCION, DISPONIBILIDAD, ALOJAMIENTO_ID) VALUES (356, 'descripcion356', 0, 181);
INSERT INTO SERVICIOS_ALOJAMIENTOS (ALOJAMIENTO_ID, SERVICIO_ID) VALUES (41, 41);
INSERT INTO REGLA (ID, DESCRIPCION, ALOJAMIENTO_ID) VALUES (357, 'descripcion357', 166);
INSERT INTO SEGURO (ID, CARACTERISTICAS, COSTO, VIGENCIA, ALOJAMIENTO_ID) VALUES (357, 'caracteristiccas357',441999,TO_DATE('2020-05-03', 'YYYY-MM-DD'), 166);
INSERT INTO HABITACION (ID, CAPACIDAD, TIPO, ALOJAMIENTO_ID) VALUES (357, 9, 3, 166);
INSERT INTO MENAJE (ID, DESCRIPCION, DISPONIBILIDAD, ALOJAMIENTO_ID) VALUES (357, 'descripcion357', 0, 166);
INSERT INTO SERVICIOS_ALOJAMIENTOS (ALOJAMIENTO_ID, SERVICIO_ID) VALUES (28, 0);
INSERT INTO REGLA (ID, DESCRIPCION, ALOJAMIENTO_ID) VALUES (358, 'descripcion358', 16);
INSERT INTO SEGURO (ID, CARACTERISTICAS, COSTO, VIGENCIA, ALOJAMIENTO_ID) VALUES (358, 'caracteristiccas358',794875,TO_DATE('2020-05-03', 'YYYY-MM-DD'), 16);
INSERT INTO HABITACION (ID, CAPACIDAD, TIPO, ALOJAMIENTO_ID) VALUES (358, 7, 3, 16);
INSERT INTO MENAJE (ID, DESCRIPCION, DISPONIBILIDAD, ALOJAMIENTO_ID) VALUES (358, 'descripcion358', 1, 16);
INSERT INTO SERVICIOS_ALOJAMIENTOS (ALOJAMIENTO_ID, SERVICIO_ID) VALUES (62, 23);
INSERT INTO REGLA (ID, DESCRIPCION, ALOJAMIENTO_ID) VALUES (359, 'descripcion359', 71);
INSERT INTO SEGURO (ID, CARACTERISTICAS, COSTO, VIGENCIA, ALOJAMIENTO_ID) VALUES (359, 'caracteristiccas359',455552,TO_DATE('2020-05-03', 'YYYY-MM-DD'), 71);
INSERT INTO HABITACION (ID, CAPACIDAD, TIPO, ALOJAMIENTO_ID) VALUES (359, 6, 1, 71);
INSERT INTO MENAJE (ID, DESCRIPCION, DISPONIBILIDAD, ALOJAMIENTO_ID) VALUES (359, 'descripcion359', 0, 71);
INSERT INTO SERVICIOS_ALOJAMIENTOS (ALOJAMIENTO_ID, SERVICIO_ID) VALUES (37, 33);
INSERT INTO REGLA (ID, DESCRIPCION, ALOJAMIENTO_ID) VALUES (360, 'descripcion360', 125);
INSERT INTO SEGURO (ID, CARACTERISTICAS, COSTO, VIGENCIA, ALOJAMIENTO_ID) VALUES (360, 'caracteristiccas360',59019,TO_DATE('2020-05-03', 'YYYY-MM-DD'), 125);
INSERT INTO HABITACION (ID, CAPACIDAD, TIPO, ALOJAMIENTO_ID) VALUES (360, 1, 0, 125);
INSERT INTO MENAJE (ID, DESCRIPCION, DISPONIBILIDAD, ALOJAMIENTO_ID) VALUES (360, 'descripcion360', 1, 125);
INSERT INTO SERVICIOS_ALOJAMIENTOS (ALOJAMIENTO_ID, SERVICIO_ID) VALUES (93, 48);
INSERT INTO REGLA (ID, DESCRIPCION, ALOJAMIENTO_ID) VALUES (361, 'descripcion361', 156);
INSERT INTO SEGURO (ID, CARACTERISTICAS, COSTO, VIGENCIA, ALOJAMIENTO_ID) VALUES (361, 'caracteristiccas361',397621,TO_DATE('2020-05-03', 'YYYY-MM-DD'), 156);
INSERT INTO HABITACION (ID, CAPACIDAD, TIPO, ALOJAMIENTO_ID) VALUES (361, 3, 0, 156);
INSERT INTO MENAJE (ID, DESCRIPCION, DISPONIBILIDAD, ALOJAMIENTO_ID) VALUES (361, 'descripcion361', 1, 156);
INSERT INTO SERVICIOS_ALOJAMIENTOS (ALOJAMIENTO_ID, SERVICIO_ID) VALUES (158, 6);
INSERT INTO REGLA (ID, DESCRIPCION, ALOJAMIENTO_ID) VALUES (362, 'descripcion362', 0);
INSERT INTO SEGURO (ID, CARACTERISTICAS, COSTO, VIGENCIA, ALOJAMIENTO_ID) VALUES (362, 'caracteristiccas362',429654,TO_DATE('2020-05-03', 'YYYY-MM-DD'), 0);
INSERT INTO HABITACION (ID, CAPACIDAD, TIPO, ALOJAMIENTO_ID) VALUES (362, 5, 1, 0);
INSERT INTO MENAJE (ID, DESCRIPCION, DISPONIBILIDAD, ALOJAMIENTO_ID) VALUES (362, 'descripcion362', 0, 0);
INSERT INTO SERVICIOS_ALOJAMIENTOS (ALOJAMIENTO_ID, SERVICIO_ID) VALUES (153, 22);
INSERT INTO REGLA (ID, DESCRIPCION, ALOJAMIENTO_ID) VALUES (363, 'descripcion363', 86);
INSERT INTO SEGURO (ID, CARACTERISTICAS, COSTO, VIGENCIA, ALOJAMIENTO_ID) VALUES (363, 'caracteristiccas363',144064,TO_DATE('2020-05-03', 'YYYY-MM-DD'), 86);
INSERT INTO HABITACION (ID, CAPACIDAD, TIPO, ALOJAMIENTO_ID) VALUES (363, 7, 3, 86);
INSERT INTO MENAJE (ID, DESCRIPCION, DISPONIBILIDAD, ALOJAMIENTO_ID) VALUES (363, 'descripcion363', 1, 86);
INSERT INTO SERVICIOS_ALOJAMIENTOS (ALOJAMIENTO_ID, SERVICIO_ID) VALUES (67, 31);
INSERT INTO REGLA (ID, DESCRIPCION, ALOJAMIENTO_ID) VALUES (364, 'descripcion364', 38);
INSERT INTO SEGURO (ID, CARACTERISTICAS, COSTO, VIGENCIA, ALOJAMIENTO_ID) VALUES (364, 'caracteristiccas364',319154,TO_DATE('2020-05-03', 'YYYY-MM-DD'), 38);
INSERT INTO HABITACION (ID, CAPACIDAD, TIPO, ALOJAMIENTO_ID) VALUES (364, 11, 2, 38);
INSERT INTO MENAJE (ID, DESCRIPCION, DISPONIBILIDAD, ALOJAMIENTO_ID) VALUES (364, 'descripcion364', 1, 38);
INSERT INTO SERVICIOS_ALOJAMIENTOS (ALOJAMIENTO_ID, SERVICIO_ID) VALUES (118, 32);
INSERT INTO REGLA (ID, DESCRIPCION, ALOJAMIENTO_ID) VALUES (365, 'descripcion365', 98);
INSERT INTO SEGURO (ID, CARACTERISTICAS, COSTO, VIGENCIA, ALOJAMIENTO_ID) VALUES (365, 'caracteristiccas365',506021,TO_DATE('2020-05-03', 'YYYY-MM-DD'), 98);
INSERT INTO HABITACION (ID, CAPACIDAD, TIPO, ALOJAMIENTO_ID) VALUES (365, 4, 3, 98);
INSERT INTO MENAJE (ID, DESCRIPCION, DISPONIBILIDAD, ALOJAMIENTO_ID) VALUES (365, 'descripcion365', 0, 98);
INSERT INTO SERVICIOS_ALOJAMIENTOS (ALOJAMIENTO_ID, SERVICIO_ID) VALUES (89, 1);
INSERT INTO REGLA (ID, DESCRIPCION, ALOJAMIENTO_ID) VALUES (366, 'descripcion366', 118);
INSERT INTO SEGURO (ID, CARACTERISTICAS, COSTO, VIGENCIA, ALOJAMIENTO_ID) VALUES (366, 'caracteristiccas366',983793,TO_DATE('2020-05-03', 'YYYY-MM-DD'), 118);
INSERT INTO HABITACION (ID, CAPACIDAD, TIPO, ALOJAMIENTO_ID) VALUES (366, 1, 1, 118);
INSERT INTO MENAJE (ID, DESCRIPCION, DISPONIBILIDAD, ALOJAMIENTO_ID) VALUES (366, 'descripcion366', 0, 118);
INSERT INTO SERVICIOS_ALOJAMIENTOS (ALOJAMIENTO_ID, SERVICIO_ID) VALUES (42, 34);
INSERT INTO REGLA (ID, DESCRIPCION, ALOJAMIENTO_ID) VALUES (367, 'descripcion367', 132);
INSERT INTO SEGURO (ID, CARACTERISTICAS, COSTO, VIGENCIA, ALOJAMIENTO_ID) VALUES (367, 'caracteristiccas367',949790,TO_DATE('2020-05-03', 'YYYY-MM-DD'), 132);
INSERT INTO HABITACION (ID, CAPACIDAD, TIPO, ALOJAMIENTO_ID) VALUES (367, 9, 2, 132);
INSERT INTO MENAJE (ID, DESCRIPCION, DISPONIBILIDAD, ALOJAMIENTO_ID) VALUES (367, 'descripcion367', 0, 132);
INSERT INTO SERVICIOS_ALOJAMIENTOS (ALOJAMIENTO_ID, SERVICIO_ID) VALUES (42, 31);
INSERT INTO REGLA (ID, DESCRIPCION, ALOJAMIENTO_ID) VALUES (368, 'descripcion368', 170);
INSERT INTO SEGURO (ID, CARACTERISTICAS, COSTO, VIGENCIA, ALOJAMIENTO_ID) VALUES (368, 'caracteristiccas368',158092,TO_DATE('2020-05-03', 'YYYY-MM-DD'), 170);
INSERT INTO HABITACION (ID, CAPACIDAD, TIPO, ALOJAMIENTO_ID) VALUES (368, 1, 0, 170);
INSERT INTO MENAJE (ID, DESCRIPCION, DISPONIBILIDAD, ALOJAMIENTO_ID) VALUES (368, 'descripcion368', 0, 170);
INSERT INTO SERVICIOS_ALOJAMIENTOS (ALOJAMIENTO_ID, SERVICIO_ID) VALUES (128, 30);
INSERT INTO REGLA (ID, DESCRIPCION, ALOJAMIENTO_ID) VALUES (369, 'descripcion369', 19);
INSERT INTO SEGURO (ID, CARACTERISTICAS, COSTO, VIGENCIA, ALOJAMIENTO_ID) VALUES (369, 'caracteristiccas369',783295,TO_DATE('2020-05-03', 'YYYY-MM-DD'), 19);
INSERT INTO HABITACION (ID, CAPACIDAD, TIPO, ALOJAMIENTO_ID) VALUES (369, 7, 1, 19);
INSERT INTO MENAJE (ID, DESCRIPCION, DISPONIBILIDAD, ALOJAMIENTO_ID) VALUES (369, 'descripcion369', 0, 19);
INSERT INTO SERVICIOS_ALOJAMIENTOS (ALOJAMIENTO_ID, SERVICIO_ID) VALUES (46, 23);
INSERT INTO REGLA (ID, DESCRIPCION, ALOJAMIENTO_ID) VALUES (370, 'descripcion370', 48);
INSERT INTO SEGURO (ID, CARACTERISTICAS, COSTO, VIGENCIA, ALOJAMIENTO_ID) VALUES (370, 'caracteristiccas370',494546,TO_DATE('2020-05-03', 'YYYY-MM-DD'), 48);
INSERT INTO HABITACION (ID, CAPACIDAD, TIPO, ALOJAMIENTO_ID) VALUES (370, 7, 2, 48);
INSERT INTO MENAJE (ID, DESCRIPCION, DISPONIBILIDAD, ALOJAMIENTO_ID) VALUES (370, 'descripcion370', 0, 48);
INSERT INTO SERVICIOS_ALOJAMIENTOS (ALOJAMIENTO_ID, SERVICIO_ID) VALUES (59, 17);
INSERT INTO REGLA (ID, DESCRIPCION, ALOJAMIENTO_ID) VALUES (371, 'descripcion371', 92);
INSERT INTO SEGURO (ID, CARACTERISTICAS, COSTO, VIGENCIA, ALOJAMIENTO_ID) VALUES (371, 'caracteristiccas371',681233,TO_DATE('2020-05-03', 'YYYY-MM-DD'), 92);
INSERT INTO HABITACION (ID, CAPACIDAD, TIPO, ALOJAMIENTO_ID) VALUES (371, 11, 1, 92);
INSERT INTO MENAJE (ID, DESCRIPCION, DISPONIBILIDAD, ALOJAMIENTO_ID) VALUES (371, 'descripcion371', 0, 92);
INSERT INTO SERVICIOS_ALOJAMIENTOS (ALOJAMIENTO_ID, SERVICIO_ID) VALUES (80, 34);
INSERT INTO REGLA (ID, DESCRIPCION, ALOJAMIENTO_ID) VALUES (372, 'descripcion372', 186);
INSERT INTO SEGURO (ID, CARACTERISTICAS, COSTO, VIGENCIA, ALOJAMIENTO_ID) VALUES (372, 'caracteristiccas372',561000,TO_DATE('2020-05-03', 'YYYY-MM-DD'), 186);
INSERT INTO HABITACION (ID, CAPACIDAD, TIPO, ALOJAMIENTO_ID) VALUES (372, 9, 2, 186);
INSERT INTO MENAJE (ID, DESCRIPCION, DISPONIBILIDAD, ALOJAMIENTO_ID) VALUES (372, 'descripcion372', 0, 186);
INSERT INTO SERVICIOS_ALOJAMIENTOS (ALOJAMIENTO_ID, SERVICIO_ID) VALUES (92, 14);
INSERT INTO REGLA (ID, DESCRIPCION, ALOJAMIENTO_ID) VALUES (373, 'descripcion373', 149);
INSERT INTO SEGURO (ID, CARACTERISTICAS, COSTO, VIGENCIA, ALOJAMIENTO_ID) VALUES (373, 'caracteristiccas373',165980,TO_DATE('2020-05-03', 'YYYY-MM-DD'), 149);
INSERT INTO HABITACION (ID, CAPACIDAD, TIPO, ALOJAMIENTO_ID) VALUES (373, 8, 0, 149);
INSERT INTO MENAJE (ID, DESCRIPCION, DISPONIBILIDAD, ALOJAMIENTO_ID) VALUES (373, 'descripcion373', 1, 149);
INSERT INTO SERVICIOS_ALOJAMIENTOS (ALOJAMIENTO_ID, SERVICIO_ID) VALUES (8, 45);
INSERT INTO REGLA (ID, DESCRIPCION, ALOJAMIENTO_ID) VALUES (374, 'descripcion374', 5);
INSERT INTO SEGURO (ID, CARACTERISTICAS, COSTO, VIGENCIA, ALOJAMIENTO_ID) VALUES (374, 'caracteristiccas374',394555,TO_DATE('2020-05-03', 'YYYY-MM-DD'), 5);
INSERT INTO HABITACION (ID, CAPACIDAD, TIPO, ALOJAMIENTO_ID) VALUES (374, 7, 2, 5);
INSERT INTO MENAJE (ID, DESCRIPCION, DISPONIBILIDAD, ALOJAMIENTO_ID) VALUES (374, 'descripcion374', 1, 5);
INSERT INTO SERVICIOS_ALOJAMIENTOS (ALOJAMIENTO_ID, SERVICIO_ID) VALUES (73, 22);
INSERT INTO REGLA (ID, DESCRIPCION, ALOJAMIENTO_ID) VALUES (375, 'descripcion375', 148);
INSERT INTO SEGURO (ID, CARACTERISTICAS, COSTO, VIGENCIA, ALOJAMIENTO_ID) VALUES (375, 'caracteristiccas375',361848,TO_DATE('2020-05-03', 'YYYY-MM-DD'), 148);
INSERT INTO HABITACION (ID, CAPACIDAD, TIPO, ALOJAMIENTO_ID) VALUES (375, 11, 1, 148);
INSERT INTO MENAJE (ID, DESCRIPCION, DISPONIBILIDAD, ALOJAMIENTO_ID) VALUES (375, 'descripcion375', 1, 148);
INSERT INTO SERVICIOS_ALOJAMIENTOS (ALOJAMIENTO_ID, SERVICIO_ID) VALUES (176, 8);
INSERT INTO REGLA (ID, DESCRIPCION, ALOJAMIENTO_ID) VALUES (376, 'descripcion376', 27);
INSERT INTO SEGURO (ID, CARACTERISTICAS, COSTO, VIGENCIA, ALOJAMIENTO_ID) VALUES (376, 'caracteristiccas376',286369,TO_DATE('2020-05-03', 'YYYY-MM-DD'), 27);
INSERT INTO HABITACION (ID, CAPACIDAD, TIPO, ALOJAMIENTO_ID) VALUES (376, 4, 0, 27);
INSERT INTO MENAJE (ID, DESCRIPCION, DISPONIBILIDAD, ALOJAMIENTO_ID) VALUES (376, 'descripcion376', 1, 27);
INSERT INTO SERVICIOS_ALOJAMIENTOS (ALOJAMIENTO_ID, SERVICIO_ID) VALUES (91, 22);
INSERT INTO REGLA (ID, DESCRIPCION, ALOJAMIENTO_ID) VALUES (377, 'descripcion377', 21);
INSERT INTO SEGURO (ID, CARACTERISTICAS, COSTO, VIGENCIA, ALOJAMIENTO_ID) VALUES (377, 'caracteristiccas377',603846,TO_DATE('2020-05-03', 'YYYY-MM-DD'), 21);
INSERT INTO HABITACION (ID, CAPACIDAD, TIPO, ALOJAMIENTO_ID) VALUES (377, 11, 3, 21);
INSERT INTO MENAJE (ID, DESCRIPCION, DISPONIBILIDAD, ALOJAMIENTO_ID) VALUES (377, 'descripcion377', 1, 21);
INSERT INTO SERVICIOS_ALOJAMIENTOS (ALOJAMIENTO_ID, SERVICIO_ID) VALUES (116, 24);
INSERT INTO REGLA (ID, DESCRIPCION, ALOJAMIENTO_ID) VALUES (378, 'descripcion378', 43);
INSERT INTO SEGURO (ID, CARACTERISTICAS, COSTO, VIGENCIA, ALOJAMIENTO_ID) VALUES (378, 'caracteristiccas378',861823,TO_DATE('2020-05-03', 'YYYY-MM-DD'), 43);
INSERT INTO HABITACION (ID, CAPACIDAD, TIPO, ALOJAMIENTO_ID) VALUES (378, 9, 0, 43);
INSERT INTO MENAJE (ID, DESCRIPCION, DISPONIBILIDAD, ALOJAMIENTO_ID) VALUES (378, 'descripcion378', 0, 43);
INSERT INTO SERVICIOS_ALOJAMIENTOS (ALOJAMIENTO_ID, SERVICIO_ID) VALUES (7, 20);
INSERT INTO REGLA (ID, DESCRIPCION, ALOJAMIENTO_ID) VALUES (379, 'descripcion379', 99);
INSERT INTO SEGURO (ID, CARACTERISTICAS, COSTO, VIGENCIA, ALOJAMIENTO_ID) VALUES (379, 'caracteristiccas379',512196,TO_DATE('2020-05-03', 'YYYY-MM-DD'), 99);
INSERT INTO HABITACION (ID, CAPACIDAD, TIPO, ALOJAMIENTO_ID) VALUES (379, 10, 0, 99);
INSERT INTO MENAJE (ID, DESCRIPCION, DISPONIBILIDAD, ALOJAMIENTO_ID) VALUES (379, 'descripcion379', 1, 99);
INSERT INTO SERVICIOS_ALOJAMIENTOS (ALOJAMIENTO_ID, SERVICIO_ID) VALUES (11, 34);
INSERT INTO REGLA (ID, DESCRIPCION, ALOJAMIENTO_ID) VALUES (380, 'descripcion380', 126);
INSERT INTO SEGURO (ID, CARACTERISTICAS, COSTO, VIGENCIA, ALOJAMIENTO_ID) VALUES (380, 'caracteristiccas380',775060,TO_DATE('2020-05-03', 'YYYY-MM-DD'), 126);
INSERT INTO HABITACION (ID, CAPACIDAD, TIPO, ALOJAMIENTO_ID) VALUES (380, 5, 1, 126);
INSERT INTO MENAJE (ID, DESCRIPCION, DISPONIBILIDAD, ALOJAMIENTO_ID) VALUES (380, 'descripcion380', 0, 126);
INSERT INTO SERVICIOS_ALOJAMIENTOS (ALOJAMIENTO_ID, SERVICIO_ID) VALUES (33, 1);
INSERT INTO REGLA (ID, DESCRIPCION, ALOJAMIENTO_ID) VALUES (381, 'descripcion381', 121);
INSERT INTO SEGURO (ID, CARACTERISTICAS, COSTO, VIGENCIA, ALOJAMIENTO_ID) VALUES (381, 'caracteristiccas381',241019,TO_DATE('2020-05-03', 'YYYY-MM-DD'), 121);
INSERT INTO HABITACION (ID, CAPACIDAD, TIPO, ALOJAMIENTO_ID) VALUES (381, 6, 2, 121);
INSERT INTO MENAJE (ID, DESCRIPCION, DISPONIBILIDAD, ALOJAMIENTO_ID) VALUES (381, 'descripcion381', 1, 121);
INSERT INTO SERVICIOS_ALOJAMIENTOS (ALOJAMIENTO_ID, SERVICIO_ID) VALUES (164, 37);
INSERT INTO REGLA (ID, DESCRIPCION, ALOJAMIENTO_ID) VALUES (382, 'descripcion382', 122);
INSERT INTO SEGURO (ID, CARACTERISTICAS, COSTO, VIGENCIA, ALOJAMIENTO_ID) VALUES (382, 'caracteristiccas382',792480,TO_DATE('2020-05-03', 'YYYY-MM-DD'), 122);
INSERT INTO HABITACION (ID, CAPACIDAD, TIPO, ALOJAMIENTO_ID) VALUES (382, 7, 3, 122);
INSERT INTO MENAJE (ID, DESCRIPCION, DISPONIBILIDAD, ALOJAMIENTO_ID) VALUES (382, 'descripcion382', 0, 122);
INSERT INTO SERVICIOS_ALOJAMIENTOS (ALOJAMIENTO_ID, SERVICIO_ID) VALUES (128, 46);
INSERT INTO REGLA (ID, DESCRIPCION, ALOJAMIENTO_ID) VALUES (383, 'descripcion383', 169);
INSERT INTO SEGURO (ID, CARACTERISTICAS, COSTO, VIGENCIA, ALOJAMIENTO_ID) VALUES (383, 'caracteristiccas383',117931,TO_DATE('2020-05-03', 'YYYY-MM-DD'), 169);
INSERT INTO HABITACION (ID, CAPACIDAD, TIPO, ALOJAMIENTO_ID) VALUES (383, 6, 1, 169);
INSERT INTO MENAJE (ID, DESCRIPCION, DISPONIBILIDAD, ALOJAMIENTO_ID) VALUES (383, 'descripcion383', 1, 169);
INSERT INTO SERVICIOS_ALOJAMIENTOS (ALOJAMIENTO_ID, SERVICIO_ID) VALUES (77, 12);
INSERT INTO REGLA (ID, DESCRIPCION, ALOJAMIENTO_ID) VALUES (384, 'descripcion384', 15);
INSERT INTO SEGURO (ID, CARACTERISTICAS, COSTO, VIGENCIA, ALOJAMIENTO_ID) VALUES (384, 'caracteristiccas384',977451,TO_DATE('2020-05-03', 'YYYY-MM-DD'), 15);
INSERT INTO HABITACION (ID, CAPACIDAD, TIPO, ALOJAMIENTO_ID) VALUES (384, 5, 2, 15);
INSERT INTO MENAJE (ID, DESCRIPCION, DISPONIBILIDAD, ALOJAMIENTO_ID) VALUES (384, 'descripcion384', 1, 15);
INSERT INTO SERVICIOS_ALOJAMIENTOS (ALOJAMIENTO_ID, SERVICIO_ID) VALUES (68, 1);
INSERT INTO REGLA (ID, DESCRIPCION, ALOJAMIENTO_ID) VALUES (385, 'descripcion385', 115);
INSERT INTO SEGURO (ID, CARACTERISTICAS, COSTO, VIGENCIA, ALOJAMIENTO_ID) VALUES (385, 'caracteristiccas385',327308,TO_DATE('2020-05-03', 'YYYY-MM-DD'), 115);
INSERT INTO HABITACION (ID, CAPACIDAD, TIPO, ALOJAMIENTO_ID) VALUES (385, 6, 0, 115);
INSERT INTO MENAJE (ID, DESCRIPCION, DISPONIBILIDAD, ALOJAMIENTO_ID) VALUES (385, 'descripcion385', 1, 115);
INSERT INTO SERVICIOS_ALOJAMIENTOS (ALOJAMIENTO_ID, SERVICIO_ID) VALUES (164, 38);
INSERT INTO REGLA (ID, DESCRIPCION, ALOJAMIENTO_ID) VALUES (386, 'descripcion386', 133);
INSERT INTO SEGURO (ID, CARACTERISTICAS, COSTO, VIGENCIA, ALOJAMIENTO_ID) VALUES (386, 'caracteristiccas386',759702,TO_DATE('2020-05-03', 'YYYY-MM-DD'), 133);
INSERT INTO HABITACION (ID, CAPACIDAD, TIPO, ALOJAMIENTO_ID) VALUES (386, 7, 0, 133);
INSERT INTO MENAJE (ID, DESCRIPCION, DISPONIBILIDAD, ALOJAMIENTO_ID) VALUES (386, 'descripcion386', 0, 133);
INSERT INTO SERVICIOS_ALOJAMIENTOS (ALOJAMIENTO_ID, SERVICIO_ID) VALUES (16, 29);
INSERT INTO REGLA (ID, DESCRIPCION, ALOJAMIENTO_ID) VALUES (387, 'descripcion387', 132);
INSERT INTO SEGURO (ID, CARACTERISTICAS, COSTO, VIGENCIA, ALOJAMIENTO_ID) VALUES (387, 'caracteristiccas387',94582,TO_DATE('2020-05-03', 'YYYY-MM-DD'), 132);
INSERT INTO HABITACION (ID, CAPACIDAD, TIPO, ALOJAMIENTO_ID) VALUES (387, 10, 2, 132);
INSERT INTO MENAJE (ID, DESCRIPCION, DISPONIBILIDAD, ALOJAMIENTO_ID) VALUES (387, 'descripcion387', 1, 132);
INSERT INTO SERVICIOS_ALOJAMIENTOS (ALOJAMIENTO_ID, SERVICIO_ID) VALUES (152, 47);
INSERT INTO REGLA (ID, DESCRIPCION, ALOJAMIENTO_ID) VALUES (388, 'descripcion388', 35);
INSERT INTO SEGURO (ID, CARACTERISTICAS, COSTO, VIGENCIA, ALOJAMIENTO_ID) VALUES (388, 'caracteristiccas388',461278,TO_DATE('2020-05-03', 'YYYY-MM-DD'), 35);
INSERT INTO HABITACION (ID, CAPACIDAD, TIPO, ALOJAMIENTO_ID) VALUES (388, 5, 3, 35);
INSERT INTO MENAJE (ID, DESCRIPCION, DISPONIBILIDAD, ALOJAMIENTO_ID) VALUES (388, 'descripcion388', 0, 35);
INSERT INTO SERVICIOS_ALOJAMIENTOS (ALOJAMIENTO_ID, SERVICIO_ID) VALUES (159, 19);
INSERT INTO REGLA (ID, DESCRIPCION, ALOJAMIENTO_ID) VALUES (389, 'descripcion389', 112);
INSERT INTO SEGURO (ID, CARACTERISTICAS, COSTO, VIGENCIA, ALOJAMIENTO_ID) VALUES (389, 'caracteristiccas389',939846,TO_DATE('2020-05-03', 'YYYY-MM-DD'), 112);
INSERT INTO HABITACION (ID, CAPACIDAD, TIPO, ALOJAMIENTO_ID) VALUES (389, 10, 2, 112);
INSERT INTO MENAJE (ID, DESCRIPCION, DISPONIBILIDAD, ALOJAMIENTO_ID) VALUES (389, 'descripcion389', 1, 112);
INSERT INTO SERVICIOS_ALOJAMIENTOS (ALOJAMIENTO_ID, SERVICIO_ID) VALUES (73, 27);
INSERT INTO REGLA (ID, DESCRIPCION, ALOJAMIENTO_ID) VALUES (390, 'descripcion390', 79);
INSERT INTO SEGURO (ID, CARACTERISTICAS, COSTO, VIGENCIA, ALOJAMIENTO_ID) VALUES (390, 'caracteristiccas390',112286,TO_DATE('2020-05-03', 'YYYY-MM-DD'), 79);
INSERT INTO HABITACION (ID, CAPACIDAD, TIPO, ALOJAMIENTO_ID) VALUES (390, 8, 2, 79);
INSERT INTO MENAJE (ID, DESCRIPCION, DISPONIBILIDAD, ALOJAMIENTO_ID) VALUES (390, 'descripcion390', 0, 79);
INSERT INTO SERVICIOS_ALOJAMIENTOS (ALOJAMIENTO_ID, SERVICIO_ID) VALUES (138, 19);
INSERT INTO REGLA (ID, DESCRIPCION, ALOJAMIENTO_ID) VALUES (391, 'descripcion391', 116);
INSERT INTO SEGURO (ID, CARACTERISTICAS, COSTO, VIGENCIA, ALOJAMIENTO_ID) VALUES (391, 'caracteristiccas391',836401,TO_DATE('2020-05-03', 'YYYY-MM-DD'), 116);
INSERT INTO HABITACION (ID, CAPACIDAD, TIPO, ALOJAMIENTO_ID) VALUES (391, 8, 3, 116);
INSERT INTO MENAJE (ID, DESCRIPCION, DISPONIBILIDAD, ALOJAMIENTO_ID) VALUES (391, 'descripcion391', 0, 116);
INSERT INTO SERVICIOS_ALOJAMIENTOS (ALOJAMIENTO_ID, SERVICIO_ID) VALUES (136, 37);
INSERT INTO REGLA (ID, DESCRIPCION, ALOJAMIENTO_ID) VALUES (392, 'descripcion392', 24);
INSERT INTO SEGURO (ID, CARACTERISTICAS, COSTO, VIGENCIA, ALOJAMIENTO_ID) VALUES (392, 'caracteristiccas392',89398,TO_DATE('2020-05-03', 'YYYY-MM-DD'), 24);
INSERT INTO HABITACION (ID, CAPACIDAD, TIPO, ALOJAMIENTO_ID) VALUES (392, 5, 3, 24);
INSERT INTO MENAJE (ID, DESCRIPCION, DISPONIBILIDAD, ALOJAMIENTO_ID) VALUES (392, 'descripcion392', 0, 24);
INSERT INTO SERVICIOS_ALOJAMIENTOS (ALOJAMIENTO_ID, SERVICIO_ID) VALUES (25, 49);
INSERT INTO REGLA (ID, DESCRIPCION, ALOJAMIENTO_ID) VALUES (393, 'descripcion393', 129);
INSERT INTO SEGURO (ID, CARACTERISTICAS, COSTO, VIGENCIA, ALOJAMIENTO_ID) VALUES (393, 'caracteristiccas393',327267,TO_DATE('2020-05-03', 'YYYY-MM-DD'), 129);
INSERT INTO HABITACION (ID, CAPACIDAD, TIPO, ALOJAMIENTO_ID) VALUES (393, 2, 3, 129);
INSERT INTO MENAJE (ID, DESCRIPCION, DISPONIBILIDAD, ALOJAMIENTO_ID) VALUES (393, 'descripcion393', 0, 129);
INSERT INTO SERVICIOS_ALOJAMIENTOS (ALOJAMIENTO_ID, SERVICIO_ID) VALUES (156, 19);
INSERT INTO REGLA (ID, DESCRIPCION, ALOJAMIENTO_ID) VALUES (394, 'descripcion394', 83);
INSERT INTO SEGURO (ID, CARACTERISTICAS, COSTO, VIGENCIA, ALOJAMIENTO_ID) VALUES (394, 'caracteristiccas394',772958,TO_DATE('2020-05-03', 'YYYY-MM-DD'), 83);
INSERT INTO HABITACION (ID, CAPACIDAD, TIPO, ALOJAMIENTO_ID) VALUES (394, 9, 1, 83);
INSERT INTO MENAJE (ID, DESCRIPCION, DISPONIBILIDAD, ALOJAMIENTO_ID) VALUES (394, 'descripcion394', 1, 83);
INSERT INTO SERVICIOS_ALOJAMIENTOS (ALOJAMIENTO_ID, SERVICIO_ID) VALUES (146, 20);
INSERT INTO REGLA (ID, DESCRIPCION, ALOJAMIENTO_ID) VALUES (395, 'descripcion395', 98);
INSERT INTO SEGURO (ID, CARACTERISTICAS, COSTO, VIGENCIA, ALOJAMIENTO_ID) VALUES (395, 'caracteristiccas395',576604,TO_DATE('2020-05-03', 'YYYY-MM-DD'), 98);
INSERT INTO HABITACION (ID, CAPACIDAD, TIPO, ALOJAMIENTO_ID) VALUES (395, 9, 2, 98);
INSERT INTO MENAJE (ID, DESCRIPCION, DISPONIBILIDAD, ALOJAMIENTO_ID) VALUES (395, 'descripcion395', 0, 98);
INSERT INTO SERVICIOS_ALOJAMIENTOS (ALOJAMIENTO_ID, SERVICIO_ID) VALUES (50, 2);
INSERT INTO REGLA (ID, DESCRIPCION, ALOJAMIENTO_ID) VALUES (396, 'descripcion396', 168);
INSERT INTO SEGURO (ID, CARACTERISTICAS, COSTO, VIGENCIA, ALOJAMIENTO_ID) VALUES (396, 'caracteristiccas396',205286,TO_DATE('2020-05-03', 'YYYY-MM-DD'), 168);
INSERT INTO HABITACION (ID, CAPACIDAD, TIPO, ALOJAMIENTO_ID) VALUES (396, 1, 2, 168);
INSERT INTO MENAJE (ID, DESCRIPCION, DISPONIBILIDAD, ALOJAMIENTO_ID) VALUES (396, 'descripcion396', 1, 168);
INSERT INTO SERVICIOS_ALOJAMIENTOS (ALOJAMIENTO_ID, SERVICIO_ID) VALUES (102, 14);
INSERT INTO REGLA (ID, DESCRIPCION, ALOJAMIENTO_ID) VALUES (397, 'descripcion397', 101);
INSERT INTO SEGURO (ID, CARACTERISTICAS, COSTO, VIGENCIA, ALOJAMIENTO_ID) VALUES (397, 'caracteristiccas397',290697,TO_DATE('2020-05-03', 'YYYY-MM-DD'), 101);
INSERT INTO HABITACION (ID, CAPACIDAD, TIPO, ALOJAMIENTO_ID) VALUES (397, 8, 0, 101);
INSERT INTO MENAJE (ID, DESCRIPCION, DISPONIBILIDAD, ALOJAMIENTO_ID) VALUES (397, 'descripcion397', 0, 101);
INSERT INTO SERVICIOS_ALOJAMIENTOS (ALOJAMIENTO_ID, SERVICIO_ID) VALUES (59, 10);
INSERT INTO REGLA (ID, DESCRIPCION, ALOJAMIENTO_ID) VALUES (398, 'descripcion398', 143);
INSERT INTO SEGURO (ID, CARACTERISTICAS, COSTO, VIGENCIA, ALOJAMIENTO_ID) VALUES (398, 'caracteristiccas398',997033,TO_DATE('2020-05-03', 'YYYY-MM-DD'), 143);
INSERT INTO HABITACION (ID, CAPACIDAD, TIPO, ALOJAMIENTO_ID) VALUES (398, 6, 2, 143);
INSERT INTO MENAJE (ID, DESCRIPCION, DISPONIBILIDAD, ALOJAMIENTO_ID) VALUES (398, 'descripcion398', 0, 143);
INSERT INTO SERVICIOS_ALOJAMIENTOS (ALOJAMIENTO_ID, SERVICIO_ID) VALUES (156, 42);
INSERT INTO REGLA (ID, DESCRIPCION, ALOJAMIENTO_ID) VALUES (399, 'descripcion399', 146);
INSERT INTO SEGURO (ID, CARACTERISTICAS, COSTO, VIGENCIA, ALOJAMIENTO_ID) VALUES (399, 'caracteristiccas399',917448,TO_DATE('2020-05-03', 'YYYY-MM-DD'), 146);
INSERT INTO HABITACION (ID, CAPACIDAD, TIPO, ALOJAMIENTO_ID) VALUES (399, 6, 2, 146);
INSERT INTO MENAJE (ID, DESCRIPCION, DISPONIBILIDAD, ALOJAMIENTO_ID) VALUES (399, 'descripcion399', 0, 146);
INSERT INTO SERVICIOS_ALOJAMIENTOS (ALOJAMIENTO_ID, SERVICIO_ID) VALUES (65, 4);
INSERT INTO REGLA (ID, DESCRIPCION, ALOJAMIENTO_ID) VALUES (400, 'descripcion400', 140);
INSERT INTO SEGURO (ID, CARACTERISTICAS, COSTO, VIGENCIA, ALOJAMIENTO_ID) VALUES (400, 'caracteristiccas400',841371,TO_DATE('2020-05-03', 'YYYY-MM-DD'), 140);
INSERT INTO HABITACION (ID, CAPACIDAD, TIPO, ALOJAMIENTO_ID) VALUES (400, 9, 0, 140);
INSERT INTO MENAJE (ID, DESCRIPCION, DISPONIBILIDAD, ALOJAMIENTO_ID) VALUES (400, 'descripcion400', 0, 140);
INSERT INTO SERVICIOS_ALOJAMIENTOS (ALOJAMIENTO_ID, SERVICIO_ID) VALUES (5, 46);
INSERT INTO REGLA (ID, DESCRIPCION, ALOJAMIENTO_ID) VALUES (401, 'descripcion401', 33);
INSERT INTO SEGURO (ID, CARACTERISTICAS, COSTO, VIGENCIA, ALOJAMIENTO_ID) VALUES (401, 'caracteristiccas401',904067,TO_DATE('2020-05-03', 'YYYY-MM-DD'), 33);
INSERT INTO HABITACION (ID, CAPACIDAD, TIPO, ALOJAMIENTO_ID) VALUES (401, 5, 0, 33);
INSERT INTO MENAJE (ID, DESCRIPCION, DISPONIBILIDAD, ALOJAMIENTO_ID) VALUES (401, 'descripcion401', 0, 33);
INSERT INTO SERVICIOS_ALOJAMIENTOS (ALOJAMIENTO_ID, SERVICIO_ID) VALUES (160, 9);
INSERT INTO REGLA (ID, DESCRIPCION, ALOJAMIENTO_ID) VALUES (402, 'descripcion402', 134);
INSERT INTO SEGURO (ID, CARACTERISTICAS, COSTO, VIGENCIA, ALOJAMIENTO_ID) VALUES (402, 'caracteristiccas402',809936,TO_DATE('2020-05-03', 'YYYY-MM-DD'), 134);
INSERT INTO HABITACION (ID, CAPACIDAD, TIPO, ALOJAMIENTO_ID) VALUES (402, 7, 1, 134);
INSERT INTO MENAJE (ID, DESCRIPCION, DISPONIBILIDAD, ALOJAMIENTO_ID) VALUES (402, 'descripcion402', 0, 134);
INSERT INTO SERVICIOS_ALOJAMIENTOS (ALOJAMIENTO_ID, SERVICIO_ID) VALUES (18, 39);
INSERT INTO REGLA (ID, DESCRIPCION, ALOJAMIENTO_ID) VALUES (403, 'descripcion403', 123);
INSERT INTO SEGURO (ID, CARACTERISTICAS, COSTO, VIGENCIA, ALOJAMIENTO_ID) VALUES (403, 'caracteristiccas403',296870,TO_DATE('2020-05-03', 'YYYY-MM-DD'), 123);
INSERT INTO HABITACION (ID, CAPACIDAD, TIPO, ALOJAMIENTO_ID) VALUES (403, 8, 2, 123);
INSERT INTO MENAJE (ID, DESCRIPCION, DISPONIBILIDAD, ALOJAMIENTO_ID) VALUES (403, 'descripcion403', 1, 123);
INSERT INTO SERVICIOS_ALOJAMIENTOS (ALOJAMIENTO_ID, SERVICIO_ID) VALUES (1, 12);
INSERT INTO REGLA (ID, DESCRIPCION, ALOJAMIENTO_ID) VALUES (404, 'descripcion404', 148);
INSERT INTO SEGURO (ID, CARACTERISTICAS, COSTO, VIGENCIA, ALOJAMIENTO_ID) VALUES (404, 'caracteristiccas404',462773,TO_DATE('2020-05-03', 'YYYY-MM-DD'), 148);
INSERT INTO HABITACION (ID, CAPACIDAD, TIPO, ALOJAMIENTO_ID) VALUES (404, 2, 0, 148);
INSERT INTO MENAJE (ID, DESCRIPCION, DISPONIBILIDAD, ALOJAMIENTO_ID) VALUES (404, 'descripcion404', 0, 148);
INSERT INTO SERVICIOS_ALOJAMIENTOS (ALOJAMIENTO_ID, SERVICIO_ID) VALUES (139, 30);
INSERT INTO REGLA (ID, DESCRIPCION, ALOJAMIENTO_ID) VALUES (405, 'descripcion405', 179);
INSERT INTO SEGURO (ID, CARACTERISTICAS, COSTO, VIGENCIA, ALOJAMIENTO_ID) VALUES (405, 'caracteristiccas405',533046,TO_DATE('2020-05-03', 'YYYY-MM-DD'), 179);
INSERT INTO HABITACION (ID, CAPACIDAD, TIPO, ALOJAMIENTO_ID) VALUES (405, 4, 2, 179);
INSERT INTO MENAJE (ID, DESCRIPCION, DISPONIBILIDAD, ALOJAMIENTO_ID) VALUES (405, 'descripcion405', 1, 179);
INSERT INTO SERVICIOS_ALOJAMIENTOS (ALOJAMIENTO_ID, SERVICIO_ID) VALUES (79, 42);
INSERT INTO REGLA (ID, DESCRIPCION, ALOJAMIENTO_ID) VALUES (406, 'descripcion406', 93);
INSERT INTO SEGURO (ID, CARACTERISTICAS, COSTO, VIGENCIA, ALOJAMIENTO_ID) VALUES (406, 'caracteristiccas406',908937,TO_DATE('2020-05-03', 'YYYY-MM-DD'), 93);
INSERT INTO HABITACION (ID, CAPACIDAD, TIPO, ALOJAMIENTO_ID) VALUES (406, 11, 1, 93);
INSERT INTO MENAJE (ID, DESCRIPCION, DISPONIBILIDAD, ALOJAMIENTO_ID) VALUES (406, 'descripcion406', 0, 93);
INSERT INTO SERVICIOS_ALOJAMIENTOS (ALOJAMIENTO_ID, SERVICIO_ID) VALUES (106, 6);
INSERT INTO REGLA (ID, DESCRIPCION, ALOJAMIENTO_ID) VALUES (407, 'descripcion407', 65);
INSERT INTO SEGURO (ID, CARACTERISTICAS, COSTO, VIGENCIA, ALOJAMIENTO_ID) VALUES (407, 'caracteristiccas407',380032,TO_DATE('2020-05-03', 'YYYY-MM-DD'), 65);
INSERT INTO HABITACION (ID, CAPACIDAD, TIPO, ALOJAMIENTO_ID) VALUES (407, 1, 1, 65);
INSERT INTO MENAJE (ID, DESCRIPCION, DISPONIBILIDAD, ALOJAMIENTO_ID) VALUES (407, 'descripcion407', 0, 65);
INSERT INTO SERVICIOS_ALOJAMIENTOS (ALOJAMIENTO_ID, SERVICIO_ID) VALUES (154, 17);
INSERT INTO REGLA (ID, DESCRIPCION, ALOJAMIENTO_ID) VALUES (408, 'descripcion408', 16);
INSERT INTO SEGURO (ID, CARACTERISTICAS, COSTO, VIGENCIA, ALOJAMIENTO_ID) VALUES (408, 'caracteristiccas408',110242,TO_DATE('2020-05-03', 'YYYY-MM-DD'), 16);
INSERT INTO HABITACION (ID, CAPACIDAD, TIPO, ALOJAMIENTO_ID) VALUES (408, 9, 3, 16);
INSERT INTO MENAJE (ID, DESCRIPCION, DISPONIBILIDAD, ALOJAMIENTO_ID) VALUES (408, 'descripcion408', 1, 16);
INSERT INTO SERVICIOS_ALOJAMIENTOS (ALOJAMIENTO_ID, SERVICIO_ID) VALUES (15, 4);
INSERT INTO REGLA (ID, DESCRIPCION, ALOJAMIENTO_ID) VALUES (409, 'descripcion409', 102);
INSERT INTO SEGURO (ID, CARACTERISTICAS, COSTO, VIGENCIA, ALOJAMIENTO_ID) VALUES (409, 'caracteristiccas409',577658,TO_DATE('2020-05-03', 'YYYY-MM-DD'), 102);
INSERT INTO HABITACION (ID, CAPACIDAD, TIPO, ALOJAMIENTO_ID) VALUES (409, 9, 0, 102);
INSERT INTO MENAJE (ID, DESCRIPCION, DISPONIBILIDAD, ALOJAMIENTO_ID) VALUES (409, 'descripcion409', 1, 102);
INSERT INTO SERVICIOS_ALOJAMIENTOS (ALOJAMIENTO_ID, SERVICIO_ID) VALUES (160, 8);
INSERT INTO REGLA (ID, DESCRIPCION, ALOJAMIENTO_ID) VALUES (410, 'descripcion410', 58);
INSERT INTO SEGURO (ID, CARACTERISTICAS, COSTO, VIGENCIA, ALOJAMIENTO_ID) VALUES (410, 'caracteristiccas410',745771,TO_DATE('2020-05-03', 'YYYY-MM-DD'), 58);
INSERT INTO HABITACION (ID, CAPACIDAD, TIPO, ALOJAMIENTO_ID) VALUES (410, 11, 2, 58);
INSERT INTO MENAJE (ID, DESCRIPCION, DISPONIBILIDAD, ALOJAMIENTO_ID) VALUES (410, 'descripcion410', 1, 58);
INSERT INTO SERVICIOS_ALOJAMIENTOS (ALOJAMIENTO_ID, SERVICIO_ID) VALUES (57, 42);
INSERT INTO REGLA (ID, DESCRIPCION, ALOJAMIENTO_ID) VALUES (411, 'descripcion411', 86);
INSERT INTO SEGURO (ID, CARACTERISTICAS, COSTO, VIGENCIA, ALOJAMIENTO_ID) VALUES (411, 'caracteristiccas411',604594,TO_DATE('2020-05-03', 'YYYY-MM-DD'), 86);
INSERT INTO HABITACION (ID, CAPACIDAD, TIPO, ALOJAMIENTO_ID) VALUES (411, 9, 3, 86);
INSERT INTO MENAJE (ID, DESCRIPCION, DISPONIBILIDAD, ALOJAMIENTO_ID) VALUES (411, 'descripcion411', 1, 86);
INSERT INTO SERVICIOS_ALOJAMIENTOS (ALOJAMIENTO_ID, SERVICIO_ID) VALUES (117, 29);
INSERT INTO REGLA (ID, DESCRIPCION, ALOJAMIENTO_ID) VALUES (412, 'descripcion412', 149);
INSERT INTO SEGURO (ID, CARACTERISTICAS, COSTO, VIGENCIA, ALOJAMIENTO_ID) VALUES (412, 'caracteristiccas412',512189,TO_DATE('2020-05-03', 'YYYY-MM-DD'), 149);
INSERT INTO HABITACION (ID, CAPACIDAD, TIPO, ALOJAMIENTO_ID) VALUES (412, 10, 1, 149);
INSERT INTO MENAJE (ID, DESCRIPCION, DISPONIBILIDAD, ALOJAMIENTO_ID) VALUES (412, 'descripcion412', 0, 149);
INSERT INTO SERVICIOS_ALOJAMIENTOS (ALOJAMIENTO_ID, SERVICIO_ID) VALUES (65, 23);
INSERT INTO REGLA (ID, DESCRIPCION, ALOJAMIENTO_ID) VALUES (413, 'descripcion413', 15);
INSERT INTO SEGURO (ID, CARACTERISTICAS, COSTO, VIGENCIA, ALOJAMIENTO_ID) VALUES (413, 'caracteristiccas413',128303,TO_DATE('2020-05-03', 'YYYY-MM-DD'), 15);
INSERT INTO HABITACION (ID, CAPACIDAD, TIPO, ALOJAMIENTO_ID) VALUES (413, 9, 0, 15);
INSERT INTO MENAJE (ID, DESCRIPCION, DISPONIBILIDAD, ALOJAMIENTO_ID) VALUES (413, 'descripcion413', 1, 15);
INSERT INTO SERVICIOS_ALOJAMIENTOS (ALOJAMIENTO_ID, SERVICIO_ID) VALUES (84, 26);
INSERT INTO REGLA (ID, DESCRIPCION, ALOJAMIENTO_ID) VALUES (414, 'descripcion414', 88);
INSERT INTO SEGURO (ID, CARACTERISTICAS, COSTO, VIGENCIA, ALOJAMIENTO_ID) VALUES (414, 'caracteristiccas414',256120,TO_DATE('2020-05-03', 'YYYY-MM-DD'), 88);
INSERT INTO HABITACION (ID, CAPACIDAD, TIPO, ALOJAMIENTO_ID) VALUES (414, 9, 2, 88);
INSERT INTO MENAJE (ID, DESCRIPCION, DISPONIBILIDAD, ALOJAMIENTO_ID) VALUES (414, 'descripcion414', 1, 88);
INSERT INTO SERVICIOS_ALOJAMIENTOS (ALOJAMIENTO_ID, SERVICIO_ID) VALUES (118, 37);
INSERT INTO REGLA (ID, DESCRIPCION, ALOJAMIENTO_ID) VALUES (415, 'descripcion415', 136);
INSERT INTO SEGURO (ID, CARACTERISTICAS, COSTO, VIGENCIA, ALOJAMIENTO_ID) VALUES (415, 'caracteristiccas415',589296,TO_DATE('2020-05-03', 'YYYY-MM-DD'), 136);
INSERT INTO HABITACION (ID, CAPACIDAD, TIPO, ALOJAMIENTO_ID) VALUES (415, 7, 0, 136);
INSERT INTO MENAJE (ID, DESCRIPCION, DISPONIBILIDAD, ALOJAMIENTO_ID) VALUES (415, 'descripcion415', 1, 136);
INSERT INTO SERVICIOS_ALOJAMIENTOS (ALOJAMIENTO_ID, SERVICIO_ID) VALUES (54, 30);
INSERT INTO REGLA (ID, DESCRIPCION, ALOJAMIENTO_ID) VALUES (416, 'descripcion416', 1);
INSERT INTO SEGURO (ID, CARACTERISTICAS, COSTO, VIGENCIA, ALOJAMIENTO_ID) VALUES (416, 'caracteristiccas416',915915,TO_DATE('2020-05-03', 'YYYY-MM-DD'), 1);
INSERT INTO HABITACION (ID, CAPACIDAD, TIPO, ALOJAMIENTO_ID) VALUES (416, 11, 2, 1);
INSERT INTO MENAJE (ID, DESCRIPCION, DISPONIBILIDAD, ALOJAMIENTO_ID) VALUES (416, 'descripcion416', 0, 1);
INSERT INTO SERVICIOS_ALOJAMIENTOS (ALOJAMIENTO_ID, SERVICIO_ID) VALUES (40, 42);
INSERT INTO REGLA (ID, DESCRIPCION, ALOJAMIENTO_ID) VALUES (417, 'descripcion417', 162);
INSERT INTO SEGURO (ID, CARACTERISTICAS, COSTO, VIGENCIA, ALOJAMIENTO_ID) VALUES (417, 'caracteristiccas417',96790,TO_DATE('2020-05-03', 'YYYY-MM-DD'), 162);
INSERT INTO HABITACION (ID, CAPACIDAD, TIPO, ALOJAMIENTO_ID) VALUES (417, 3, 3, 162);
INSERT INTO MENAJE (ID, DESCRIPCION, DISPONIBILIDAD, ALOJAMIENTO_ID) VALUES (417, 'descripcion417', 1, 162);
INSERT INTO SERVICIOS_ALOJAMIENTOS (ALOJAMIENTO_ID, SERVICIO_ID) VALUES (79, 44);
INSERT INTO REGLA (ID, DESCRIPCION, ALOJAMIENTO_ID) VALUES (418, 'descripcion418', 173);
INSERT INTO SEGURO (ID, CARACTERISTICAS, COSTO, VIGENCIA, ALOJAMIENTO_ID) VALUES (418, 'caracteristiccas418',373205,TO_DATE('2020-05-03', 'YYYY-MM-DD'), 173);
INSERT INTO HABITACION (ID, CAPACIDAD, TIPO, ALOJAMIENTO_ID) VALUES (418, 8, 1, 173);
INSERT INTO MENAJE (ID, DESCRIPCION, DISPONIBILIDAD, ALOJAMIENTO_ID) VALUES (418, 'descripcion418', 0, 173);
INSERT INTO SERVICIOS_ALOJAMIENTOS (ALOJAMIENTO_ID, SERVICIO_ID) VALUES (74, 14);
INSERT INTO REGLA (ID, DESCRIPCION, ALOJAMIENTO_ID) VALUES (419, 'descripcion419', 45);
INSERT INTO SEGURO (ID, CARACTERISTICAS, COSTO, VIGENCIA, ALOJAMIENTO_ID) VALUES (419, 'caracteristiccas419',554531,TO_DATE('2020-05-03', 'YYYY-MM-DD'), 45);
INSERT INTO HABITACION (ID, CAPACIDAD, TIPO, ALOJAMIENTO_ID) VALUES (419, 9, 1, 45);
INSERT INTO MENAJE (ID, DESCRIPCION, DISPONIBILIDAD, ALOJAMIENTO_ID) VALUES (419, 'descripcion419', 1, 45);
INSERT INTO SERVICIOS_ALOJAMIENTOS (ALOJAMIENTO_ID, SERVICIO_ID) VALUES (66, 36);
INSERT INTO REGLA (ID, DESCRIPCION, ALOJAMIENTO_ID) VALUES (420, 'descripcion420', 136);
INSERT INTO SEGURO (ID, CARACTERISTICAS, COSTO, VIGENCIA, ALOJAMIENTO_ID) VALUES (420, 'caracteristiccas420',625926,TO_DATE('2020-05-03', 'YYYY-MM-DD'), 136);
INSERT INTO HABITACION (ID, CAPACIDAD, TIPO, ALOJAMIENTO_ID) VALUES (420, 1, 1, 136);
INSERT INTO MENAJE (ID, DESCRIPCION, DISPONIBILIDAD, ALOJAMIENTO_ID) VALUES (420, 'descripcion420', 1, 136);
INSERT INTO SERVICIOS_ALOJAMIENTOS (ALOJAMIENTO_ID, SERVICIO_ID) VALUES (5, 40);
INSERT INTO REGLA (ID, DESCRIPCION, ALOJAMIENTO_ID) VALUES (421, 'descripcion421', 40);
INSERT INTO SEGURO (ID, CARACTERISTICAS, COSTO, VIGENCIA, ALOJAMIENTO_ID) VALUES (421, 'caracteristiccas421',607782,TO_DATE('2020-05-03', 'YYYY-MM-DD'), 40);
INSERT INTO HABITACION (ID, CAPACIDAD, TIPO, ALOJAMIENTO_ID) VALUES (421, 3, 0, 40);
INSERT INTO MENAJE (ID, DESCRIPCION, DISPONIBILIDAD, ALOJAMIENTO_ID) VALUES (421, 'descripcion421', 1, 40);
INSERT INTO SERVICIOS_ALOJAMIENTOS (ALOJAMIENTO_ID, SERVICIO_ID) VALUES (139, 8);
INSERT INTO REGLA (ID, DESCRIPCION, ALOJAMIENTO_ID) VALUES (422, 'descripcion422', 114);
INSERT INTO SEGURO (ID, CARACTERISTICAS, COSTO, VIGENCIA, ALOJAMIENTO_ID) VALUES (422, 'caracteristiccas422',8041,TO_DATE('2020-05-03', 'YYYY-MM-DD'), 114);
INSERT INTO HABITACION (ID, CAPACIDAD, TIPO, ALOJAMIENTO_ID) VALUES (422, 2, 3, 114);
INSERT INTO MENAJE (ID, DESCRIPCION, DISPONIBILIDAD, ALOJAMIENTO_ID) VALUES (422, 'descripcion422', 1, 114);
INSERT INTO SERVICIOS_ALOJAMIENTOS (ALOJAMIENTO_ID, SERVICIO_ID) VALUES (133, 24);
INSERT INTO REGLA (ID, DESCRIPCION, ALOJAMIENTO_ID) VALUES (423, 'descripcion423', 13);
INSERT INTO SEGURO (ID, CARACTERISTICAS, COSTO, VIGENCIA, ALOJAMIENTO_ID) VALUES (423, 'caracteristiccas423',859269,TO_DATE('2020-05-03', 'YYYY-MM-DD'), 13);
INSERT INTO HABITACION (ID, CAPACIDAD, TIPO, ALOJAMIENTO_ID) VALUES (423, 6, 3, 13);
INSERT INTO MENAJE (ID, DESCRIPCION, DISPONIBILIDAD, ALOJAMIENTO_ID) VALUES (423, 'descripcion423', 0, 13);
INSERT INTO SERVICIOS_ALOJAMIENTOS (ALOJAMIENTO_ID, SERVICIO_ID) VALUES (50, 34);
INSERT INTO REGLA (ID, DESCRIPCION, ALOJAMIENTO_ID) VALUES (424, 'descripcion424', 72);
INSERT INTO SEGURO (ID, CARACTERISTICAS, COSTO, VIGENCIA, ALOJAMIENTO_ID) VALUES (424, 'caracteristiccas424',979872,TO_DATE('2020-05-03', 'YYYY-MM-DD'), 72);
INSERT INTO HABITACION (ID, CAPACIDAD, TIPO, ALOJAMIENTO_ID) VALUES (424, 5, 2, 72);
INSERT INTO MENAJE (ID, DESCRIPCION, DISPONIBILIDAD, ALOJAMIENTO_ID) VALUES (424, 'descripcion424', 0, 72);
INSERT INTO SERVICIOS_ALOJAMIENTOS (ALOJAMIENTO_ID, SERVICIO_ID) VALUES (123, 25);
INSERT INTO REGLA (ID, DESCRIPCION, ALOJAMIENTO_ID) VALUES (425, 'descripcion425', 37);
INSERT INTO SEGURO (ID, CARACTERISTICAS, COSTO, VIGENCIA, ALOJAMIENTO_ID) VALUES (425, 'caracteristiccas425',587705,TO_DATE('2020-05-03', 'YYYY-MM-DD'), 37);
INSERT INTO HABITACION (ID, CAPACIDAD, TIPO, ALOJAMIENTO_ID) VALUES (425, 9, 2, 37);
INSERT INTO MENAJE (ID, DESCRIPCION, DISPONIBILIDAD, ALOJAMIENTO_ID) VALUES (425, 'descripcion425', 0, 37);
INSERT INTO SERVICIOS_ALOJAMIENTOS (ALOJAMIENTO_ID, SERVICIO_ID) VALUES (142, 9);
INSERT INTO REGLA (ID, DESCRIPCION, ALOJAMIENTO_ID) VALUES (426, 'descripcion426', 72);
INSERT INTO SEGURO (ID, CARACTERISTICAS, COSTO, VIGENCIA, ALOJAMIENTO_ID) VALUES (426, 'caracteristiccas426',944985,TO_DATE('2020-05-03', 'YYYY-MM-DD'), 72);
INSERT INTO HABITACION (ID, CAPACIDAD, TIPO, ALOJAMIENTO_ID) VALUES (426, 8, 3, 72);
INSERT INTO MENAJE (ID, DESCRIPCION, DISPONIBILIDAD, ALOJAMIENTO_ID) VALUES (426, 'descripcion426', 0, 72);
INSERT INTO SERVICIOS_ALOJAMIENTOS (ALOJAMIENTO_ID, SERVICIO_ID) VALUES (14, 23);
INSERT INTO REGLA (ID, DESCRIPCION, ALOJAMIENTO_ID) VALUES (427, 'descripcion427', 58);
INSERT INTO SEGURO (ID, CARACTERISTICAS, COSTO, VIGENCIA, ALOJAMIENTO_ID) VALUES (427, 'caracteristiccas427',22512,TO_DATE('2020-05-03', 'YYYY-MM-DD'), 58);
INSERT INTO HABITACION (ID, CAPACIDAD, TIPO, ALOJAMIENTO_ID) VALUES (427, 8, 1, 58);
INSERT INTO MENAJE (ID, DESCRIPCION, DISPONIBILIDAD, ALOJAMIENTO_ID) VALUES (427, 'descripcion427', 1, 58);
INSERT INTO SERVICIOS_ALOJAMIENTOS (ALOJAMIENTO_ID, SERVICIO_ID) VALUES (9, 25);
INSERT INTO REGLA (ID, DESCRIPCION, ALOJAMIENTO_ID) VALUES (428, 'descripcion428', 51);
INSERT INTO SEGURO (ID, CARACTERISTICAS, COSTO, VIGENCIA, ALOJAMIENTO_ID) VALUES (428, 'caracteristiccas428',123982,TO_DATE('2020-05-03', 'YYYY-MM-DD'), 51);
INSERT INTO HABITACION (ID, CAPACIDAD, TIPO, ALOJAMIENTO_ID) VALUES (428, 1, 1, 51);
INSERT INTO MENAJE (ID, DESCRIPCION, DISPONIBILIDAD, ALOJAMIENTO_ID) VALUES (428, 'descripcion428', 1, 51);
INSERT INTO SERVICIOS_ALOJAMIENTOS (ALOJAMIENTO_ID, SERVICIO_ID) VALUES (52, 13);
INSERT INTO REGLA (ID, DESCRIPCION, ALOJAMIENTO_ID) VALUES (429, 'descripcion429', 53);
INSERT INTO SEGURO (ID, CARACTERISTICAS, COSTO, VIGENCIA, ALOJAMIENTO_ID) VALUES (429, 'caracteristiccas429',135076,TO_DATE('2020-05-03', 'YYYY-MM-DD'), 53);
INSERT INTO HABITACION (ID, CAPACIDAD, TIPO, ALOJAMIENTO_ID) VALUES (429, 11, 0, 53);
INSERT INTO MENAJE (ID, DESCRIPCION, DISPONIBILIDAD, ALOJAMIENTO_ID) VALUES (429, 'descripcion429', 0, 53);
INSERT INTO SERVICIOS_ALOJAMIENTOS (ALOJAMIENTO_ID, SERVICIO_ID) VALUES (175, 5);
INSERT INTO REGLA (ID, DESCRIPCION, ALOJAMIENTO_ID) VALUES (430, 'descripcion430', 57);
INSERT INTO SEGURO (ID, CARACTERISTICAS, COSTO, VIGENCIA, ALOJAMIENTO_ID) VALUES (430, 'caracteristiccas430',874111,TO_DATE('2020-05-03', 'YYYY-MM-DD'), 57);
INSERT INTO HABITACION (ID, CAPACIDAD, TIPO, ALOJAMIENTO_ID) VALUES (430, 7, 3, 57);
INSERT INTO MENAJE (ID, DESCRIPCION, DISPONIBILIDAD, ALOJAMIENTO_ID) VALUES (430, 'descripcion430', 1, 57);
INSERT INTO SERVICIOS_ALOJAMIENTOS (ALOJAMIENTO_ID, SERVICIO_ID) VALUES (166, 44);
INSERT INTO REGLA (ID, DESCRIPCION, ALOJAMIENTO_ID) VALUES (431, 'descripcion431', 12);
INSERT INTO SEGURO (ID, CARACTERISTICAS, COSTO, VIGENCIA, ALOJAMIENTO_ID) VALUES (431, 'caracteristiccas431',456286,TO_DATE('2020-05-03', 'YYYY-MM-DD'), 12);
INSERT INTO HABITACION (ID, CAPACIDAD, TIPO, ALOJAMIENTO_ID) VALUES (431, 10, 0, 12);
INSERT INTO MENAJE (ID, DESCRIPCION, DISPONIBILIDAD, ALOJAMIENTO_ID) VALUES (431, 'descripcion431', 1, 12);
INSERT INTO SERVICIOS_ALOJAMIENTOS (ALOJAMIENTO_ID, SERVICIO_ID) VALUES (24, 29);
INSERT INTO REGLA (ID, DESCRIPCION, ALOJAMIENTO_ID) VALUES (432, 'descripcion432', 140);
INSERT INTO SEGURO (ID, CARACTERISTICAS, COSTO, VIGENCIA, ALOJAMIENTO_ID) VALUES (432, 'caracteristiccas432',410256,TO_DATE('2020-05-03', 'YYYY-MM-DD'), 140);
INSERT INTO HABITACION (ID, CAPACIDAD, TIPO, ALOJAMIENTO_ID) VALUES (432, 5, 0, 140);
INSERT INTO MENAJE (ID, DESCRIPCION, DISPONIBILIDAD, ALOJAMIENTO_ID) VALUES (432, 'descripcion432', 0, 140);
INSERT INTO SERVICIOS_ALOJAMIENTOS (ALOJAMIENTO_ID, SERVICIO_ID) VALUES (14, 30);
INSERT INTO REGLA (ID, DESCRIPCION, ALOJAMIENTO_ID) VALUES (433, 'descripcion433', 13);
INSERT INTO SEGURO (ID, CARACTERISTICAS, COSTO, VIGENCIA, ALOJAMIENTO_ID) VALUES (433, 'caracteristiccas433',963726,TO_DATE('2020-05-03', 'YYYY-MM-DD'), 13);
INSERT INTO HABITACION (ID, CAPACIDAD, TIPO, ALOJAMIENTO_ID) VALUES (433, 11, 2, 13);
INSERT INTO MENAJE (ID, DESCRIPCION, DISPONIBILIDAD, ALOJAMIENTO_ID) VALUES (433, 'descripcion433', 0, 13);
INSERT INTO SERVICIOS_ALOJAMIENTOS (ALOJAMIENTO_ID, SERVICIO_ID) VALUES (26, 46);
INSERT INTO REGLA (ID, DESCRIPCION, ALOJAMIENTO_ID) VALUES (434, 'descripcion434', 114);
INSERT INTO SEGURO (ID, CARACTERISTICAS, COSTO, VIGENCIA, ALOJAMIENTO_ID) VALUES (434, 'caracteristiccas434',796591,TO_DATE('2020-05-03', 'YYYY-MM-DD'), 114);
INSERT INTO HABITACION (ID, CAPACIDAD, TIPO, ALOJAMIENTO_ID) VALUES (434, 4, 2, 114);
INSERT INTO MENAJE (ID, DESCRIPCION, DISPONIBILIDAD, ALOJAMIENTO_ID) VALUES (434, 'descripcion434', 1, 114);
INSERT INTO SERVICIOS_ALOJAMIENTOS (ALOJAMIENTO_ID, SERVICIO_ID) VALUES (2, 29);
INSERT INTO REGLA (ID, DESCRIPCION, ALOJAMIENTO_ID) VALUES (435, 'descripcion435', 144);
INSERT INTO SEGURO (ID, CARACTERISTICAS, COSTO, VIGENCIA, ALOJAMIENTO_ID) VALUES (435, 'caracteristiccas435',847632,TO_DATE('2020-05-03', 'YYYY-MM-DD'), 144);
INSERT INTO HABITACION (ID, CAPACIDAD, TIPO, ALOJAMIENTO_ID) VALUES (435, 9, 0, 144);
INSERT INTO MENAJE (ID, DESCRIPCION, DISPONIBILIDAD, ALOJAMIENTO_ID) VALUES (435, 'descripcion435', 1, 144);
INSERT INTO SERVICIOS_ALOJAMIENTOS (ALOJAMIENTO_ID, SERVICIO_ID) VALUES (182, 9);
INSERT INTO REGLA (ID, DESCRIPCION, ALOJAMIENTO_ID) VALUES (436, 'descripcion436', 60);
INSERT INTO SEGURO (ID, CARACTERISTICAS, COSTO, VIGENCIA, ALOJAMIENTO_ID) VALUES (436, 'caracteristiccas436',960893,TO_DATE('2020-05-03', 'YYYY-MM-DD'), 60);
INSERT INTO HABITACION (ID, CAPACIDAD, TIPO, ALOJAMIENTO_ID) VALUES (436, 6, 0, 60);
INSERT INTO MENAJE (ID, DESCRIPCION, DISPONIBILIDAD, ALOJAMIENTO_ID) VALUES (436, 'descripcion436', 0, 60);
INSERT INTO SERVICIOS_ALOJAMIENTOS (ALOJAMIENTO_ID, SERVICIO_ID) VALUES (41, 9);
INSERT INTO REGLA (ID, DESCRIPCION, ALOJAMIENTO_ID) VALUES (437, 'descripcion437', 151);
INSERT INTO SEGURO (ID, CARACTERISTICAS, COSTO, VIGENCIA, ALOJAMIENTO_ID) VALUES (437, 'caracteristiccas437',411168,TO_DATE('2020-05-03', 'YYYY-MM-DD'), 151);
INSERT INTO HABITACION (ID, CAPACIDAD, TIPO, ALOJAMIENTO_ID) VALUES (437, 3, 3, 151);
INSERT INTO MENAJE (ID, DESCRIPCION, DISPONIBILIDAD, ALOJAMIENTO_ID) VALUES (437, 'descripcion437', 0, 151);
INSERT INTO SERVICIOS_ALOJAMIENTOS (ALOJAMIENTO_ID, SERVICIO_ID) VALUES (134, 23);
INSERT INTO REGLA (ID, DESCRIPCION, ALOJAMIENTO_ID) VALUES (438, 'descripcion438', 80);
INSERT INTO SEGURO (ID, CARACTERISTICAS, COSTO, VIGENCIA, ALOJAMIENTO_ID) VALUES (438, 'caracteristiccas438',964155,TO_DATE('2020-05-03', 'YYYY-MM-DD'), 80);
INSERT INTO HABITACION (ID, CAPACIDAD, TIPO, ALOJAMIENTO_ID) VALUES (438, 5, 1, 80);
INSERT INTO MENAJE (ID, DESCRIPCION, DISPONIBILIDAD, ALOJAMIENTO_ID) VALUES (438, 'descripcion438', 1, 80);
INSERT INTO SERVICIOS_ALOJAMIENTOS (ALOJAMIENTO_ID, SERVICIO_ID) VALUES (143, 13);
INSERT INTO REGLA (ID, DESCRIPCION, ALOJAMIENTO_ID) VALUES (439, 'descripcion439', 158);
INSERT INTO SEGURO (ID, CARACTERISTICAS, COSTO, VIGENCIA, ALOJAMIENTO_ID) VALUES (439, 'caracteristiccas439',780672,TO_DATE('2020-05-03', 'YYYY-MM-DD'), 158);
INSERT INTO HABITACION (ID, CAPACIDAD, TIPO, ALOJAMIENTO_ID) VALUES (439, 7, 0, 158);
INSERT INTO MENAJE (ID, DESCRIPCION, DISPONIBILIDAD, ALOJAMIENTO_ID) VALUES (439, 'descripcion439', 0, 158);
INSERT INTO SERVICIOS_ALOJAMIENTOS (ALOJAMIENTO_ID, SERVICIO_ID) VALUES (102, 23);
INSERT INTO REGLA (ID, DESCRIPCION, ALOJAMIENTO_ID) VALUES (440, 'descripcion440', 6);
INSERT INTO SEGURO (ID, CARACTERISTICAS, COSTO, VIGENCIA, ALOJAMIENTO_ID) VALUES (440, 'caracteristiccas440',516361,TO_DATE('2020-05-03', 'YYYY-MM-DD'), 6);
INSERT INTO HABITACION (ID, CAPACIDAD, TIPO, ALOJAMIENTO_ID) VALUES (440, 4, 3, 6);
INSERT INTO MENAJE (ID, DESCRIPCION, DISPONIBILIDAD, ALOJAMIENTO_ID) VALUES (440, 'descripcion440', 0, 6);
INSERT INTO SERVICIOS_ALOJAMIENTOS (ALOJAMIENTO_ID, SERVICIO_ID) VALUES (44, 40);
INSERT INTO REGLA (ID, DESCRIPCION, ALOJAMIENTO_ID) VALUES (441, 'descripcion441', 2);
INSERT INTO SEGURO (ID, CARACTERISTICAS, COSTO, VIGENCIA, ALOJAMIENTO_ID) VALUES (441, 'caracteristiccas441',127310,TO_DATE('2020-05-03', 'YYYY-MM-DD'), 2);
INSERT INTO HABITACION (ID, CAPACIDAD, TIPO, ALOJAMIENTO_ID) VALUES (441, 3, 3, 2);
INSERT INTO MENAJE (ID, DESCRIPCION, DISPONIBILIDAD, ALOJAMIENTO_ID) VALUES (441, 'descripcion441', 0, 2);
INSERT INTO SERVICIOS_ALOJAMIENTOS (ALOJAMIENTO_ID, SERVICIO_ID) VALUES (37, 26);
INSERT INTO REGLA (ID, DESCRIPCION, ALOJAMIENTO_ID) VALUES (442, 'descripcion442', 140);
INSERT INTO SEGURO (ID, CARACTERISTICAS, COSTO, VIGENCIA, ALOJAMIENTO_ID) VALUES (442, 'caracteristiccas442',679795,TO_DATE('2020-05-03', 'YYYY-MM-DD'), 140);
INSERT INTO HABITACION (ID, CAPACIDAD, TIPO, ALOJAMIENTO_ID) VALUES (442, 7, 3, 140);
INSERT INTO MENAJE (ID, DESCRIPCION, DISPONIBILIDAD, ALOJAMIENTO_ID) VALUES (442, 'descripcion442', 1, 140);
INSERT INTO SERVICIOS_ALOJAMIENTOS (ALOJAMIENTO_ID, SERVICIO_ID) VALUES (36, 6);
INSERT INTO REGLA (ID, DESCRIPCION, ALOJAMIENTO_ID) VALUES (443, 'descripcion443', 138);
INSERT INTO SEGURO (ID, CARACTERISTICAS, COSTO, VIGENCIA, ALOJAMIENTO_ID) VALUES (443, 'caracteristiccas443',904223,TO_DATE('2020-05-03', 'YYYY-MM-DD'), 138);
INSERT INTO HABITACION (ID, CAPACIDAD, TIPO, ALOJAMIENTO_ID) VALUES (443, 1, 0, 138);
INSERT INTO MENAJE (ID, DESCRIPCION, DISPONIBILIDAD, ALOJAMIENTO_ID) VALUES (443, 'descripcion443', 0, 138);
INSERT INTO SERVICIOS_ALOJAMIENTOS (ALOJAMIENTO_ID, SERVICIO_ID) VALUES (175, 38);
INSERT INTO REGLA (ID, DESCRIPCION, ALOJAMIENTO_ID) VALUES (444, 'descripcion444', 117);
INSERT INTO SEGURO (ID, CARACTERISTICAS, COSTO, VIGENCIA, ALOJAMIENTO_ID) VALUES (444, 'caracteristiccas444',721307,TO_DATE('2020-05-03', 'YYYY-MM-DD'), 117);
INSERT INTO HABITACION (ID, CAPACIDAD, TIPO, ALOJAMIENTO_ID) VALUES (444, 8, 1, 117);
INSERT INTO MENAJE (ID, DESCRIPCION, DISPONIBILIDAD, ALOJAMIENTO_ID) VALUES (444, 'descripcion444', 0, 117);
INSERT INTO SERVICIOS_ALOJAMIENTOS (ALOJAMIENTO_ID, SERVICIO_ID) VALUES (168, 6);
INSERT INTO REGLA (ID, DESCRIPCION, ALOJAMIENTO_ID) VALUES (445, 'descripcion445', 146);
INSERT INTO SEGURO (ID, CARACTERISTICAS, COSTO, VIGENCIA, ALOJAMIENTO_ID) VALUES (445, 'caracteristiccas445',38841,TO_DATE('2020-05-03', 'YYYY-MM-DD'), 146);
INSERT INTO HABITACION (ID, CAPACIDAD, TIPO, ALOJAMIENTO_ID) VALUES (445, 3, 0, 146);
INSERT INTO MENAJE (ID, DESCRIPCION, DISPONIBILIDAD, ALOJAMIENTO_ID) VALUES (445, 'descripcion445', 0, 146);
INSERT INTO SERVICIOS_ALOJAMIENTOS (ALOJAMIENTO_ID, SERVICIO_ID) VALUES (161, 25);
INSERT INTO REGLA (ID, DESCRIPCION, ALOJAMIENTO_ID) VALUES (446, 'descripcion446', 81);
INSERT INTO SEGURO (ID, CARACTERISTICAS, COSTO, VIGENCIA, ALOJAMIENTO_ID) VALUES (446, 'caracteristiccas446',145531,TO_DATE('2020-05-03', 'YYYY-MM-DD'), 81);
INSERT INTO HABITACION (ID, CAPACIDAD, TIPO, ALOJAMIENTO_ID) VALUES (446, 8, 2, 81);
INSERT INTO MENAJE (ID, DESCRIPCION, DISPONIBILIDAD, ALOJAMIENTO_ID) VALUES (446, 'descripcion446', 0, 81);
INSERT INTO SERVICIOS_ALOJAMIENTOS (ALOJAMIENTO_ID, SERVICIO_ID) VALUES (123, 15);
INSERT INTO REGLA (ID, DESCRIPCION, ALOJAMIENTO_ID) VALUES (447, 'descripcion447', 148);
INSERT INTO SEGURO (ID, CARACTERISTICAS, COSTO, VIGENCIA, ALOJAMIENTO_ID) VALUES (447, 'caracteristiccas447',906859,TO_DATE('2020-05-03', 'YYYY-MM-DD'), 148);
INSERT INTO HABITACION (ID, CAPACIDAD, TIPO, ALOJAMIENTO_ID) VALUES (447, 10, 1, 148);
INSERT INTO MENAJE (ID, DESCRIPCION, DISPONIBILIDAD, ALOJAMIENTO_ID) VALUES (447, 'descripcion447', 1, 148);
INSERT INTO SERVICIOS_ALOJAMIENTOS (ALOJAMIENTO_ID, SERVICIO_ID) VALUES (102, 39);
INSERT INTO REGLA (ID, DESCRIPCION, ALOJAMIENTO_ID) VALUES (448, 'descripcion448', 114);
INSERT INTO SEGURO (ID, CARACTERISTICAS, COSTO, VIGENCIA, ALOJAMIENTO_ID) VALUES (448, 'caracteristiccas448',331220,TO_DATE('2020-05-03', 'YYYY-MM-DD'), 114);
INSERT INTO HABITACION (ID, CAPACIDAD, TIPO, ALOJAMIENTO_ID) VALUES (448, 5, 2, 114);
INSERT INTO MENAJE (ID, DESCRIPCION, DISPONIBILIDAD, ALOJAMIENTO_ID) VALUES (448, 'descripcion448', 0, 114);
INSERT INTO SERVICIOS_ALOJAMIENTOS (ALOJAMIENTO_ID, SERVICIO_ID) VALUES (147, 38);
INSERT INTO REGLA (ID, DESCRIPCION, ALOJAMIENTO_ID) VALUES (449, 'descripcion449', 56);
INSERT INTO SEGURO (ID, CARACTERISTICAS, COSTO, VIGENCIA, ALOJAMIENTO_ID) VALUES (449, 'caracteristiccas449',637515,TO_DATE('2020-05-03', 'YYYY-MM-DD'), 56);
INSERT INTO HABITACION (ID, CAPACIDAD, TIPO, ALOJAMIENTO_ID) VALUES (449, 1, 2, 56);
INSERT INTO MENAJE (ID, DESCRIPCION, DISPONIBILIDAD, ALOJAMIENTO_ID) VALUES (449, 'descripcion449', 0, 56);
INSERT INTO SERVICIOS_ALOJAMIENTOS (ALOJAMIENTO_ID, SERVICIO_ID) VALUES (35, 16);
INSERT INTO REGLA (ID, DESCRIPCION, ALOJAMIENTO_ID) VALUES (450, 'descripcion450', 169);
INSERT INTO SEGURO (ID, CARACTERISTICAS, COSTO, VIGENCIA, ALOJAMIENTO_ID) VALUES (450, 'caracteristiccas450',263781,TO_DATE('2020-05-03', 'YYYY-MM-DD'), 169);
INSERT INTO HABITACION (ID, CAPACIDAD, TIPO, ALOJAMIENTO_ID) VALUES (450, 1, 1, 169);
INSERT INTO MENAJE (ID, DESCRIPCION, DISPONIBILIDAD, ALOJAMIENTO_ID) VALUES (450, 'descripcion450', 0, 169);
INSERT INTO SERVICIOS_ALOJAMIENTOS (ALOJAMIENTO_ID, SERVICIO_ID) VALUES (11, 21);
INSERT INTO REGLA (ID, DESCRIPCION, ALOJAMIENTO_ID) VALUES (451, 'descripcion451', 142);
INSERT INTO SEGURO (ID, CARACTERISTICAS, COSTO, VIGENCIA, ALOJAMIENTO_ID) VALUES (451, 'caracteristiccas451',426301,TO_DATE('2020-05-03', 'YYYY-MM-DD'), 142);
INSERT INTO HABITACION (ID, CAPACIDAD, TIPO, ALOJAMIENTO_ID) VALUES (451, 5, 2, 142);
INSERT INTO MENAJE (ID, DESCRIPCION, DISPONIBILIDAD, ALOJAMIENTO_ID) VALUES (451, 'descripcion451', 0, 142);
INSERT INTO SERVICIOS_ALOJAMIENTOS (ALOJAMIENTO_ID, SERVICIO_ID) VALUES (178, 39);
INSERT INTO REGLA (ID, DESCRIPCION, ALOJAMIENTO_ID) VALUES (452, 'descripcion452', 53);
INSERT INTO SEGURO (ID, CARACTERISTICAS, COSTO, VIGENCIA, ALOJAMIENTO_ID) VALUES (452, 'caracteristiccas452',300405,TO_DATE('2020-05-03', 'YYYY-MM-DD'), 53);
INSERT INTO HABITACION (ID, CAPACIDAD, TIPO, ALOJAMIENTO_ID) VALUES (452, 6, 1, 53);
INSERT INTO MENAJE (ID, DESCRIPCION, DISPONIBILIDAD, ALOJAMIENTO_ID) VALUES (452, 'descripcion452', 0, 53);
INSERT INTO SERVICIOS_ALOJAMIENTOS (ALOJAMIENTO_ID, SERVICIO_ID) VALUES (170, 4);
INSERT INTO REGLA (ID, DESCRIPCION, ALOJAMIENTO_ID) VALUES (453, 'descripcion453', 81);
INSERT INTO SEGURO (ID, CARACTERISTICAS, COSTO, VIGENCIA, ALOJAMIENTO_ID) VALUES (453, 'caracteristiccas453',759727,TO_DATE('2020-05-03', 'YYYY-MM-DD'), 81);
INSERT INTO HABITACION (ID, CAPACIDAD, TIPO, ALOJAMIENTO_ID) VALUES (453, 4, 0, 81);
INSERT INTO MENAJE (ID, DESCRIPCION, DISPONIBILIDAD, ALOJAMIENTO_ID) VALUES (453, 'descripcion453', 1, 81);
INSERT INTO SERVICIOS_ALOJAMIENTOS (ALOJAMIENTO_ID, SERVICIO_ID) VALUES (150, 11);
INSERT INTO REGLA (ID, DESCRIPCION, ALOJAMIENTO_ID) VALUES (454, 'descripcion454', 149);
INSERT INTO SEGURO (ID, CARACTERISTICAS, COSTO, VIGENCIA, ALOJAMIENTO_ID) VALUES (454, 'caracteristiccas454',153825,TO_DATE('2020-05-03', 'YYYY-MM-DD'), 149);
INSERT INTO HABITACION (ID, CAPACIDAD, TIPO, ALOJAMIENTO_ID) VALUES (454, 11, 1, 149);
INSERT INTO MENAJE (ID, DESCRIPCION, DISPONIBILIDAD, ALOJAMIENTO_ID) VALUES (454, 'descripcion454', 0, 149);
INSERT INTO SERVICIOS_ALOJAMIENTOS (ALOJAMIENTO_ID, SERVICIO_ID) VALUES (16, 6);
INSERT INTO REGLA (ID, DESCRIPCION, ALOJAMIENTO_ID) VALUES (455, 'descripcion455', 135);
INSERT INTO SEGURO (ID, CARACTERISTICAS, COSTO, VIGENCIA, ALOJAMIENTO_ID) VALUES (455, 'caracteristiccas455',503311,TO_DATE('2020-05-03', 'YYYY-MM-DD'), 135);
INSERT INTO HABITACION (ID, CAPACIDAD, TIPO, ALOJAMIENTO_ID) VALUES (455, 6, 0, 135);
INSERT INTO MENAJE (ID, DESCRIPCION, DISPONIBILIDAD, ALOJAMIENTO_ID) VALUES (455, 'descripcion455', 1, 135);
INSERT INTO SERVICIOS_ALOJAMIENTOS (ALOJAMIENTO_ID, SERVICIO_ID) VALUES (18, 37);
INSERT INTO REGLA (ID, DESCRIPCION, ALOJAMIENTO_ID) VALUES (456, 'descripcion456', 182);
INSERT INTO SEGURO (ID, CARACTERISTICAS, COSTO, VIGENCIA, ALOJAMIENTO_ID) VALUES (456, 'caracteristiccas456',71610,TO_DATE('2020-05-03', 'YYYY-MM-DD'), 182);
INSERT INTO HABITACION (ID, CAPACIDAD, TIPO, ALOJAMIENTO_ID) VALUES (456, 4, 0, 182);
INSERT INTO MENAJE (ID, DESCRIPCION, DISPONIBILIDAD, ALOJAMIENTO_ID) VALUES (456, 'descripcion456', 1, 182);
INSERT INTO SERVICIOS_ALOJAMIENTOS (ALOJAMIENTO_ID, SERVICIO_ID) VALUES (93, 15);
INSERT INTO REGLA (ID, DESCRIPCION, ALOJAMIENTO_ID) VALUES (457, 'descripcion457', 153);
INSERT INTO SEGURO (ID, CARACTERISTICAS, COSTO, VIGENCIA, ALOJAMIENTO_ID) VALUES (457, 'caracteristiccas457',692820,TO_DATE('2020-05-03', 'YYYY-MM-DD'), 153);
INSERT INTO HABITACION (ID, CAPACIDAD, TIPO, ALOJAMIENTO_ID) VALUES (457, 9, 0, 153);
INSERT INTO MENAJE (ID, DESCRIPCION, DISPONIBILIDAD, ALOJAMIENTO_ID) VALUES (457, 'descripcion457', 0, 153);
INSERT INTO SERVICIOS_ALOJAMIENTOS (ALOJAMIENTO_ID, SERVICIO_ID) VALUES (68, 12);
INSERT INTO REGLA (ID, DESCRIPCION, ALOJAMIENTO_ID) VALUES (458, 'descripcion458', 147);
INSERT INTO SEGURO (ID, CARACTERISTICAS, COSTO, VIGENCIA, ALOJAMIENTO_ID) VALUES (458, 'caracteristiccas458',820865,TO_DATE('2020-05-03', 'YYYY-MM-DD'), 147);
INSERT INTO HABITACION (ID, CAPACIDAD, TIPO, ALOJAMIENTO_ID) VALUES (458, 5, 2, 147);
INSERT INTO MENAJE (ID, DESCRIPCION, DISPONIBILIDAD, ALOJAMIENTO_ID) VALUES (458, 'descripcion458', 1, 147);
INSERT INTO SERVICIOS_ALOJAMIENTOS (ALOJAMIENTO_ID, SERVICIO_ID) VALUES (84, 20);
INSERT INTO REGLA (ID, DESCRIPCION, ALOJAMIENTO_ID) VALUES (459, 'descripcion459', 132);
INSERT INTO SEGURO (ID, CARACTERISTICAS, COSTO, VIGENCIA, ALOJAMIENTO_ID) VALUES (459, 'caracteristiccas459',517892,TO_DATE('2020-05-03', 'YYYY-MM-DD'), 132);
INSERT INTO HABITACION (ID, CAPACIDAD, TIPO, ALOJAMIENTO_ID) VALUES (459, 11, 0, 132);
INSERT INTO MENAJE (ID, DESCRIPCION, DISPONIBILIDAD, ALOJAMIENTO_ID) VALUES (459, 'descripcion459', 0, 132);
INSERT INTO SERVICIOS_ALOJAMIENTOS (ALOJAMIENTO_ID, SERVICIO_ID) VALUES (6, 41);
INSERT INTO REGLA (ID, DESCRIPCION, ALOJAMIENTO_ID) VALUES (460, 'descripcion460', 78);
INSERT INTO SEGURO (ID, CARACTERISTICAS, COSTO, VIGENCIA, ALOJAMIENTO_ID) VALUES (460, 'caracteristiccas460',904232,TO_DATE('2020-05-03', 'YYYY-MM-DD'), 78);
INSERT INTO HABITACION (ID, CAPACIDAD, TIPO, ALOJAMIENTO_ID) VALUES (460, 7, 2, 78);
INSERT INTO MENAJE (ID, DESCRIPCION, DISPONIBILIDAD, ALOJAMIENTO_ID) VALUES (460, 'descripcion460', 1, 78);
INSERT INTO SERVICIOS_ALOJAMIENTOS (ALOJAMIENTO_ID, SERVICIO_ID) VALUES (55, 4);
INSERT INTO REGLA (ID, DESCRIPCION, ALOJAMIENTO_ID) VALUES (461, 'descripcion461', 38);
INSERT INTO SEGURO (ID, CARACTERISTICAS, COSTO, VIGENCIA, ALOJAMIENTO_ID) VALUES (461, 'caracteristiccas461',150675,TO_DATE('2020-05-03', 'YYYY-MM-DD'), 38);
INSERT INTO HABITACION (ID, CAPACIDAD, TIPO, ALOJAMIENTO_ID) VALUES (461, 8, 2, 38);
INSERT INTO MENAJE (ID, DESCRIPCION, DISPONIBILIDAD, ALOJAMIENTO_ID) VALUES (461, 'descripcion461', 0, 38);
INSERT INTO SERVICIOS_ALOJAMIENTOS (ALOJAMIENTO_ID, SERVICIO_ID) VALUES (96, 6);
INSERT INTO REGLA (ID, DESCRIPCION, ALOJAMIENTO_ID) VALUES (462, 'descripcion462', 57);
INSERT INTO SEGURO (ID, CARACTERISTICAS, COSTO, VIGENCIA, ALOJAMIENTO_ID) VALUES (462, 'caracteristiccas462',544508,TO_DATE('2020-05-03', 'YYYY-MM-DD'), 57);
INSERT INTO HABITACION (ID, CAPACIDAD, TIPO, ALOJAMIENTO_ID) VALUES (462, 4, 0, 57);
INSERT INTO MENAJE (ID, DESCRIPCION, DISPONIBILIDAD, ALOJAMIENTO_ID) VALUES (462, 'descripcion462', 0, 57);
INSERT INTO SERVICIOS_ALOJAMIENTOS (ALOJAMIENTO_ID, SERVICIO_ID) VALUES (23, 26);
INSERT INTO REGLA (ID, DESCRIPCION, ALOJAMIENTO_ID) VALUES (463, 'descripcion463', 43);
INSERT INTO SEGURO (ID, CARACTERISTICAS, COSTO, VIGENCIA, ALOJAMIENTO_ID) VALUES (463, 'caracteristiccas463',505948,TO_DATE('2020-05-03', 'YYYY-MM-DD'), 43);
INSERT INTO HABITACION (ID, CAPACIDAD, TIPO, ALOJAMIENTO_ID) VALUES (463, 7, 3, 43);
INSERT INTO MENAJE (ID, DESCRIPCION, DISPONIBILIDAD, ALOJAMIENTO_ID) VALUES (463, 'descripcion463', 1, 43);
INSERT INTO SERVICIOS_ALOJAMIENTOS (ALOJAMIENTO_ID, SERVICIO_ID) VALUES (68, 36);
INSERT INTO REGLA (ID, DESCRIPCION, ALOJAMIENTO_ID) VALUES (464, 'descripcion464', 181);
INSERT INTO SEGURO (ID, CARACTERISTICAS, COSTO, VIGENCIA, ALOJAMIENTO_ID) VALUES (464, 'caracteristiccas464',220021,TO_DATE('2020-05-03', 'YYYY-MM-DD'), 181);
INSERT INTO HABITACION (ID, CAPACIDAD, TIPO, ALOJAMIENTO_ID) VALUES (464, 2, 0, 181);
INSERT INTO MENAJE (ID, DESCRIPCION, DISPONIBILIDAD, ALOJAMIENTO_ID) VALUES (464, 'descripcion464', 0, 181);
INSERT INTO SERVICIOS_ALOJAMIENTOS (ALOJAMIENTO_ID, SERVICIO_ID) VALUES (60, 2);
INSERT INTO REGLA (ID, DESCRIPCION, ALOJAMIENTO_ID) VALUES (465, 'descripcion465', 155);
INSERT INTO SEGURO (ID, CARACTERISTICAS, COSTO, VIGENCIA, ALOJAMIENTO_ID) VALUES (465, 'caracteristiccas465',145388,TO_DATE('2020-05-03', 'YYYY-MM-DD'), 155);
INSERT INTO HABITACION (ID, CAPACIDAD, TIPO, ALOJAMIENTO_ID) VALUES (465, 6, 3, 155);
INSERT INTO MENAJE (ID, DESCRIPCION, DISPONIBILIDAD, ALOJAMIENTO_ID) VALUES (465, 'descripcion465', 1, 155);
INSERT INTO SERVICIOS_ALOJAMIENTOS (ALOJAMIENTO_ID, SERVICIO_ID) VALUES (19, 31);
INSERT INTO REGLA (ID, DESCRIPCION, ALOJAMIENTO_ID) VALUES (466, 'descripcion466', 154);
INSERT INTO SEGURO (ID, CARACTERISTICAS, COSTO, VIGENCIA, ALOJAMIENTO_ID) VALUES (466, 'caracteristiccas466',949688,TO_DATE('2020-05-03', 'YYYY-MM-DD'), 154);
INSERT INTO HABITACION (ID, CAPACIDAD, TIPO, ALOJAMIENTO_ID) VALUES (466, 7, 2, 154);
INSERT INTO MENAJE (ID, DESCRIPCION, DISPONIBILIDAD, ALOJAMIENTO_ID) VALUES (466, 'descripcion466', 1, 154);
INSERT INTO SERVICIOS_ALOJAMIENTOS (ALOJAMIENTO_ID, SERVICIO_ID) VALUES (163, 37);
INSERT INTO REGLA (ID, DESCRIPCION, ALOJAMIENTO_ID) VALUES (467, 'descripcion467', 143);
INSERT INTO SEGURO (ID, CARACTERISTICAS, COSTO, VIGENCIA, ALOJAMIENTO_ID) VALUES (467, 'caracteristiccas467',914404,TO_DATE('2020-05-03', 'YYYY-MM-DD'), 143);
INSERT INTO HABITACION (ID, CAPACIDAD, TIPO, ALOJAMIENTO_ID) VALUES (467, 3, 1, 143);
INSERT INTO MENAJE (ID, DESCRIPCION, DISPONIBILIDAD, ALOJAMIENTO_ID) VALUES (467, 'descripcion467', 1, 143);
INSERT INTO SERVICIOS_ALOJAMIENTOS (ALOJAMIENTO_ID, SERVICIO_ID) VALUES (130, 38);
INSERT INTO REGLA (ID, DESCRIPCION, ALOJAMIENTO_ID) VALUES (468, 'descripcion468', 77);
INSERT INTO SEGURO (ID, CARACTERISTICAS, COSTO, VIGENCIA, ALOJAMIENTO_ID) VALUES (468, 'caracteristiccas468',15479,TO_DATE('2020-05-03', 'YYYY-MM-DD'), 77);
INSERT INTO HABITACION (ID, CAPACIDAD, TIPO, ALOJAMIENTO_ID) VALUES (468, 1, 3, 77);
INSERT INTO MENAJE (ID, DESCRIPCION, DISPONIBILIDAD, ALOJAMIENTO_ID) VALUES (468, 'descripcion468', 1, 77);
INSERT INTO SERVICIOS_ALOJAMIENTOS (ALOJAMIENTO_ID, SERVICIO_ID) VALUES (125, 10);
INSERT INTO REGLA (ID, DESCRIPCION, ALOJAMIENTO_ID) VALUES (469, 'descripcion469', 164);
INSERT INTO SEGURO (ID, CARACTERISTICAS, COSTO, VIGENCIA, ALOJAMIENTO_ID) VALUES (469, 'caracteristiccas469',906498,TO_DATE('2020-05-03', 'YYYY-MM-DD'), 164);
INSERT INTO HABITACION (ID, CAPACIDAD, TIPO, ALOJAMIENTO_ID) VALUES (469, 4, 2, 164);
INSERT INTO MENAJE (ID, DESCRIPCION, DISPONIBILIDAD, ALOJAMIENTO_ID) VALUES (469, 'descripcion469', 0, 164);
INSERT INTO SERVICIOS_ALOJAMIENTOS (ALOJAMIENTO_ID, SERVICIO_ID) VALUES (112, 15);
INSERT INTO REGLA (ID, DESCRIPCION, ALOJAMIENTO_ID) VALUES (470, 'descripcion470', 38);
INSERT INTO SEGURO (ID, CARACTERISTICAS, COSTO, VIGENCIA, ALOJAMIENTO_ID) VALUES (470, 'caracteristiccas470',276218,TO_DATE('2020-05-03', 'YYYY-MM-DD'), 38);
INSERT INTO HABITACION (ID, CAPACIDAD, TIPO, ALOJAMIENTO_ID) VALUES (470, 4, 3, 38);
INSERT INTO MENAJE (ID, DESCRIPCION, DISPONIBILIDAD, ALOJAMIENTO_ID) VALUES (470, 'descripcion470', 1, 38);
INSERT INTO SERVICIOS_ALOJAMIENTOS (ALOJAMIENTO_ID, SERVICIO_ID) VALUES (40, 8);
INSERT INTO REGLA (ID, DESCRIPCION, ALOJAMIENTO_ID) VALUES (471, 'descripcion471', 85);
INSERT INTO SEGURO (ID, CARACTERISTICAS, COSTO, VIGENCIA, ALOJAMIENTO_ID) VALUES (471, 'caracteristiccas471',359168,TO_DATE('2020-05-03', 'YYYY-MM-DD'), 85);
INSERT INTO HABITACION (ID, CAPACIDAD, TIPO, ALOJAMIENTO_ID) VALUES (471, 5, 2, 85);
INSERT INTO MENAJE (ID, DESCRIPCION, DISPONIBILIDAD, ALOJAMIENTO_ID) VALUES (471, 'descripcion471', 0, 85);
INSERT INTO SERVICIOS_ALOJAMIENTOS (ALOJAMIENTO_ID, SERVICIO_ID) VALUES (136, 34);
INSERT INTO REGLA (ID, DESCRIPCION, ALOJAMIENTO_ID) VALUES (472, 'descripcion472', 14);
INSERT INTO SEGURO (ID, CARACTERISTICAS, COSTO, VIGENCIA, ALOJAMIENTO_ID) VALUES (472, 'caracteristiccas472',897763,TO_DATE('2020-05-03', 'YYYY-MM-DD'), 14);
INSERT INTO HABITACION (ID, CAPACIDAD, TIPO, ALOJAMIENTO_ID) VALUES (472, 2, 1, 14);
INSERT INTO MENAJE (ID, DESCRIPCION, DISPONIBILIDAD, ALOJAMIENTO_ID) VALUES (472, 'descripcion472', 0, 14);
INSERT INTO SERVICIOS_ALOJAMIENTOS (ALOJAMIENTO_ID, SERVICIO_ID) VALUES (104, 41);
INSERT INTO REGLA (ID, DESCRIPCION, ALOJAMIENTO_ID) VALUES (473, 'descripcion473', 83);
INSERT INTO SEGURO (ID, CARACTERISTICAS, COSTO, VIGENCIA, ALOJAMIENTO_ID) VALUES (473, 'caracteristiccas473',381818,TO_DATE('2020-05-03', 'YYYY-MM-DD'), 83);
INSERT INTO HABITACION (ID, CAPACIDAD, TIPO, ALOJAMIENTO_ID) VALUES (473, 1, 3, 83);
INSERT INTO MENAJE (ID, DESCRIPCION, DISPONIBILIDAD, ALOJAMIENTO_ID) VALUES (473, 'descripcion473', 0, 83);
INSERT INTO SERVICIOS_ALOJAMIENTOS (ALOJAMIENTO_ID, SERVICIO_ID) VALUES (119, 41);
INSERT INTO REGLA (ID, DESCRIPCION, ALOJAMIENTO_ID) VALUES (474, 'descripcion474', 32);
INSERT INTO SEGURO (ID, CARACTERISTICAS, COSTO, VIGENCIA, ALOJAMIENTO_ID) VALUES (474, 'caracteristiccas474',376028,TO_DATE('2020-05-03', 'YYYY-MM-DD'), 32);
INSERT INTO HABITACION (ID, CAPACIDAD, TIPO, ALOJAMIENTO_ID) VALUES (474, 11, 0, 32);
INSERT INTO MENAJE (ID, DESCRIPCION, DISPONIBILIDAD, ALOJAMIENTO_ID) VALUES (474, 'descripcion474', 1, 32);
INSERT INTO SERVICIOS_ALOJAMIENTOS (ALOJAMIENTO_ID, SERVICIO_ID) VALUES (45, 2);
INSERT INTO REGLA (ID, DESCRIPCION, ALOJAMIENTO_ID) VALUES (475, 'descripcion475', 14);
INSERT INTO SEGURO (ID, CARACTERISTICAS, COSTO, VIGENCIA, ALOJAMIENTO_ID) VALUES (475, 'caracteristiccas475',896139,TO_DATE('2020-05-03', 'YYYY-MM-DD'), 14);
INSERT INTO HABITACION (ID, CAPACIDAD, TIPO, ALOJAMIENTO_ID) VALUES (475, 2, 2, 14);
INSERT INTO MENAJE (ID, DESCRIPCION, DISPONIBILIDAD, ALOJAMIENTO_ID) VALUES (475, 'descripcion475', 1, 14);
INSERT INTO SERVICIOS_ALOJAMIENTOS (ALOJAMIENTO_ID, SERVICIO_ID) VALUES (15, 16);
INSERT INTO REGLA (ID, DESCRIPCION, ALOJAMIENTO_ID) VALUES (476, 'descripcion476', 58);
INSERT INTO SEGURO (ID, CARACTERISTICAS, COSTO, VIGENCIA, ALOJAMIENTO_ID) VALUES (476, 'caracteristiccas476',480729,TO_DATE('2020-05-03', 'YYYY-MM-DD'), 58);
INSERT INTO HABITACION (ID, CAPACIDAD, TIPO, ALOJAMIENTO_ID) VALUES (476, 6, 2, 58);
INSERT INTO MENAJE (ID, DESCRIPCION, DISPONIBILIDAD, ALOJAMIENTO_ID) VALUES (476, 'descripcion476', 0, 58);
INSERT INTO SERVICIOS_ALOJAMIENTOS (ALOJAMIENTO_ID, SERVICIO_ID) VALUES (97, 46);
INSERT INTO REGLA (ID, DESCRIPCION, ALOJAMIENTO_ID) VALUES (477, 'descripcion477', 184);
INSERT INTO SEGURO (ID, CARACTERISTICAS, COSTO, VIGENCIA, ALOJAMIENTO_ID) VALUES (477, 'caracteristiccas477',32189,TO_DATE('2020-05-03', 'YYYY-MM-DD'), 184);
INSERT INTO HABITACION (ID, CAPACIDAD, TIPO, ALOJAMIENTO_ID) VALUES (477, 4, 3, 184);
INSERT INTO MENAJE (ID, DESCRIPCION, DISPONIBILIDAD, ALOJAMIENTO_ID) VALUES (477, 'descripcion477', 1, 184);
INSERT INTO SERVICIOS_ALOJAMIENTOS (ALOJAMIENTO_ID, SERVICIO_ID) VALUES (171, 28);
INSERT INTO REGLA (ID, DESCRIPCION, ALOJAMIENTO_ID) VALUES (478, 'descripcion478', 40);
INSERT INTO SEGURO (ID, CARACTERISTICAS, COSTO, VIGENCIA, ALOJAMIENTO_ID) VALUES (478, 'caracteristiccas478',718387,TO_DATE('2020-05-03', 'YYYY-MM-DD'), 40);
INSERT INTO HABITACION (ID, CAPACIDAD, TIPO, ALOJAMIENTO_ID) VALUES (478, 10, 0, 40);
INSERT INTO MENAJE (ID, DESCRIPCION, DISPONIBILIDAD, ALOJAMIENTO_ID) VALUES (478, 'descripcion478', 0, 40);
INSERT INTO SERVICIOS_ALOJAMIENTOS (ALOJAMIENTO_ID, SERVICIO_ID) VALUES (113, 27);
INSERT INTO REGLA (ID, DESCRIPCION, ALOJAMIENTO_ID) VALUES (479, 'descripcion479', 108);
INSERT INTO SEGURO (ID, CARACTERISTICAS, COSTO, VIGENCIA, ALOJAMIENTO_ID) VALUES (479, 'caracteristiccas479',146499,TO_DATE('2020-05-03', 'YYYY-MM-DD'), 108);
INSERT INTO HABITACION (ID, CAPACIDAD, TIPO, ALOJAMIENTO_ID) VALUES (479, 4, 3, 108);
INSERT INTO MENAJE (ID, DESCRIPCION, DISPONIBILIDAD, ALOJAMIENTO_ID) VALUES (479, 'descripcion479', 0, 108);
INSERT INTO SERVICIOS_ALOJAMIENTOS (ALOJAMIENTO_ID, SERVICIO_ID) VALUES (18, 18);
INSERT INTO REGLA (ID, DESCRIPCION, ALOJAMIENTO_ID) VALUES (480, 'descripcion480', 177);
INSERT INTO SEGURO (ID, CARACTERISTICAS, COSTO, VIGENCIA, ALOJAMIENTO_ID) VALUES (480, 'caracteristiccas480',593808,TO_DATE('2020-05-03', 'YYYY-MM-DD'), 177);
INSERT INTO HABITACION (ID, CAPACIDAD, TIPO, ALOJAMIENTO_ID) VALUES (480, 9, 1, 177);
INSERT INTO MENAJE (ID, DESCRIPCION, DISPONIBILIDAD, ALOJAMIENTO_ID) VALUES (480, 'descripcion480', 1, 177);
INSERT INTO SERVICIOS_ALOJAMIENTOS (ALOJAMIENTO_ID, SERVICIO_ID) VALUES (145, 34);
INSERT INTO REGLA (ID, DESCRIPCION, ALOJAMIENTO_ID) VALUES (481, 'descripcion481', 35);
INSERT INTO SEGURO (ID, CARACTERISTICAS, COSTO, VIGENCIA, ALOJAMIENTO_ID) VALUES (481, 'caracteristiccas481',252454,TO_DATE('2020-05-03', 'YYYY-MM-DD'), 35);
INSERT INTO HABITACION (ID, CAPACIDAD, TIPO, ALOJAMIENTO_ID) VALUES (481, 7, 3, 35);
INSERT INTO MENAJE (ID, DESCRIPCION, DISPONIBILIDAD, ALOJAMIENTO_ID) VALUES (481, 'descripcion481', 0, 35);
INSERT INTO SERVICIOS_ALOJAMIENTOS (ALOJAMIENTO_ID, SERVICIO_ID) VALUES (17, 9);
INSERT INTO REGLA (ID, DESCRIPCION, ALOJAMIENTO_ID) VALUES (482, 'descripcion482', 8);
INSERT INTO SEGURO (ID, CARACTERISTICAS, COSTO, VIGENCIA, ALOJAMIENTO_ID) VALUES (482, 'caracteristiccas482',131408,TO_DATE('2020-05-03', 'YYYY-MM-DD'), 8);
INSERT INTO HABITACION (ID, CAPACIDAD, TIPO, ALOJAMIENTO_ID) VALUES (482, 2, 2, 8);
INSERT INTO MENAJE (ID, DESCRIPCION, DISPONIBILIDAD, ALOJAMIENTO_ID) VALUES (482, 'descripcion482', 0, 8);
INSERT INTO SERVICIOS_ALOJAMIENTOS (ALOJAMIENTO_ID, SERVICIO_ID) VALUES (35, 35);
INSERT INTO REGLA (ID, DESCRIPCION, ALOJAMIENTO_ID) VALUES (483, 'descripcion483', 185);
INSERT INTO SEGURO (ID, CARACTERISTICAS, COSTO, VIGENCIA, ALOJAMIENTO_ID) VALUES (483, 'caracteristiccas483',472718,TO_DATE('2020-05-03', 'YYYY-MM-DD'), 185);
INSERT INTO HABITACION (ID, CAPACIDAD, TIPO, ALOJAMIENTO_ID) VALUES (483, 10, 3, 185);
INSERT INTO MENAJE (ID, DESCRIPCION, DISPONIBILIDAD, ALOJAMIENTO_ID) VALUES (483, 'descripcion483', 1, 185);
INSERT INTO SERVICIOS_ALOJAMIENTOS (ALOJAMIENTO_ID, SERVICIO_ID) VALUES (123, 17);
INSERT INTO REGLA (ID, DESCRIPCION, ALOJAMIENTO_ID) VALUES (484, 'descripcion484', 46);
INSERT INTO SEGURO (ID, CARACTERISTICAS, COSTO, VIGENCIA, ALOJAMIENTO_ID) VALUES (484, 'caracteristiccas484',377629,TO_DATE('2020-05-03', 'YYYY-MM-DD'), 46);
INSERT INTO HABITACION (ID, CAPACIDAD, TIPO, ALOJAMIENTO_ID) VALUES (484, 8, 1, 46);
INSERT INTO MENAJE (ID, DESCRIPCION, DISPONIBILIDAD, ALOJAMIENTO_ID) VALUES (484, 'descripcion484', 0, 46);
INSERT INTO SERVICIOS_ALOJAMIENTOS (ALOJAMIENTO_ID, SERVICIO_ID) VALUES (97, 34);
INSERT INTO REGLA (ID, DESCRIPCION, ALOJAMIENTO_ID) VALUES (485, 'descripcion485', 53);
INSERT INTO SEGURO (ID, CARACTERISTICAS, COSTO, VIGENCIA, ALOJAMIENTO_ID) VALUES (485, 'caracteristiccas485',35177,TO_DATE('2020-05-03', 'YYYY-MM-DD'), 53);
INSERT INTO HABITACION (ID, CAPACIDAD, TIPO, ALOJAMIENTO_ID) VALUES (485, 3, 0, 53);
INSERT INTO MENAJE (ID, DESCRIPCION, DISPONIBILIDAD, ALOJAMIENTO_ID) VALUES (485, 'descripcion485', 0, 53);
INSERT INTO SERVICIOS_ALOJAMIENTOS (ALOJAMIENTO_ID, SERVICIO_ID) VALUES (88, 46);
INSERT INTO REGLA (ID, DESCRIPCION, ALOJAMIENTO_ID) VALUES (486, 'descripcion486', 119);
INSERT INTO SEGURO (ID, CARACTERISTICAS, COSTO, VIGENCIA, ALOJAMIENTO_ID) VALUES (486, 'caracteristiccas486',635465,TO_DATE('2020-05-03', 'YYYY-MM-DD'), 119);
INSERT INTO HABITACION (ID, CAPACIDAD, TIPO, ALOJAMIENTO_ID) VALUES (486, 10, 0, 119);
INSERT INTO MENAJE (ID, DESCRIPCION, DISPONIBILIDAD, ALOJAMIENTO_ID) VALUES (486, 'descripcion486', 0, 119);
INSERT INTO SERVICIOS_ALOJAMIENTOS (ALOJAMIENTO_ID, SERVICIO_ID) VALUES (93, 22);
INSERT INTO REGLA (ID, DESCRIPCION, ALOJAMIENTO_ID) VALUES (487, 'descripcion487', 43);
INSERT INTO SEGURO (ID, CARACTERISTICAS, COSTO, VIGENCIA, ALOJAMIENTO_ID) VALUES (487, 'caracteristiccas487',22055,TO_DATE('2020-05-03', 'YYYY-MM-DD'), 43);
INSERT INTO HABITACION (ID, CAPACIDAD, TIPO, ALOJAMIENTO_ID) VALUES (487, 1, 2, 43);
INSERT INTO MENAJE (ID, DESCRIPCION, DISPONIBILIDAD, ALOJAMIENTO_ID) VALUES (487, 'descripcion487', 1, 43);
INSERT INTO SERVICIOS_ALOJAMIENTOS (ALOJAMIENTO_ID, SERVICIO_ID) VALUES (122, 8);
INSERT INTO REGLA (ID, DESCRIPCION, ALOJAMIENTO_ID) VALUES (488, 'descripcion488', 30);
INSERT INTO SEGURO (ID, CARACTERISTICAS, COSTO, VIGENCIA, ALOJAMIENTO_ID) VALUES (488, 'caracteristiccas488',27880,TO_DATE('2020-05-03', 'YYYY-MM-DD'), 30);
INSERT INTO HABITACION (ID, CAPACIDAD, TIPO, ALOJAMIENTO_ID) VALUES (488, 6, 1, 30);
INSERT INTO MENAJE (ID, DESCRIPCION, DISPONIBILIDAD, ALOJAMIENTO_ID) VALUES (488, 'descripcion488', 1, 30);
INSERT INTO SERVICIOS_ALOJAMIENTOS (ALOJAMIENTO_ID, SERVICIO_ID) VALUES (152, 45);
INSERT INTO REGLA (ID, DESCRIPCION, ALOJAMIENTO_ID) VALUES (489, 'descripcion489', 26);
INSERT INTO SEGURO (ID, CARACTERISTICAS, COSTO, VIGENCIA, ALOJAMIENTO_ID) VALUES (489, 'caracteristiccas489',200416,TO_DATE('2020-05-03', 'YYYY-MM-DD'), 26);
INSERT INTO HABITACION (ID, CAPACIDAD, TIPO, ALOJAMIENTO_ID) VALUES (489, 4, 2, 26);
INSERT INTO MENAJE (ID, DESCRIPCION, DISPONIBILIDAD, ALOJAMIENTO_ID) VALUES (489, 'descripcion489', 0, 26);
INSERT INTO SERVICIOS_ALOJAMIENTOS (ALOJAMIENTO_ID, SERVICIO_ID) VALUES (19, 17);
INSERT INTO REGLA (ID, DESCRIPCION, ALOJAMIENTO_ID) VALUES (490, 'descripcion490', 81);
INSERT INTO SEGURO (ID, CARACTERISTICAS, COSTO, VIGENCIA, ALOJAMIENTO_ID) VALUES (490, 'caracteristiccas490',286068,TO_DATE('2020-05-03', 'YYYY-MM-DD'), 81);
INSERT INTO HABITACION (ID, CAPACIDAD, TIPO, ALOJAMIENTO_ID) VALUES (490, 10, 1, 81);
INSERT INTO MENAJE (ID, DESCRIPCION, DISPONIBILIDAD, ALOJAMIENTO_ID) VALUES (490, 'descripcion490', 1, 81);
INSERT INTO SERVICIOS_ALOJAMIENTOS (ALOJAMIENTO_ID, SERVICIO_ID) VALUES (50, 2);
INSERT INTO REGLA (ID, DESCRIPCION, ALOJAMIENTO_ID) VALUES (491, 'descripcion491', 98);
INSERT INTO SEGURO (ID, CARACTERISTICAS, COSTO, VIGENCIA, ALOJAMIENTO_ID) VALUES (491, 'caracteristiccas491',7662,TO_DATE('2020-05-03', 'YYYY-MM-DD'), 98);
INSERT INTO HABITACION (ID, CAPACIDAD, TIPO, ALOJAMIENTO_ID) VALUES (491, 8, 3, 98);
INSERT INTO MENAJE (ID, DESCRIPCION, DISPONIBILIDAD, ALOJAMIENTO_ID) VALUES (491, 'descripcion491', 0, 98);
INSERT INTO SERVICIOS_ALOJAMIENTOS (ALOJAMIENTO_ID, SERVICIO_ID) VALUES (147, 48);
INSERT INTO REGLA (ID, DESCRIPCION, ALOJAMIENTO_ID) VALUES (492, 'descripcion492', 74);
INSERT INTO SEGURO (ID, CARACTERISTICAS, COSTO, VIGENCIA, ALOJAMIENTO_ID) VALUES (492, 'caracteristiccas492',501911,TO_DATE('2020-05-03', 'YYYY-MM-DD'), 74);
INSERT INTO HABITACION (ID, CAPACIDAD, TIPO, ALOJAMIENTO_ID) VALUES (492, 8, 3, 74);
INSERT INTO MENAJE (ID, DESCRIPCION, DISPONIBILIDAD, ALOJAMIENTO_ID) VALUES (492, 'descripcion492', 1, 74);
INSERT INTO SERVICIOS_ALOJAMIENTOS (ALOJAMIENTO_ID, SERVICIO_ID) VALUES (68, 41);
INSERT INTO REGLA (ID, DESCRIPCION, ALOJAMIENTO_ID) VALUES (493, 'descripcion493', 37);
INSERT INTO SEGURO (ID, CARACTERISTICAS, COSTO, VIGENCIA, ALOJAMIENTO_ID) VALUES (493, 'caracteristiccas493',676626,TO_DATE('2020-05-03', 'YYYY-MM-DD'), 37);
INSERT INTO HABITACION (ID, CAPACIDAD, TIPO, ALOJAMIENTO_ID) VALUES (493, 11, 1, 37);
INSERT INTO MENAJE (ID, DESCRIPCION, DISPONIBILIDAD, ALOJAMIENTO_ID) VALUES (493, 'descripcion493', 0, 37);
INSERT INTO SERVICIOS_ALOJAMIENTOS (ALOJAMIENTO_ID, SERVICIO_ID) VALUES (103, 35);
INSERT INTO REGLA (ID, DESCRIPCION, ALOJAMIENTO_ID) VALUES (494, 'descripcion494', 15);
INSERT INTO SEGURO (ID, CARACTERISTICAS, COSTO, VIGENCIA, ALOJAMIENTO_ID) VALUES (494, 'caracteristiccas494',118751,TO_DATE('2020-05-03', 'YYYY-MM-DD'), 15);
INSERT INTO HABITACION (ID, CAPACIDAD, TIPO, ALOJAMIENTO_ID) VALUES (494, 2, 3, 15);
INSERT INTO MENAJE (ID, DESCRIPCION, DISPONIBILIDAD, ALOJAMIENTO_ID) VALUES (494, 'descripcion494', 0, 15);
INSERT INTO SERVICIOS_ALOJAMIENTOS (ALOJAMIENTO_ID, SERVICIO_ID) VALUES (108, 1);
INSERT INTO REGLA (ID, DESCRIPCION, ALOJAMIENTO_ID) VALUES (495, 'descripcion495', 70);
INSERT INTO SEGURO (ID, CARACTERISTICAS, COSTO, VIGENCIA, ALOJAMIENTO_ID) VALUES (495, 'caracteristiccas495',348151,TO_DATE('2020-05-03', 'YYYY-MM-DD'), 70);
INSERT INTO HABITACION (ID, CAPACIDAD, TIPO, ALOJAMIENTO_ID) VALUES (495, 3, 2, 70);
INSERT INTO MENAJE (ID, DESCRIPCION, DISPONIBILIDAD, ALOJAMIENTO_ID) VALUES (495, 'descripcion495', 0, 70);
INSERT INTO SERVICIOS_ALOJAMIENTOS (ALOJAMIENTO_ID, SERVICIO_ID) VALUES (34, 45);
INSERT INTO REGLA (ID, DESCRIPCION, ALOJAMIENTO_ID) VALUES (496, 'descripcion496', 90);
INSERT INTO SEGURO (ID, CARACTERISTICAS, COSTO, VIGENCIA, ALOJAMIENTO_ID) VALUES (496, 'caracteristiccas496',4930,TO_DATE('2020-05-03', 'YYYY-MM-DD'), 90);
INSERT INTO HABITACION (ID, CAPACIDAD, TIPO, ALOJAMIENTO_ID) VALUES (496, 1, 1, 90);
INSERT INTO MENAJE (ID, DESCRIPCION, DISPONIBILIDAD, ALOJAMIENTO_ID) VALUES (496, 'descripcion496', 1, 90);
INSERT INTO SERVICIOS_ALOJAMIENTOS (ALOJAMIENTO_ID, SERVICIO_ID) VALUES (104, 47);
INSERT INTO REGLA (ID, DESCRIPCION, ALOJAMIENTO_ID) VALUES (497, 'descripcion497', 121);
INSERT INTO SEGURO (ID, CARACTERISTICAS, COSTO, VIGENCIA, ALOJAMIENTO_ID) VALUES (497, 'caracteristiccas497',988480,TO_DATE('2020-05-03', 'YYYY-MM-DD'), 121);
INSERT INTO HABITACION (ID, CAPACIDAD, TIPO, ALOJAMIENTO_ID) VALUES (497, 1, 3, 121);
INSERT INTO MENAJE (ID, DESCRIPCION, DISPONIBILIDAD, ALOJAMIENTO_ID) VALUES (497, 'descripcion497', 1, 121);
INSERT INTO SERVICIOS_ALOJAMIENTOS (ALOJAMIENTO_ID, SERVICIO_ID) VALUES (122, 45);
INSERT INTO REGLA (ID, DESCRIPCION, ALOJAMIENTO_ID) VALUES (498, 'descripcion498', 176);
INSERT INTO SEGURO (ID, CARACTERISTICAS, COSTO, VIGENCIA, ALOJAMIENTO_ID) VALUES (498, 'caracteristiccas498',428582,TO_DATE('2020-05-03', 'YYYY-MM-DD'), 176);
INSERT INTO HABITACION (ID, CAPACIDAD, TIPO, ALOJAMIENTO_ID) VALUES (498, 7, 2, 176);
INSERT INTO MENAJE (ID, DESCRIPCION, DISPONIBILIDAD, ALOJAMIENTO_ID) VALUES (498, 'descripcion498', 0, 176);
INSERT INTO SERVICIOS_ALOJAMIENTOS (ALOJAMIENTO_ID, SERVICIO_ID) VALUES (111, 26);
INSERT INTO REGLA (ID, DESCRIPCION, ALOJAMIENTO_ID) VALUES (499, 'descripcion499', 164);
INSERT INTO SEGURO (ID, CARACTERISTICAS, COSTO, VIGENCIA, ALOJAMIENTO_ID) VALUES (499, 'caracteristiccas499',749061,TO_DATE('2020-05-03', 'YYYY-MM-DD'), 164);
INSERT INTO HABITACION (ID, CAPACIDAD, TIPO, ALOJAMIENTO_ID) VALUES (499, 5, 0, 164);
INSERT INTO MENAJE (ID, DESCRIPCION, DISPONIBILIDAD, ALOJAMIENTO_ID) VALUES (499, 'descripcion499', 0, 164);
INSERT INTO SERVICIOS_ALOJAMIENTOS (ALOJAMIENTO_ID, SERVICIO_ID) VALUES (118, 21);
INSERT INTO REGLA (ID, DESCRIPCION, ALOJAMIENTO_ID) VALUES (500, 'descripcion500', 35);
INSERT INTO SEGURO (ID, CARACTERISTICAS, COSTO, VIGENCIA, ALOJAMIENTO_ID) VALUES (500, 'caracteristiccas500',796328,TO_DATE('2020-05-03', 'YYYY-MM-DD'), 35);
INSERT INTO HABITACION (ID, CAPACIDAD, TIPO, ALOJAMIENTO_ID) VALUES (500, 2, 2, 35);
INSERT INTO MENAJE (ID, DESCRIPCION, DISPONIBILIDAD, ALOJAMIENTO_ID) VALUES (500, 'descripcion500', 1, 35);
INSERT INTO SERVICIOS_ALOJAMIENTOS (ALOJAMIENTO_ID, SERVICIO_ID) VALUES (155, 30);
INSERT INTO REGLA (ID, DESCRIPCION, ALOJAMIENTO_ID) VALUES (501, 'descripcion501', 90);
INSERT INTO SEGURO (ID, CARACTERISTICAS, COSTO, VIGENCIA, ALOJAMIENTO_ID) VALUES (501, 'caracteristiccas501',802793,TO_DATE('2020-05-03', 'YYYY-MM-DD'), 90);
INSERT INTO HABITACION (ID, CAPACIDAD, TIPO, ALOJAMIENTO_ID) VALUES (501, 4, 0, 90);
INSERT INTO MENAJE (ID, DESCRIPCION, DISPONIBILIDAD, ALOJAMIENTO_ID) VALUES (501, 'descripcion501', 0, 90);
INSERT INTO SERVICIOS_ALOJAMIENTOS (ALOJAMIENTO_ID, SERVICIO_ID) VALUES (144, 28);
INSERT INTO REGLA (ID, DESCRIPCION, ALOJAMIENTO_ID) VALUES (502, 'descripcion502', 45);
INSERT INTO SEGURO (ID, CARACTERISTICAS, COSTO, VIGENCIA, ALOJAMIENTO_ID) VALUES (502, 'caracteristiccas502',242865,TO_DATE('2020-05-03', 'YYYY-MM-DD'), 45);
INSERT INTO HABITACION (ID, CAPACIDAD, TIPO, ALOJAMIENTO_ID) VALUES (502, 3, 1, 45);
INSERT INTO MENAJE (ID, DESCRIPCION, DISPONIBILIDAD, ALOJAMIENTO_ID) VALUES (502, 'descripcion502', 0, 45);
INSERT INTO SERVICIOS_ALOJAMIENTOS (ALOJAMIENTO_ID, SERVICIO_ID) VALUES (171, 41);
INSERT INTO REGLA (ID, DESCRIPCION, ALOJAMIENTO_ID) VALUES (503, 'descripcion503', 176);
INSERT INTO SEGURO (ID, CARACTERISTICAS, COSTO, VIGENCIA, ALOJAMIENTO_ID) VALUES (503, 'caracteristiccas503',883782,TO_DATE('2020-05-03', 'YYYY-MM-DD'), 176);
INSERT INTO HABITACION (ID, CAPACIDAD, TIPO, ALOJAMIENTO_ID) VALUES (503, 5, 3, 176);
INSERT INTO MENAJE (ID, DESCRIPCION, DISPONIBILIDAD, ALOJAMIENTO_ID) VALUES (503, 'descripcion503', 0, 176);
INSERT INTO SERVICIOS_ALOJAMIENTOS (ALOJAMIENTO_ID, SERVICIO_ID) VALUES (82, 17);
INSERT INTO REGLA (ID, DESCRIPCION, ALOJAMIENTO_ID) VALUES (504, 'descripcion504', 54);
INSERT INTO SEGURO (ID, CARACTERISTICAS, COSTO, VIGENCIA, ALOJAMIENTO_ID) VALUES (504, 'caracteristiccas504',583865,TO_DATE('2020-05-03', 'YYYY-MM-DD'), 54);
INSERT INTO HABITACION (ID, CAPACIDAD, TIPO, ALOJAMIENTO_ID) VALUES (504, 3, 2, 54);
INSERT INTO MENAJE (ID, DESCRIPCION, DISPONIBILIDAD, ALOJAMIENTO_ID) VALUES (504, 'descripcion504', 0, 54);
INSERT INTO SERVICIOS_ALOJAMIENTOS (ALOJAMIENTO_ID, SERVICIO_ID) VALUES (87, 11);
INSERT INTO REGLA (ID, DESCRIPCION, ALOJAMIENTO_ID) VALUES (505, 'descripcion505', 162);
INSERT INTO SEGURO (ID, CARACTERISTICAS, COSTO, VIGENCIA, ALOJAMIENTO_ID) VALUES (505, 'caracteristiccas505',113639,TO_DATE('2020-05-03', 'YYYY-MM-DD'), 162);
INSERT INTO HABITACION (ID, CAPACIDAD, TIPO, ALOJAMIENTO_ID) VALUES (505, 11, 2, 162);
INSERT INTO MENAJE (ID, DESCRIPCION, DISPONIBILIDAD, ALOJAMIENTO_ID) VALUES (505, 'descripcion505', 1, 162);
INSERT INTO SERVICIOS_ALOJAMIENTOS (ALOJAMIENTO_ID, SERVICIO_ID) VALUES (21, 33);
INSERT INTO REGLA (ID, DESCRIPCION, ALOJAMIENTO_ID) VALUES (506, 'descripcion506', 55);
INSERT INTO SEGURO (ID, CARACTERISTICAS, COSTO, VIGENCIA, ALOJAMIENTO_ID) VALUES (506, 'caracteristiccas506',934718,TO_DATE('2020-05-03', 'YYYY-MM-DD'), 55);
INSERT INTO HABITACION (ID, CAPACIDAD, TIPO, ALOJAMIENTO_ID) VALUES (506, 8, 3, 55);
INSERT INTO MENAJE (ID, DESCRIPCION, DISPONIBILIDAD, ALOJAMIENTO_ID) VALUES (506, 'descripcion506', 1, 55);
INSERT INTO SERVICIOS_ALOJAMIENTOS (ALOJAMIENTO_ID, SERVICIO_ID) VALUES (128, 24);
INSERT INTO REGLA (ID, DESCRIPCION, ALOJAMIENTO_ID) VALUES (507, 'descripcion507', 107);
INSERT INTO SEGURO (ID, CARACTERISTICAS, COSTO, VIGENCIA, ALOJAMIENTO_ID) VALUES (507, 'caracteristiccas507',210203,TO_DATE('2020-05-03', 'YYYY-MM-DD'), 107);
INSERT INTO HABITACION (ID, CAPACIDAD, TIPO, ALOJAMIENTO_ID) VALUES (507, 8, 0, 107);
INSERT INTO MENAJE (ID, DESCRIPCION, DISPONIBILIDAD, ALOJAMIENTO_ID) VALUES (507, 'descripcion507', 1, 107);
INSERT INTO SERVICIOS_ALOJAMIENTOS (ALOJAMIENTO_ID, SERVICIO_ID) VALUES (50, 28);
INSERT INTO REGLA (ID, DESCRIPCION, ALOJAMIENTO_ID) VALUES (508, 'descripcion508', 66);
INSERT INTO SEGURO (ID, CARACTERISTICAS, COSTO, VIGENCIA, ALOJAMIENTO_ID) VALUES (508, 'caracteristiccas508',672551,TO_DATE('2020-05-03', 'YYYY-MM-DD'), 66);
INSERT INTO HABITACION (ID, CAPACIDAD, TIPO, ALOJAMIENTO_ID) VALUES (508, 4, 0, 66);
INSERT INTO MENAJE (ID, DESCRIPCION, DISPONIBILIDAD, ALOJAMIENTO_ID) VALUES (508, 'descripcion508', 1, 66);
INSERT INTO SERVICIOS_ALOJAMIENTOS (ALOJAMIENTO_ID, SERVICIO_ID) VALUES (120, 14);
INSERT INTO REGLA (ID, DESCRIPCION, ALOJAMIENTO_ID) VALUES (509, 'descripcion509', 150);
INSERT INTO SEGURO (ID, CARACTERISTICAS, COSTO, VIGENCIA, ALOJAMIENTO_ID) VALUES (509, 'caracteristiccas509',134171,TO_DATE('2020-05-03', 'YYYY-MM-DD'), 150);
INSERT INTO HABITACION (ID, CAPACIDAD, TIPO, ALOJAMIENTO_ID) VALUES (509, 9, 2, 150);
INSERT INTO MENAJE (ID, DESCRIPCION, DISPONIBILIDAD, ALOJAMIENTO_ID) VALUES (509, 'descripcion509', 1, 150);
INSERT INTO SERVICIOS_ALOJAMIENTOS (ALOJAMIENTO_ID, SERVICIO_ID) VALUES (180, 5);
INSERT INTO REGLA (ID, DESCRIPCION, ALOJAMIENTO_ID) VALUES (510, 'descripcion510', 147);
INSERT INTO SEGURO (ID, CARACTERISTICAS, COSTO, VIGENCIA, ALOJAMIENTO_ID) VALUES (510, 'caracteristiccas510',189869,TO_DATE('2020-05-03', 'YYYY-MM-DD'), 147);
INSERT INTO HABITACION (ID, CAPACIDAD, TIPO, ALOJAMIENTO_ID) VALUES (510, 5, 1, 147);
INSERT INTO MENAJE (ID, DESCRIPCION, DISPONIBILIDAD, ALOJAMIENTO_ID) VALUES (510, 'descripcion510', 0, 147);
INSERT INTO SERVICIOS_ALOJAMIENTOS (ALOJAMIENTO_ID, SERVICIO_ID) VALUES (172, 23);
INSERT INTO REGLA (ID, DESCRIPCION, ALOJAMIENTO_ID) VALUES (511, 'descripcion511', 42);
INSERT INTO SEGURO (ID, CARACTERISTICAS, COSTO, VIGENCIA, ALOJAMIENTO_ID) VALUES (511, 'caracteristiccas511',121299,TO_DATE('2020-05-03', 'YYYY-MM-DD'), 42);
INSERT INTO HABITACION (ID, CAPACIDAD, TIPO, ALOJAMIENTO_ID) VALUES (511, 7, 0, 42);
INSERT INTO MENAJE (ID, DESCRIPCION, DISPONIBILIDAD, ALOJAMIENTO_ID) VALUES (511, 'descripcion511', 1, 42);
INSERT INTO SERVICIOS_ALOJAMIENTOS (ALOJAMIENTO_ID, SERVICIO_ID) VALUES (114, 20);
INSERT INTO REGLA (ID, DESCRIPCION, ALOJAMIENTO_ID) VALUES (512, 'descripcion512', 163);
INSERT INTO SEGURO (ID, CARACTERISTICAS, COSTO, VIGENCIA, ALOJAMIENTO_ID) VALUES (512, 'caracteristiccas512',981169,TO_DATE('2020-05-03', 'YYYY-MM-DD'), 163);
INSERT INTO HABITACION (ID, CAPACIDAD, TIPO, ALOJAMIENTO_ID) VALUES (512, 8, 0, 163);
INSERT INTO MENAJE (ID, DESCRIPCION, DISPONIBILIDAD, ALOJAMIENTO_ID) VALUES (512, 'descripcion512', 0, 163);
INSERT INTO SERVICIOS_ALOJAMIENTOS (ALOJAMIENTO_ID, SERVICIO_ID) VALUES (132, 32);
INSERT INTO REGLA (ID, DESCRIPCION, ALOJAMIENTO_ID) VALUES (513, 'descripcion513', 108);
INSERT INTO SEGURO (ID, CARACTERISTICAS, COSTO, VIGENCIA, ALOJAMIENTO_ID) VALUES (513, 'caracteristiccas513',440666,TO_DATE('2020-05-03', 'YYYY-MM-DD'), 108);
INSERT INTO HABITACION (ID, CAPACIDAD, TIPO, ALOJAMIENTO_ID) VALUES (513, 2, 2, 108);
INSERT INTO MENAJE (ID, DESCRIPCION, DISPONIBILIDAD, ALOJAMIENTO_ID) VALUES (513, 'descripcion513', 1, 108);
INSERT INTO SERVICIOS_ALOJAMIENTOS (ALOJAMIENTO_ID, SERVICIO_ID) VALUES (82, 8);
INSERT INTO REGLA (ID, DESCRIPCION, ALOJAMIENTO_ID) VALUES (514, 'descripcion514', 16);
INSERT INTO SEGURO (ID, CARACTERISTICAS, COSTO, VIGENCIA, ALOJAMIENTO_ID) VALUES (514, 'caracteristiccas514',916433,TO_DATE('2020-05-03', 'YYYY-MM-DD'), 16);
INSERT INTO HABITACION (ID, CAPACIDAD, TIPO, ALOJAMIENTO_ID) VALUES (514, 10, 3, 16);
INSERT INTO MENAJE (ID, DESCRIPCION, DISPONIBILIDAD, ALOJAMIENTO_ID) VALUES (514, 'descripcion514', 1, 16);
INSERT INTO SERVICIOS_ALOJAMIENTOS (ALOJAMIENTO_ID, SERVICIO_ID) VALUES (187, 39);
INSERT INTO REGLA (ID, DESCRIPCION, ALOJAMIENTO_ID) VALUES (515, 'descripcion515', 69);
INSERT INTO SEGURO (ID, CARACTERISTICAS, COSTO, VIGENCIA, ALOJAMIENTO_ID) VALUES (515, 'caracteristiccas515',515430,TO_DATE('2020-05-03', 'YYYY-MM-DD'), 69);
INSERT INTO HABITACION (ID, CAPACIDAD, TIPO, ALOJAMIENTO_ID) VALUES (515, 6, 0, 69);
INSERT INTO MENAJE (ID, DESCRIPCION, DISPONIBILIDAD, ALOJAMIENTO_ID) VALUES (515, 'descripcion515', 1, 69);
INSERT INTO SERVICIOS_ALOJAMIENTOS (ALOJAMIENTO_ID, SERVICIO_ID) VALUES (7, 26);
INSERT INTO REGLA (ID, DESCRIPCION, ALOJAMIENTO_ID) VALUES (516, 'descripcion516', 4);
INSERT INTO SEGURO (ID, CARACTERISTICAS, COSTO, VIGENCIA, ALOJAMIENTO_ID) VALUES (516, 'caracteristiccas516',711569,TO_DATE('2020-05-03', 'YYYY-MM-DD'), 4);
INSERT INTO HABITACION (ID, CAPACIDAD, TIPO, ALOJAMIENTO_ID) VALUES (516, 10, 1, 4);
INSERT INTO MENAJE (ID, DESCRIPCION, DISPONIBILIDAD, ALOJAMIENTO_ID) VALUES (516, 'descripcion516', 0, 4);
INSERT INTO SERVICIOS_ALOJAMIENTOS (ALOJAMIENTO_ID, SERVICIO_ID) VALUES (164, 17);
INSERT INTO REGLA (ID, DESCRIPCION, ALOJAMIENTO_ID) VALUES (517, 'descripcion517', 71);
INSERT INTO SEGURO (ID, CARACTERISTICAS, COSTO, VIGENCIA, ALOJAMIENTO_ID) VALUES (517, 'caracteristiccas517',754838,TO_DATE('2020-05-03', 'YYYY-MM-DD'), 71);
INSERT INTO HABITACION (ID, CAPACIDAD, TIPO, ALOJAMIENTO_ID) VALUES (517, 4, 1, 71);
INSERT INTO MENAJE (ID, DESCRIPCION, DISPONIBILIDAD, ALOJAMIENTO_ID) VALUES (517, 'descripcion517', 1, 71);
INSERT INTO SERVICIOS_ALOJAMIENTOS (ALOJAMIENTO_ID, SERVICIO_ID) VALUES (171, 3);
INSERT INTO REGLA (ID, DESCRIPCION, ALOJAMIENTO_ID) VALUES (518, 'descripcion518', 7);
INSERT INTO SEGURO (ID, CARACTERISTICAS, COSTO, VIGENCIA, ALOJAMIENTO_ID) VALUES (518, 'caracteristiccas518',334785,TO_DATE('2020-05-03', 'YYYY-MM-DD'), 7);
INSERT INTO HABITACION (ID, CAPACIDAD, TIPO, ALOJAMIENTO_ID) VALUES (518, 9, 3, 7);
INSERT INTO MENAJE (ID, DESCRIPCION, DISPONIBILIDAD, ALOJAMIENTO_ID) VALUES (518, 'descripcion518', 0, 7);
INSERT INTO SERVICIOS_ALOJAMIENTOS (ALOJAMIENTO_ID, SERVICIO_ID) VALUES (71, 19);
INSERT INTO REGLA (ID, DESCRIPCION, ALOJAMIENTO_ID) VALUES (519, 'descripcion519', 71);
INSERT INTO SEGURO (ID, CARACTERISTICAS, COSTO, VIGENCIA, ALOJAMIENTO_ID) VALUES (519, 'caracteristiccas519',206862,TO_DATE('2020-05-03', 'YYYY-MM-DD'), 71);
INSERT INTO HABITACION (ID, CAPACIDAD, TIPO, ALOJAMIENTO_ID) VALUES (519, 7, 2, 71);
INSERT INTO MENAJE (ID, DESCRIPCION, DISPONIBILIDAD, ALOJAMIENTO_ID) VALUES (519, 'descripcion519', 1, 71);
INSERT INTO SERVICIOS_ALOJAMIENTOS (ALOJAMIENTO_ID, SERVICIO_ID) VALUES (46, 39);
INSERT INTO REGLA (ID, DESCRIPCION, ALOJAMIENTO_ID) VALUES (520, 'descripcion520', 32);
INSERT INTO SEGURO (ID, CARACTERISTICAS, COSTO, VIGENCIA, ALOJAMIENTO_ID) VALUES (520, 'caracteristiccas520',144874,TO_DATE('2020-05-03', 'YYYY-MM-DD'), 32);
INSERT INTO HABITACION (ID, CAPACIDAD, TIPO, ALOJAMIENTO_ID) VALUES (520, 11, 2, 32);
INSERT INTO MENAJE (ID, DESCRIPCION, DISPONIBILIDAD, ALOJAMIENTO_ID) VALUES (520, 'descripcion520', 1, 32);
INSERT INTO SERVICIOS_ALOJAMIENTOS (ALOJAMIENTO_ID, SERVICIO_ID) VALUES (157, 17);
INSERT INTO REGLA (ID, DESCRIPCION, ALOJAMIENTO_ID) VALUES (521, 'descripcion521', 109);
INSERT INTO SEGURO (ID, CARACTERISTICAS, COSTO, VIGENCIA, ALOJAMIENTO_ID) VALUES (521, 'caracteristiccas521',184638,TO_DATE('2020-05-03', 'YYYY-MM-DD'), 109);
INSERT INTO HABITACION (ID, CAPACIDAD, TIPO, ALOJAMIENTO_ID) VALUES (521, 7, 1, 109);
INSERT INTO MENAJE (ID, DESCRIPCION, DISPONIBILIDAD, ALOJAMIENTO_ID) VALUES (521, 'descripcion521', 0, 109);
INSERT INTO SERVICIOS_ALOJAMIENTOS (ALOJAMIENTO_ID, SERVICIO_ID) VALUES (150, 16);
INSERT INTO REGLA (ID, DESCRIPCION, ALOJAMIENTO_ID) VALUES (522, 'descripcion522', 83);
INSERT INTO SEGURO (ID, CARACTERISTICAS, COSTO, VIGENCIA, ALOJAMIENTO_ID) VALUES (522, 'caracteristiccas522',943585,TO_DATE('2020-05-03', 'YYYY-MM-DD'), 83);
INSERT INTO HABITACION (ID, CAPACIDAD, TIPO, ALOJAMIENTO_ID) VALUES (522, 3, 0, 83);
INSERT INTO MENAJE (ID, DESCRIPCION, DISPONIBILIDAD, ALOJAMIENTO_ID) VALUES (522, 'descripcion522', 0, 83);
INSERT INTO SERVICIOS_ALOJAMIENTOS (ALOJAMIENTO_ID, SERVICIO_ID) VALUES (24, 18);
INSERT INTO REGLA (ID, DESCRIPCION, ALOJAMIENTO_ID) VALUES (523, 'descripcion523', 56);
INSERT INTO SEGURO (ID, CARACTERISTICAS, COSTO, VIGENCIA, ALOJAMIENTO_ID) VALUES (523, 'caracteristiccas523',520202,TO_DATE('2020-05-03', 'YYYY-MM-DD'), 56);
INSERT INTO HABITACION (ID, CAPACIDAD, TIPO, ALOJAMIENTO_ID) VALUES (523, 1, 3, 56);
INSERT INTO MENAJE (ID, DESCRIPCION, DISPONIBILIDAD, ALOJAMIENTO_ID) VALUES (523, 'descripcion523', 1, 56);
INSERT INTO SERVICIOS_ALOJAMIENTOS (ALOJAMIENTO_ID, SERVICIO_ID) VALUES (182, 43);
INSERT INTO REGLA (ID, DESCRIPCION, ALOJAMIENTO_ID) VALUES (524, 'descripcion524', 51);
INSERT INTO SEGURO (ID, CARACTERISTICAS, COSTO, VIGENCIA, ALOJAMIENTO_ID) VALUES (524, 'caracteristiccas524',410372,TO_DATE('2020-05-03', 'YYYY-MM-DD'), 51);
INSERT INTO HABITACION (ID, CAPACIDAD, TIPO, ALOJAMIENTO_ID) VALUES (524, 2, 2, 51);
INSERT INTO MENAJE (ID, DESCRIPCION, DISPONIBILIDAD, ALOJAMIENTO_ID) VALUES (524, 'descripcion524', 0, 51);
INSERT INTO SERVICIOS_ALOJAMIENTOS (ALOJAMIENTO_ID, SERVICIO_ID) VALUES (178, 24);
INSERT INTO REGLA (ID, DESCRIPCION, ALOJAMIENTO_ID) VALUES (525, 'descripcion525', 72);
INSERT INTO SEGURO (ID, CARACTERISTICAS, COSTO, VIGENCIA, ALOJAMIENTO_ID) VALUES (525, 'caracteristiccas525',887941,TO_DATE('2020-05-03', 'YYYY-MM-DD'), 72);
INSERT INTO HABITACION (ID, CAPACIDAD, TIPO, ALOJAMIENTO_ID) VALUES (525, 3, 1, 72);
INSERT INTO MENAJE (ID, DESCRIPCION, DISPONIBILIDAD, ALOJAMIENTO_ID) VALUES (525, 'descripcion525', 1, 72);
INSERT INTO SERVICIOS_ALOJAMIENTOS (ALOJAMIENTO_ID, SERVICIO_ID) VALUES (4, 18);
INSERT INTO REGLA (ID, DESCRIPCION, ALOJAMIENTO_ID) VALUES (526, 'descripcion526', 107);
INSERT INTO SEGURO (ID, CARACTERISTICAS, COSTO, VIGENCIA, ALOJAMIENTO_ID) VALUES (526, 'caracteristiccas526',781188,TO_DATE('2020-05-03', 'YYYY-MM-DD'), 107);
INSERT INTO HABITACION (ID, CAPACIDAD, TIPO, ALOJAMIENTO_ID) VALUES (526, 5, 1, 107);
INSERT INTO MENAJE (ID, DESCRIPCION, DISPONIBILIDAD, ALOJAMIENTO_ID) VALUES (526, 'descripcion526', 0, 107);
INSERT INTO SERVICIOS_ALOJAMIENTOS (ALOJAMIENTO_ID, SERVICIO_ID) VALUES (161, 29);
INSERT INTO REGLA (ID, DESCRIPCION, ALOJAMIENTO_ID) VALUES (527, 'descripcion527', 152);
INSERT INTO SEGURO (ID, CARACTERISTICAS, COSTO, VIGENCIA, ALOJAMIENTO_ID) VALUES (527, 'caracteristiccas527',997698,TO_DATE('2020-05-03', 'YYYY-MM-DD'), 152);
INSERT INTO HABITACION (ID, CAPACIDAD, TIPO, ALOJAMIENTO_ID) VALUES (527, 4, 1, 152);
INSERT INTO MENAJE (ID, DESCRIPCION, DISPONIBILIDAD, ALOJAMIENTO_ID) VALUES (527, 'descripcion527', 0, 152);
INSERT INTO SERVICIOS_ALOJAMIENTOS (ALOJAMIENTO_ID, SERVICIO_ID) VALUES (157, 47);
INSERT INTO REGLA (ID, DESCRIPCION, ALOJAMIENTO_ID) VALUES (528, 'descripcion528', 3);
INSERT INTO SEGURO (ID, CARACTERISTICAS, COSTO, VIGENCIA, ALOJAMIENTO_ID) VALUES (528, 'caracteristiccas528',500048,TO_DATE('2020-05-03', 'YYYY-MM-DD'), 3);
INSERT INTO HABITACION (ID, CAPACIDAD, TIPO, ALOJAMIENTO_ID) VALUES (528, 1, 1, 3);
INSERT INTO MENAJE (ID, DESCRIPCION, DISPONIBILIDAD, ALOJAMIENTO_ID) VALUES (528, 'descripcion528', 0, 3);
INSERT INTO SERVICIOS_ALOJAMIENTOS (ALOJAMIENTO_ID, SERVICIO_ID) VALUES (165, 9);
INSERT INTO REGLA (ID, DESCRIPCION, ALOJAMIENTO_ID) VALUES (529, 'descripcion529', 42);
INSERT INTO SEGURO (ID, CARACTERISTICAS, COSTO, VIGENCIA, ALOJAMIENTO_ID) VALUES (529, 'caracteristiccas529',131552,TO_DATE('2020-05-03', 'YYYY-MM-DD'), 42);
INSERT INTO HABITACION (ID, CAPACIDAD, TIPO, ALOJAMIENTO_ID) VALUES (529, 2, 2, 42);
INSERT INTO MENAJE (ID, DESCRIPCION, DISPONIBILIDAD, ALOJAMIENTO_ID) VALUES (529, 'descripcion529', 0, 42);
INSERT INTO SERVICIOS_ALOJAMIENTOS (ALOJAMIENTO_ID, SERVICIO_ID) VALUES (186, 0);
INSERT INTO REGLA (ID, DESCRIPCION, ALOJAMIENTO_ID) VALUES (530, 'descripcion530', 156);
INSERT INTO SEGURO (ID, CARACTERISTICAS, COSTO, VIGENCIA, ALOJAMIENTO_ID) VALUES (530, 'caracteristiccas530',348262,TO_DATE('2020-05-03', 'YYYY-MM-DD'), 156);
INSERT INTO HABITACION (ID, CAPACIDAD, TIPO, ALOJAMIENTO_ID) VALUES (530, 8, 0, 156);
INSERT INTO MENAJE (ID, DESCRIPCION, DISPONIBILIDAD, ALOJAMIENTO_ID) VALUES (530, 'descripcion530', 1, 156);
INSERT INTO SERVICIOS_ALOJAMIENTOS (ALOJAMIENTO_ID, SERVICIO_ID) VALUES (13, 2);
INSERT INTO REGLA (ID, DESCRIPCION, ALOJAMIENTO_ID) VALUES (531, 'descripcion531', 186);
INSERT INTO SEGURO (ID, CARACTERISTICAS, COSTO, VIGENCIA, ALOJAMIENTO_ID) VALUES (531, 'caracteristiccas531',848535,TO_DATE('2020-05-03', 'YYYY-MM-DD'), 186);
INSERT INTO HABITACION (ID, CAPACIDAD, TIPO, ALOJAMIENTO_ID) VALUES (531, 1, 1, 186);
INSERT INTO MENAJE (ID, DESCRIPCION, DISPONIBILIDAD, ALOJAMIENTO_ID) VALUES (531, 'descripcion531', 0, 186);
INSERT INTO SERVICIOS_ALOJAMIENTOS (ALOJAMIENTO_ID, SERVICIO_ID) VALUES (2, 17);
INSERT INTO REGLA (ID, DESCRIPCION, ALOJAMIENTO_ID) VALUES (532, 'descripcion532', 146);
INSERT INTO SEGURO (ID, CARACTERISTICAS, COSTO, VIGENCIA, ALOJAMIENTO_ID) VALUES (532, 'caracteristiccas532',191392,TO_DATE('2020-05-03', 'YYYY-MM-DD'), 146);
INSERT INTO HABITACION (ID, CAPACIDAD, TIPO, ALOJAMIENTO_ID) VALUES (532, 4, 2, 146);
INSERT INTO MENAJE (ID, DESCRIPCION, DISPONIBILIDAD, ALOJAMIENTO_ID) VALUES (532, 'descripcion532', 1, 146);
INSERT INTO SERVICIOS_ALOJAMIENTOS (ALOJAMIENTO_ID, SERVICIO_ID) VALUES (54, 5);
INSERT INTO REGLA (ID, DESCRIPCION, ALOJAMIENTO_ID) VALUES (533, 'descripcion533', 71);
INSERT INTO SEGURO (ID, CARACTERISTICAS, COSTO, VIGENCIA, ALOJAMIENTO_ID) VALUES (533, 'caracteristiccas533',211170,TO_DATE('2020-05-03', 'YYYY-MM-DD'), 71);
INSERT INTO HABITACION (ID, CAPACIDAD, TIPO, ALOJAMIENTO_ID) VALUES (533, 7, 2, 71);
INSERT INTO MENAJE (ID, DESCRIPCION, DISPONIBILIDAD, ALOJAMIENTO_ID) VALUES (533, 'descripcion533', 1, 71);
INSERT INTO SERVICIOS_ALOJAMIENTOS (ALOJAMIENTO_ID, SERVICIO_ID) VALUES (20, 45);
INSERT INTO REGLA (ID, DESCRIPCION, ALOJAMIENTO_ID) VALUES (534, 'descripcion534', 144);
INSERT INTO SEGURO (ID, CARACTERISTICAS, COSTO, VIGENCIA, ALOJAMIENTO_ID) VALUES (534, 'caracteristiccas534',672403,TO_DATE('2020-05-03', 'YYYY-MM-DD'), 144);
INSERT INTO HABITACION (ID, CAPACIDAD, TIPO, ALOJAMIENTO_ID) VALUES (534, 3, 0, 144);
INSERT INTO MENAJE (ID, DESCRIPCION, DISPONIBILIDAD, ALOJAMIENTO_ID) VALUES (534, 'descripcion534', 1, 144);
INSERT INTO SERVICIOS_ALOJAMIENTOS (ALOJAMIENTO_ID, SERVICIO_ID) VALUES (121, 46);
INSERT INTO REGLA (ID, DESCRIPCION, ALOJAMIENTO_ID) VALUES (535, 'descripcion535', 60);
INSERT INTO SEGURO (ID, CARACTERISTICAS, COSTO, VIGENCIA, ALOJAMIENTO_ID) VALUES (535, 'caracteristiccas535',774271,TO_DATE('2020-05-03', 'YYYY-MM-DD'), 60);
INSERT INTO HABITACION (ID, CAPACIDAD, TIPO, ALOJAMIENTO_ID) VALUES (535, 1, 0, 60);
INSERT INTO MENAJE (ID, DESCRIPCION, DISPONIBILIDAD, ALOJAMIENTO_ID) VALUES (535, 'descripcion535', 0, 60);
INSERT INTO SERVICIOS_ALOJAMIENTOS (ALOJAMIENTO_ID, SERVICIO_ID) VALUES (78, 48);
INSERT INTO REGLA (ID, DESCRIPCION, ALOJAMIENTO_ID) VALUES (536, 'descripcion536', 22);
INSERT INTO SEGURO (ID, CARACTERISTICAS, COSTO, VIGENCIA, ALOJAMIENTO_ID) VALUES (536, 'caracteristiccas536',762066,TO_DATE('2020-05-03', 'YYYY-MM-DD'), 22);
INSERT INTO HABITACION (ID, CAPACIDAD, TIPO, ALOJAMIENTO_ID) VALUES (536, 4, 2, 22);
INSERT INTO MENAJE (ID, DESCRIPCION, DISPONIBILIDAD, ALOJAMIENTO_ID) VALUES (536, 'descripcion536', 1, 22);
INSERT INTO SERVICIOS_ALOJAMIENTOS (ALOJAMIENTO_ID, SERVICIO_ID) VALUES (108, 49);
INSERT INTO REGLA (ID, DESCRIPCION, ALOJAMIENTO_ID) VALUES (537, 'descripcion537', 32);
INSERT INTO SEGURO (ID, CARACTERISTICAS, COSTO, VIGENCIA, ALOJAMIENTO_ID) VALUES (537, 'caracteristiccas537',824513,TO_DATE('2020-05-03', 'YYYY-MM-DD'), 32);
INSERT INTO HABITACION (ID, CAPACIDAD, TIPO, ALOJAMIENTO_ID) VALUES (537, 10, 1, 32);
INSERT INTO MENAJE (ID, DESCRIPCION, DISPONIBILIDAD, ALOJAMIENTO_ID) VALUES (537, 'descripcion537', 1, 32);
INSERT INTO SERVICIOS_ALOJAMIENTOS (ALOJAMIENTO_ID, SERVICIO_ID) VALUES (67, 19);
INSERT INTO REGLA (ID, DESCRIPCION, ALOJAMIENTO_ID) VALUES (538, 'descripcion538', 158);
INSERT INTO SEGURO (ID, CARACTERISTICAS, COSTO, VIGENCIA, ALOJAMIENTO_ID) VALUES (538, 'caracteristiccas538',784291,TO_DATE('2020-05-03', 'YYYY-MM-DD'), 158);
INSERT INTO HABITACION (ID, CAPACIDAD, TIPO, ALOJAMIENTO_ID) VALUES (538, 11, 2, 158);
INSERT INTO MENAJE (ID, DESCRIPCION, DISPONIBILIDAD, ALOJAMIENTO_ID) VALUES (538, 'descripcion538', 1, 158);
INSERT INTO SERVICIOS_ALOJAMIENTOS (ALOJAMIENTO_ID, SERVICIO_ID) VALUES (126, 23);
INSERT INTO REGLA (ID, DESCRIPCION, ALOJAMIENTO_ID) VALUES (539, 'descripcion539', 66);
INSERT INTO SEGURO (ID, CARACTERISTICAS, COSTO, VIGENCIA, ALOJAMIENTO_ID) VALUES (539, 'caracteristiccas539',313351,TO_DATE('2020-05-03', 'YYYY-MM-DD'), 66);
INSERT INTO HABITACION (ID, CAPACIDAD, TIPO, ALOJAMIENTO_ID) VALUES (539, 4, 2, 66);
INSERT INTO MENAJE (ID, DESCRIPCION, DISPONIBILIDAD, ALOJAMIENTO_ID) VALUES (539, 'descripcion539', 1, 66);
INSERT INTO SERVICIOS_ALOJAMIENTOS (ALOJAMIENTO_ID, SERVICIO_ID) VALUES (152, 31);
INSERT INTO REGLA (ID, DESCRIPCION, ALOJAMIENTO_ID) VALUES (540, 'descripcion540', 45);
INSERT INTO SEGURO (ID, CARACTERISTICAS, COSTO, VIGENCIA, ALOJAMIENTO_ID) VALUES (540, 'caracteristiccas540',258048,TO_DATE('2020-05-03', 'YYYY-MM-DD'), 45);
INSERT INTO HABITACION (ID, CAPACIDAD, TIPO, ALOJAMIENTO_ID) VALUES (540, 5, 1, 45);
INSERT INTO MENAJE (ID, DESCRIPCION, DISPONIBILIDAD, ALOJAMIENTO_ID) VALUES (540, 'descripcion540', 0, 45);
INSERT INTO SERVICIOS_ALOJAMIENTOS (ALOJAMIENTO_ID, SERVICIO_ID) VALUES (131, 41);
INSERT INTO REGLA (ID, DESCRIPCION, ALOJAMIENTO_ID) VALUES (541, 'descripcion541', 71);
INSERT INTO SEGURO (ID, CARACTERISTICAS, COSTO, VIGENCIA, ALOJAMIENTO_ID) VALUES (541, 'caracteristiccas541',17630,TO_DATE('2020-05-03', 'YYYY-MM-DD'), 71);
INSERT INTO HABITACION (ID, CAPACIDAD, TIPO, ALOJAMIENTO_ID) VALUES (541, 8, 0, 71);
INSERT INTO MENAJE (ID, DESCRIPCION, DISPONIBILIDAD, ALOJAMIENTO_ID) VALUES (541, 'descripcion541', 1, 71);
INSERT INTO SERVICIOS_ALOJAMIENTOS (ALOJAMIENTO_ID, SERVICIO_ID) VALUES (177, 30);
INSERT INTO REGLA (ID, DESCRIPCION, ALOJAMIENTO_ID) VALUES (542, 'descripcion542', 12);
INSERT INTO SEGURO (ID, CARACTERISTICAS, COSTO, VIGENCIA, ALOJAMIENTO_ID) VALUES (542, 'caracteristiccas542',287990,TO_DATE('2020-05-03', 'YYYY-MM-DD'), 12);
INSERT INTO HABITACION (ID, CAPACIDAD, TIPO, ALOJAMIENTO_ID) VALUES (542, 3, 0, 12);
INSERT INTO MENAJE (ID, DESCRIPCION, DISPONIBILIDAD, ALOJAMIENTO_ID) VALUES (542, 'descripcion542', 1, 12);
INSERT INTO SERVICIOS_ALOJAMIENTOS (ALOJAMIENTO_ID, SERVICIO_ID) VALUES (170, 8);
INSERT INTO REGLA (ID, DESCRIPCION, ALOJAMIENTO_ID) VALUES (543, 'descripcion543', 131);
INSERT INTO SEGURO (ID, CARACTERISTICAS, COSTO, VIGENCIA, ALOJAMIENTO_ID) VALUES (543, 'caracteristiccas543',244562,TO_DATE('2020-05-03', 'YYYY-MM-DD'), 131);
INSERT INTO HABITACION (ID, CAPACIDAD, TIPO, ALOJAMIENTO_ID) VALUES (543, 10, 0, 131);
INSERT INTO MENAJE (ID, DESCRIPCION, DISPONIBILIDAD, ALOJAMIENTO_ID) VALUES (543, 'descripcion543', 0, 131);
INSERT INTO SERVICIOS_ALOJAMIENTOS (ALOJAMIENTO_ID, SERVICIO_ID) VALUES (72, 39);
INSERT INTO REGLA (ID, DESCRIPCION, ALOJAMIENTO_ID) VALUES (544, 'descripcion544', 123);
INSERT INTO SEGURO (ID, CARACTERISTICAS, COSTO, VIGENCIA, ALOJAMIENTO_ID) VALUES (544, 'caracteristiccas544',625514,TO_DATE('2020-05-03', 'YYYY-MM-DD'), 123);
INSERT INTO HABITACION (ID, CAPACIDAD, TIPO, ALOJAMIENTO_ID) VALUES (544, 4, 0, 123);
INSERT INTO MENAJE (ID, DESCRIPCION, DISPONIBILIDAD, ALOJAMIENTO_ID) VALUES (544, 'descripcion544', 0, 123);
INSERT INTO SERVICIOS_ALOJAMIENTOS (ALOJAMIENTO_ID, SERVICIO_ID) VALUES (143, 33);
INSERT INTO REGLA (ID, DESCRIPCION, ALOJAMIENTO_ID) VALUES (545, 'descripcion545', 140);
INSERT INTO SEGURO (ID, CARACTERISTICAS, COSTO, VIGENCIA, ALOJAMIENTO_ID) VALUES (545, 'caracteristiccas545',577920,TO_DATE('2020-05-03', 'YYYY-MM-DD'), 140);
INSERT INTO HABITACION (ID, CAPACIDAD, TIPO, ALOJAMIENTO_ID) VALUES (545, 11, 2, 140);
INSERT INTO MENAJE (ID, DESCRIPCION, DISPONIBILIDAD, ALOJAMIENTO_ID) VALUES (545, 'descripcion545', 1, 140);
INSERT INTO SERVICIOS_ALOJAMIENTOS (ALOJAMIENTO_ID, SERVICIO_ID) VALUES (6, 4);
INSERT INTO REGLA (ID, DESCRIPCION, ALOJAMIENTO_ID) VALUES (546, 'descripcion546', 151);
INSERT INTO SEGURO (ID, CARACTERISTICAS, COSTO, VIGENCIA, ALOJAMIENTO_ID) VALUES (546, 'caracteristiccas546',777282,TO_DATE('2020-05-03', 'YYYY-MM-DD'), 151);
INSERT INTO HABITACION (ID, CAPACIDAD, TIPO, ALOJAMIENTO_ID) VALUES (546, 11, 3, 151);
INSERT INTO MENAJE (ID, DESCRIPCION, DISPONIBILIDAD, ALOJAMIENTO_ID) VALUES (546, 'descripcion546', 1, 151);
INSERT INTO SERVICIOS_ALOJAMIENTOS (ALOJAMIENTO_ID, SERVICIO_ID) VALUES (48, 18);
INSERT INTO REGLA (ID, DESCRIPCION, ALOJAMIENTO_ID) VALUES (547, 'descripcion547', 65);
INSERT INTO SEGURO (ID, CARACTERISTICAS, COSTO, VIGENCIA, ALOJAMIENTO_ID) VALUES (547, 'caracteristiccas547',85061,TO_DATE('2020-05-03', 'YYYY-MM-DD'), 65);
INSERT INTO HABITACION (ID, CAPACIDAD, TIPO, ALOJAMIENTO_ID) VALUES (547, 1, 3, 65);
INSERT INTO MENAJE (ID, DESCRIPCION, DISPONIBILIDAD, ALOJAMIENTO_ID) VALUES (547, 'descripcion547', 0, 65);
INSERT INTO SERVICIOS_ALOJAMIENTOS (ALOJAMIENTO_ID, SERVICIO_ID) VALUES (156, 9);
INSERT INTO REGLA (ID, DESCRIPCION, ALOJAMIENTO_ID) VALUES (548, 'descripcion548', 151);
INSERT INTO SEGURO (ID, CARACTERISTICAS, COSTO, VIGENCIA, ALOJAMIENTO_ID) VALUES (548, 'caracteristiccas548',690209,TO_DATE('2020-05-03', 'YYYY-MM-DD'), 151);
INSERT INTO HABITACION (ID, CAPACIDAD, TIPO, ALOJAMIENTO_ID) VALUES (548, 4, 1, 151);
INSERT INTO MENAJE (ID, DESCRIPCION, DISPONIBILIDAD, ALOJAMIENTO_ID) VALUES (548, 'descripcion548', 1, 151);
INSERT INTO SERVICIOS_ALOJAMIENTOS (ALOJAMIENTO_ID, SERVICIO_ID) VALUES (60, 38);
INSERT INTO REGLA (ID, DESCRIPCION, ALOJAMIENTO_ID) VALUES (549, 'descripcion549', 149);
INSERT INTO SEGURO (ID, CARACTERISTICAS, COSTO, VIGENCIA, ALOJAMIENTO_ID) VALUES (549, 'caracteristiccas549',180628,TO_DATE('2020-05-03', 'YYYY-MM-DD'), 149);
INSERT INTO HABITACION (ID, CAPACIDAD, TIPO, ALOJAMIENTO_ID) VALUES (549, 6, 1, 149);
INSERT INTO MENAJE (ID, DESCRIPCION, DISPONIBILIDAD, ALOJAMIENTO_ID) VALUES (549, 'descripcion549', 1, 149);
INSERT INTO SERVICIOS_ALOJAMIENTOS (ALOJAMIENTO_ID, SERVICIO_ID) VALUES (80, 40);
INSERT INTO REGLA (ID, DESCRIPCION, ALOJAMIENTO_ID) VALUES (550, 'descripcion550', 63);
INSERT INTO SEGURO (ID, CARACTERISTICAS, COSTO, VIGENCIA, ALOJAMIENTO_ID) VALUES (550, 'caracteristiccas550',205868,TO_DATE('2020-05-03', 'YYYY-MM-DD'), 63);
INSERT INTO HABITACION (ID, CAPACIDAD, TIPO, ALOJAMIENTO_ID) VALUES (550, 6, 3, 63);
INSERT INTO MENAJE (ID, DESCRIPCION, DISPONIBILIDAD, ALOJAMIENTO_ID) VALUES (550, 'descripcion550', 0, 63);
INSERT INTO SERVICIOS_ALOJAMIENTOS (ALOJAMIENTO_ID, SERVICIO_ID) VALUES (139, 27);
INSERT INTO REGLA (ID, DESCRIPCION, ALOJAMIENTO_ID) VALUES (551, 'descripcion551', 39);
INSERT INTO SEGURO (ID, CARACTERISTICAS, COSTO, VIGENCIA, ALOJAMIENTO_ID) VALUES (551, 'caracteristiccas551',532218,TO_DATE('2020-05-03', 'YYYY-MM-DD'), 39);
INSERT INTO HABITACION (ID, CAPACIDAD, TIPO, ALOJAMIENTO_ID) VALUES (551, 6, 0, 39);
INSERT INTO MENAJE (ID, DESCRIPCION, DISPONIBILIDAD, ALOJAMIENTO_ID) VALUES (551, 'descripcion551', 1, 39);
INSERT INTO SERVICIOS_ALOJAMIENTOS (ALOJAMIENTO_ID, SERVICIO_ID) VALUES (157, 10);
INSERT INTO REGLA (ID, DESCRIPCION, ALOJAMIENTO_ID) VALUES (552, 'descripcion552', 162);
INSERT INTO SEGURO (ID, CARACTERISTICAS, COSTO, VIGENCIA, ALOJAMIENTO_ID) VALUES (552, 'caracteristiccas552',967127,TO_DATE('2020-05-03', 'YYYY-MM-DD'), 162);
INSERT INTO HABITACION (ID, CAPACIDAD, TIPO, ALOJAMIENTO_ID) VALUES (552, 11, 1, 162);
INSERT INTO MENAJE (ID, DESCRIPCION, DISPONIBILIDAD, ALOJAMIENTO_ID) VALUES (552, 'descripcion552', 0, 162);
INSERT INTO SERVICIOS_ALOJAMIENTOS (ALOJAMIENTO_ID, SERVICIO_ID) VALUES (154, 4);
INSERT INTO REGLA (ID, DESCRIPCION, ALOJAMIENTO_ID) VALUES (553, 'descripcion553', 97);
INSERT INTO SEGURO (ID, CARACTERISTICAS, COSTO, VIGENCIA, ALOJAMIENTO_ID) VALUES (553, 'caracteristiccas553',721288,TO_DATE('2020-05-03', 'YYYY-MM-DD'), 97);
INSERT INTO HABITACION (ID, CAPACIDAD, TIPO, ALOJAMIENTO_ID) VALUES (553, 8, 2, 97);
INSERT INTO MENAJE (ID, DESCRIPCION, DISPONIBILIDAD, ALOJAMIENTO_ID) VALUES (553, 'descripcion553', 1, 97);
INSERT INTO SERVICIOS_ALOJAMIENTOS (ALOJAMIENTO_ID, SERVICIO_ID) VALUES (144, 33);
INSERT INTO REGLA (ID, DESCRIPCION, ALOJAMIENTO_ID) VALUES (554, 'descripcion554', 22);
INSERT INTO SEGURO (ID, CARACTERISTICAS, COSTO, VIGENCIA, ALOJAMIENTO_ID) VALUES (554, 'caracteristiccas554',747378,TO_DATE('2020-05-03', 'YYYY-MM-DD'), 22);
INSERT INTO HABITACION (ID, CAPACIDAD, TIPO, ALOJAMIENTO_ID) VALUES (554, 6, 1, 22);
INSERT INTO MENAJE (ID, DESCRIPCION, DISPONIBILIDAD, ALOJAMIENTO_ID) VALUES (554, 'descripcion554', 1, 22);
INSERT INTO SERVICIOS_ALOJAMIENTOS (ALOJAMIENTO_ID, SERVICIO_ID) VALUES (35, 37);
INSERT INTO REGLA (ID, DESCRIPCION, ALOJAMIENTO_ID) VALUES (555, 'descripcion555', 170);
INSERT INTO SEGURO (ID, CARACTERISTICAS, COSTO, VIGENCIA, ALOJAMIENTO_ID) VALUES (555, 'caracteristiccas555',699738,TO_DATE('2020-05-03', 'YYYY-MM-DD'), 170);
INSERT INTO HABITACION (ID, CAPACIDAD, TIPO, ALOJAMIENTO_ID) VALUES (555, 6, 2, 170);
INSERT INTO MENAJE (ID, DESCRIPCION, DISPONIBILIDAD, ALOJAMIENTO_ID) VALUES (555, 'descripcion555', 1, 170);
INSERT INTO SERVICIOS_ALOJAMIENTOS (ALOJAMIENTO_ID, SERVICIO_ID) VALUES (135, 32);
INSERT INTO REGLA (ID, DESCRIPCION, ALOJAMIENTO_ID) VALUES (556, 'descripcion556', 162);
INSERT INTO SEGURO (ID, CARACTERISTICAS, COSTO, VIGENCIA, ALOJAMIENTO_ID) VALUES (556, 'caracteristiccas556',892792,TO_DATE('2020-05-03', 'YYYY-MM-DD'), 162);
INSERT INTO HABITACION (ID, CAPACIDAD, TIPO, ALOJAMIENTO_ID) VALUES (556, 7, 2, 162);
INSERT INTO MENAJE (ID, DESCRIPCION, DISPONIBILIDAD, ALOJAMIENTO_ID) VALUES (556, 'descripcion556', 1, 162);
INSERT INTO SERVICIOS_ALOJAMIENTOS (ALOJAMIENTO_ID, SERVICIO_ID) VALUES (56, 36);
INSERT INTO REGLA (ID, DESCRIPCION, ALOJAMIENTO_ID) VALUES (557, 'descripcion557', 40);
INSERT INTO SEGURO (ID, CARACTERISTICAS, COSTO, VIGENCIA, ALOJAMIENTO_ID) VALUES (557, 'caracteristiccas557',268262,TO_DATE('2020-05-03', 'YYYY-MM-DD'), 40);
INSERT INTO HABITACION (ID, CAPACIDAD, TIPO, ALOJAMIENTO_ID) VALUES (557, 7, 1, 40);
INSERT INTO MENAJE (ID, DESCRIPCION, DISPONIBILIDAD, ALOJAMIENTO_ID) VALUES (557, 'descripcion557', 0, 40);
INSERT INTO SERVICIOS_ALOJAMIENTOS (ALOJAMIENTO_ID, SERVICIO_ID) VALUES (29, 13);
INSERT INTO REGLA (ID, DESCRIPCION, ALOJAMIENTO_ID) VALUES (558, 'descripcion558', 53);
INSERT INTO SEGURO (ID, CARACTERISTICAS, COSTO, VIGENCIA, ALOJAMIENTO_ID) VALUES (558, 'caracteristiccas558',208547,TO_DATE('2020-05-03', 'YYYY-MM-DD'), 53);
INSERT INTO HABITACION (ID, CAPACIDAD, TIPO, ALOJAMIENTO_ID) VALUES (558, 5, 3, 53);
INSERT INTO MENAJE (ID, DESCRIPCION, DISPONIBILIDAD, ALOJAMIENTO_ID) VALUES (558, 'descripcion558', 1, 53);
INSERT INTO SERVICIOS_ALOJAMIENTOS (ALOJAMIENTO_ID, SERVICIO_ID) VALUES (156, 42);
INSERT INTO REGLA (ID, DESCRIPCION, ALOJAMIENTO_ID) VALUES (559, 'descripcion559', 104);
INSERT INTO SEGURO (ID, CARACTERISTICAS, COSTO, VIGENCIA, ALOJAMIENTO_ID) VALUES (559, 'caracteristiccas559',802694,TO_DATE('2020-05-03', 'YYYY-MM-DD'), 104);
INSERT INTO HABITACION (ID, CAPACIDAD, TIPO, ALOJAMIENTO_ID) VALUES (559, 2, 3, 104);
INSERT INTO MENAJE (ID, DESCRIPCION, DISPONIBILIDAD, ALOJAMIENTO_ID) VALUES (559, 'descripcion559', 1, 104);
INSERT INTO SERVICIOS_ALOJAMIENTOS (ALOJAMIENTO_ID, SERVICIO_ID) VALUES (6, 6);
INSERT INTO REGLA (ID, DESCRIPCION, ALOJAMIENTO_ID) VALUES (560, 'descripcion560', 140);
INSERT INTO SEGURO (ID, CARACTERISTICAS, COSTO, VIGENCIA, ALOJAMIENTO_ID) VALUES (560, 'caracteristiccas560',516154,TO_DATE('2020-05-03', 'YYYY-MM-DD'), 140);
INSERT INTO HABITACION (ID, CAPACIDAD, TIPO, ALOJAMIENTO_ID) VALUES (560, 8, 0, 140);
INSERT INTO MENAJE (ID, DESCRIPCION, DISPONIBILIDAD, ALOJAMIENTO_ID) VALUES (560, 'descripcion560', 1, 140);
INSERT INTO SERVICIOS_ALOJAMIENTOS (ALOJAMIENTO_ID, SERVICIO_ID) VALUES (82, 27);
INSERT INTO REGLA (ID, DESCRIPCION, ALOJAMIENTO_ID) VALUES (561, 'descripcion561', 137);
INSERT INTO SEGURO (ID, CARACTERISTICAS, COSTO, VIGENCIA, ALOJAMIENTO_ID) VALUES (561, 'caracteristiccas561',812024,TO_DATE('2020-05-03', 'YYYY-MM-DD'), 137);
INSERT INTO HABITACION (ID, CAPACIDAD, TIPO, ALOJAMIENTO_ID) VALUES (561, 5, 3, 137);
INSERT INTO MENAJE (ID, DESCRIPCION, DISPONIBILIDAD, ALOJAMIENTO_ID) VALUES (561, 'descripcion561', 0, 137);
INSERT INTO SERVICIOS_ALOJAMIENTOS (ALOJAMIENTO_ID, SERVICIO_ID) VALUES (15, 48);
INSERT INTO REGLA (ID, DESCRIPCION, ALOJAMIENTO_ID) VALUES (562, 'descripcion562', 147);
INSERT INTO SEGURO (ID, CARACTERISTICAS, COSTO, VIGENCIA, ALOJAMIENTO_ID) VALUES (562, 'caracteristiccas562',588669,TO_DATE('2020-05-03', 'YYYY-MM-DD'), 147);
INSERT INTO HABITACION (ID, CAPACIDAD, TIPO, ALOJAMIENTO_ID) VALUES (562, 8, 2, 147);
INSERT INTO MENAJE (ID, DESCRIPCION, DISPONIBILIDAD, ALOJAMIENTO_ID) VALUES (562, 'descripcion562', 1, 147);
INSERT INTO SERVICIOS_ALOJAMIENTOS (ALOJAMIENTO_ID, SERVICIO_ID) VALUES (145, 9);
INSERT INTO REGLA (ID, DESCRIPCION, ALOJAMIENTO_ID) VALUES (563, 'descripcion563', 58);
INSERT INTO SEGURO (ID, CARACTERISTICAS, COSTO, VIGENCIA, ALOJAMIENTO_ID) VALUES (563, 'caracteristiccas563',582785,TO_DATE('2020-05-03', 'YYYY-MM-DD'), 58);
INSERT INTO HABITACION (ID, CAPACIDAD, TIPO, ALOJAMIENTO_ID) VALUES (563, 10, 1, 58);
INSERT INTO MENAJE (ID, DESCRIPCION, DISPONIBILIDAD, ALOJAMIENTO_ID) VALUES (563, 'descripcion563', 1, 58);
INSERT INTO SERVICIOS_ALOJAMIENTOS (ALOJAMIENTO_ID, SERVICIO_ID) VALUES (141, 13);
INSERT INTO REGLA (ID, DESCRIPCION, ALOJAMIENTO_ID) VALUES (564, 'descripcion564', 153);
INSERT INTO SEGURO (ID, CARACTERISTICAS, COSTO, VIGENCIA, ALOJAMIENTO_ID) VALUES (564, 'caracteristiccas564',743990,TO_DATE('2020-05-03', 'YYYY-MM-DD'), 153);
INSERT INTO HABITACION (ID, CAPACIDAD, TIPO, ALOJAMIENTO_ID) VALUES (564, 3, 2, 153);
INSERT INTO MENAJE (ID, DESCRIPCION, DISPONIBILIDAD, ALOJAMIENTO_ID) VALUES (564, 'descripcion564', 1, 153);
INSERT INTO SERVICIOS_ALOJAMIENTOS (ALOJAMIENTO_ID, SERVICIO_ID) VALUES (27, 38);
INSERT INTO REGLA (ID, DESCRIPCION, ALOJAMIENTO_ID) VALUES (565, 'descripcion565', 26);
INSERT INTO SEGURO (ID, CARACTERISTICAS, COSTO, VIGENCIA, ALOJAMIENTO_ID) VALUES (565, 'caracteristiccas565',351430,TO_DATE('2020-05-03', 'YYYY-MM-DD'), 26);
INSERT INTO HABITACION (ID, CAPACIDAD, TIPO, ALOJAMIENTO_ID) VALUES (565, 2, 0, 26);
INSERT INTO MENAJE (ID, DESCRIPCION, DISPONIBILIDAD, ALOJAMIENTO_ID) VALUES (565, 'descripcion565', 0, 26);
INSERT INTO SERVICIOS_ALOJAMIENTOS (ALOJAMIENTO_ID, SERVICIO_ID) VALUES (128, 5);
INSERT INTO REGLA (ID, DESCRIPCION, ALOJAMIENTO_ID) VALUES (566, 'descripcion566', 80);
INSERT INTO SEGURO (ID, CARACTERISTICAS, COSTO, VIGENCIA, ALOJAMIENTO_ID) VALUES (566, 'caracteristiccas566',545052,TO_DATE('2020-05-03', 'YYYY-MM-DD'), 80);
INSERT INTO HABITACION (ID, CAPACIDAD, TIPO, ALOJAMIENTO_ID) VALUES (566, 9, 3, 80);
INSERT INTO MENAJE (ID, DESCRIPCION, DISPONIBILIDAD, ALOJAMIENTO_ID) VALUES (566, 'descripcion566', 1, 80);
INSERT INTO SERVICIOS_ALOJAMIENTOS (ALOJAMIENTO_ID, SERVICIO_ID) VALUES (18, 40);
INSERT INTO REGLA (ID, DESCRIPCION, ALOJAMIENTO_ID) VALUES (567, 'descripcion567', 80);
INSERT INTO SEGURO (ID, CARACTERISTICAS, COSTO, VIGENCIA, ALOJAMIENTO_ID) VALUES (567, 'caracteristiccas567',479099,TO_DATE('2020-05-03', 'YYYY-MM-DD'), 80);
INSERT INTO HABITACION (ID, CAPACIDAD, TIPO, ALOJAMIENTO_ID) VALUES (567, 10, 1, 80);
INSERT INTO MENAJE (ID, DESCRIPCION, DISPONIBILIDAD, ALOJAMIENTO_ID) VALUES (567, 'descripcion567', 0, 80);
INSERT INTO SERVICIOS_ALOJAMIENTOS (ALOJAMIENTO_ID, SERVICIO_ID) VALUES (60, 8);
INSERT INTO REGLA (ID, DESCRIPCION, ALOJAMIENTO_ID) VALUES (568, 'descripcion568', 58);
INSERT INTO SEGURO (ID, CARACTERISTICAS, COSTO, VIGENCIA, ALOJAMIENTO_ID) VALUES (568, 'caracteristiccas568',594645,TO_DATE('2020-05-03', 'YYYY-MM-DD'), 58);
INSERT INTO HABITACION (ID, CAPACIDAD, TIPO, ALOJAMIENTO_ID) VALUES (568, 11, 2, 58);
INSERT INTO MENAJE (ID, DESCRIPCION, DISPONIBILIDAD, ALOJAMIENTO_ID) VALUES (568, 'descripcion568', 1, 58);
INSERT INTO SERVICIOS_ALOJAMIENTOS (ALOJAMIENTO_ID, SERVICIO_ID) VALUES (51, 14);
INSERT INTO REGLA (ID, DESCRIPCION, ALOJAMIENTO_ID) VALUES (569, 'descripcion569', 119);
INSERT INTO SEGURO (ID, CARACTERISTICAS, COSTO, VIGENCIA, ALOJAMIENTO_ID) VALUES (569, 'caracteristiccas569',593166,TO_DATE('2020-05-03', 'YYYY-MM-DD'), 119);
INSERT INTO HABITACION (ID, CAPACIDAD, TIPO, ALOJAMIENTO_ID) VALUES (569, 7, 3, 119);
INSERT INTO MENAJE (ID, DESCRIPCION, DISPONIBILIDAD, ALOJAMIENTO_ID) VALUES (569, 'descripcion569', 0, 119);
INSERT INTO SERVICIOS_ALOJAMIENTOS (ALOJAMIENTO_ID, SERVICIO_ID) VALUES (56, 11);
INSERT INTO REGLA (ID, DESCRIPCION, ALOJAMIENTO_ID) VALUES (570, 'descripcion570', 39);
INSERT INTO SEGURO (ID, CARACTERISTICAS, COSTO, VIGENCIA, ALOJAMIENTO_ID) VALUES (570, 'caracteristiccas570',933671,TO_DATE('2020-05-03', 'YYYY-MM-DD'), 39);
INSERT INTO HABITACION (ID, CAPACIDAD, TIPO, ALOJAMIENTO_ID) VALUES (570, 3, 3, 39);
INSERT INTO MENAJE (ID, DESCRIPCION, DISPONIBILIDAD, ALOJAMIENTO_ID) VALUES (570, 'descripcion570', 0, 39);
INSERT INTO SERVICIOS_ALOJAMIENTOS (ALOJAMIENTO_ID, SERVICIO_ID) VALUES (183, 32);
INSERT INTO REGLA (ID, DESCRIPCION, ALOJAMIENTO_ID) VALUES (571, 'descripcion571', 168);
INSERT INTO SEGURO (ID, CARACTERISTICAS, COSTO, VIGENCIA, ALOJAMIENTO_ID) VALUES (571, 'caracteristiccas571',260863,TO_DATE('2020-05-03', 'YYYY-MM-DD'), 168);
INSERT INTO HABITACION (ID, CAPACIDAD, TIPO, ALOJAMIENTO_ID) VALUES (571, 8, 3, 168);
INSERT INTO MENAJE (ID, DESCRIPCION, DISPONIBILIDAD, ALOJAMIENTO_ID) VALUES (571, 'descripcion571', 0, 168);
INSERT INTO SERVICIOS_ALOJAMIENTOS (ALOJAMIENTO_ID, SERVICIO_ID) VALUES (19, 36);
INSERT INTO REGLA (ID, DESCRIPCION, ALOJAMIENTO_ID) VALUES (572, 'descripcion572', 141);
INSERT INTO SEGURO (ID, CARACTERISTICAS, COSTO, VIGENCIA, ALOJAMIENTO_ID) VALUES (572, 'caracteristiccas572',212120,TO_DATE('2020-05-03', 'YYYY-MM-DD'), 141);
INSERT INTO HABITACION (ID, CAPACIDAD, TIPO, ALOJAMIENTO_ID) VALUES (572, 2, 0, 141);
INSERT INTO MENAJE (ID, DESCRIPCION, DISPONIBILIDAD, ALOJAMIENTO_ID) VALUES (572, 'descripcion572', 1, 141);
INSERT INTO SERVICIOS_ALOJAMIENTOS (ALOJAMIENTO_ID, SERVICIO_ID) VALUES (153, 31);
INSERT INTO REGLA (ID, DESCRIPCION, ALOJAMIENTO_ID) VALUES (573, 'descripcion573', 53);
INSERT INTO SEGURO (ID, CARACTERISTICAS, COSTO, VIGENCIA, ALOJAMIENTO_ID) VALUES (573, 'caracteristiccas573',983581,TO_DATE('2020-05-03', 'YYYY-MM-DD'), 53);
INSERT INTO HABITACION (ID, CAPACIDAD, TIPO, ALOJAMIENTO_ID) VALUES (573, 5, 2, 53);
INSERT INTO MENAJE (ID, DESCRIPCION, DISPONIBILIDAD, ALOJAMIENTO_ID) VALUES (573, 'descripcion573', 0, 53);
INSERT INTO SERVICIOS_ALOJAMIENTOS (ALOJAMIENTO_ID, SERVICIO_ID) VALUES (157, 22);
INSERT INTO REGLA (ID, DESCRIPCION, ALOJAMIENTO_ID) VALUES (574, 'descripcion574', 80);
INSERT INTO SEGURO (ID, CARACTERISTICAS, COSTO, VIGENCIA, ALOJAMIENTO_ID) VALUES (574, 'caracteristiccas574',701449,TO_DATE('2020-05-03', 'YYYY-MM-DD'), 80);
INSERT INTO HABITACION (ID, CAPACIDAD, TIPO, ALOJAMIENTO_ID) VALUES (574, 10, 3, 80);
INSERT INTO MENAJE (ID, DESCRIPCION, DISPONIBILIDAD, ALOJAMIENTO_ID) VALUES (574, 'descripcion574', 1, 80);
INSERT INTO SERVICIOS_ALOJAMIENTOS (ALOJAMIENTO_ID, SERVICIO_ID) VALUES (170, 12);
INSERT INTO REGLA (ID, DESCRIPCION, ALOJAMIENTO_ID) VALUES (575, 'descripcion575', 11);
INSERT INTO SEGURO (ID, CARACTERISTICAS, COSTO, VIGENCIA, ALOJAMIENTO_ID) VALUES (575, 'caracteristiccas575',723956,TO_DATE('2020-05-03', 'YYYY-MM-DD'), 11);
INSERT INTO HABITACION (ID, CAPACIDAD, TIPO, ALOJAMIENTO_ID) VALUES (575, 3, 3, 11);
INSERT INTO MENAJE (ID, DESCRIPCION, DISPONIBILIDAD, ALOJAMIENTO_ID) VALUES (575, 'descripcion575', 0, 11);
INSERT INTO SERVICIOS_ALOJAMIENTOS (ALOJAMIENTO_ID, SERVICIO_ID) VALUES (6, 49);
INSERT INTO REGLA (ID, DESCRIPCION, ALOJAMIENTO_ID) VALUES (576, 'descripcion576', 171);
INSERT INTO SEGURO (ID, CARACTERISTICAS, COSTO, VIGENCIA, ALOJAMIENTO_ID) VALUES (576, 'caracteristiccas576',634169,TO_DATE('2020-05-03', 'YYYY-MM-DD'), 171);
INSERT INTO HABITACION (ID, CAPACIDAD, TIPO, ALOJAMIENTO_ID) VALUES (576, 5, 0, 171);
INSERT INTO MENAJE (ID, DESCRIPCION, DISPONIBILIDAD, ALOJAMIENTO_ID) VALUES (576, 'descripcion576', 0, 171);
INSERT INTO SERVICIOS_ALOJAMIENTOS (ALOJAMIENTO_ID, SERVICIO_ID) VALUES (184, 21);
INSERT INTO REGLA (ID, DESCRIPCION, ALOJAMIENTO_ID) VALUES (577, 'descripcion577', 76);
INSERT INTO SEGURO (ID, CARACTERISTICAS, COSTO, VIGENCIA, ALOJAMIENTO_ID) VALUES (577, 'caracteristiccas577',675491,TO_DATE('2020-05-03', 'YYYY-MM-DD'), 76);
INSERT INTO HABITACION (ID, CAPACIDAD, TIPO, ALOJAMIENTO_ID) VALUES (577, 10, 3, 76);
INSERT INTO MENAJE (ID, DESCRIPCION, DISPONIBILIDAD, ALOJAMIENTO_ID) VALUES (577, 'descripcion577', 1, 76);
INSERT INTO SERVICIOS_ALOJAMIENTOS (ALOJAMIENTO_ID, SERVICIO_ID) VALUES (143, 7);
INSERT INTO REGLA (ID, DESCRIPCION, ALOJAMIENTO_ID) VALUES (578, 'descripcion578', 9);
INSERT INTO SEGURO (ID, CARACTERISTICAS, COSTO, VIGENCIA, ALOJAMIENTO_ID) VALUES (578, 'caracteristiccas578',426414,TO_DATE('2020-05-03', 'YYYY-MM-DD'), 9);
INSERT INTO HABITACION (ID, CAPACIDAD, TIPO, ALOJAMIENTO_ID) VALUES (578, 6, 2, 9);
INSERT INTO MENAJE (ID, DESCRIPCION, DISPONIBILIDAD, ALOJAMIENTO_ID) VALUES (578, 'descripcion578', 0, 9);
INSERT INTO SERVICIOS_ALOJAMIENTOS (ALOJAMIENTO_ID, SERVICIO_ID) VALUES (60, 0);
INSERT INTO REGLA (ID, DESCRIPCION, ALOJAMIENTO_ID) VALUES (579, 'descripcion579', 19);
INSERT INTO SEGURO (ID, CARACTERISTICAS, COSTO, VIGENCIA, ALOJAMIENTO_ID) VALUES (579, 'caracteristiccas579',61129,TO_DATE('2020-05-03', 'YYYY-MM-DD'), 19);
INSERT INTO HABITACION (ID, CAPACIDAD, TIPO, ALOJAMIENTO_ID) VALUES (579, 4, 3, 19);
INSERT INTO MENAJE (ID, DESCRIPCION, DISPONIBILIDAD, ALOJAMIENTO_ID) VALUES (579, 'descripcion579', 0, 19);
INSERT INTO SERVICIOS_ALOJAMIENTOS (ALOJAMIENTO_ID, SERVICIO_ID) VALUES (81, 17);
INSERT INTO REGLA (ID, DESCRIPCION, ALOJAMIENTO_ID) VALUES (580, 'descripcion580', 28);
INSERT INTO SEGURO (ID, CARACTERISTICAS, COSTO, VIGENCIA, ALOJAMIENTO_ID) VALUES (580, 'caracteristiccas580',110194,TO_DATE('2020-05-03', 'YYYY-MM-DD'), 28);
INSERT INTO HABITACION (ID, CAPACIDAD, TIPO, ALOJAMIENTO_ID) VALUES (580, 6, 2, 28);
INSERT INTO MENAJE (ID, DESCRIPCION, DISPONIBILIDAD, ALOJAMIENTO_ID) VALUES (580, 'descripcion580', 0, 28);
INSERT INTO SERVICIOS_ALOJAMIENTOS (ALOJAMIENTO_ID, SERVICIO_ID) VALUES (150, 26);
INSERT INTO REGLA (ID, DESCRIPCION, ALOJAMIENTO_ID) VALUES (581, 'descripcion581', 100);
INSERT INTO SEGURO (ID, CARACTERISTICAS, COSTO, VIGENCIA, ALOJAMIENTO_ID) VALUES (581, 'caracteristiccas581',36869,TO_DATE('2020-05-03', 'YYYY-MM-DD'), 100);
INSERT INTO HABITACION (ID, CAPACIDAD, TIPO, ALOJAMIENTO_ID) VALUES (581, 9, 0, 100);
INSERT INTO MENAJE (ID, DESCRIPCION, DISPONIBILIDAD, ALOJAMIENTO_ID) VALUES (581, 'descripcion581', 1, 100);
INSERT INTO SERVICIOS_ALOJAMIENTOS (ALOJAMIENTO_ID, SERVICIO_ID) VALUES (163, 33);
INSERT INTO REGLA (ID, DESCRIPCION, ALOJAMIENTO_ID) VALUES (582, 'descripcion582', 180);
INSERT INTO SEGURO (ID, CARACTERISTICAS, COSTO, VIGENCIA, ALOJAMIENTO_ID) VALUES (582, 'caracteristiccas582',55791,TO_DATE('2020-05-03', 'YYYY-MM-DD'), 180);
INSERT INTO HABITACION (ID, CAPACIDAD, TIPO, ALOJAMIENTO_ID) VALUES (582, 11, 2, 180);
INSERT INTO MENAJE (ID, DESCRIPCION, DISPONIBILIDAD, ALOJAMIENTO_ID) VALUES (582, 'descripcion582', 0, 180);
INSERT INTO SERVICIOS_ALOJAMIENTOS (ALOJAMIENTO_ID, SERVICIO_ID) VALUES (36, 32);
INSERT INTO REGLA (ID, DESCRIPCION, ALOJAMIENTO_ID) VALUES (583, 'descripcion583', 143);
INSERT INTO SEGURO (ID, CARACTERISTICAS, COSTO, VIGENCIA, ALOJAMIENTO_ID) VALUES (583, 'caracteristiccas583',359369,TO_DATE('2020-05-03', 'YYYY-MM-DD'), 143);
INSERT INTO HABITACION (ID, CAPACIDAD, TIPO, ALOJAMIENTO_ID) VALUES (583, 6, 1, 143);
INSERT INTO MENAJE (ID, DESCRIPCION, DISPONIBILIDAD, ALOJAMIENTO_ID) VALUES (583, 'descripcion583', 0, 143);
INSERT INTO SERVICIOS_ALOJAMIENTOS (ALOJAMIENTO_ID, SERVICIO_ID) VALUES (62, 11);
INSERT INTO REGLA (ID, DESCRIPCION, ALOJAMIENTO_ID) VALUES (584, 'descripcion584', 55);
INSERT INTO SEGURO (ID, CARACTERISTICAS, COSTO, VIGENCIA, ALOJAMIENTO_ID) VALUES (584, 'caracteristiccas584',907656,TO_DATE('2020-05-03', 'YYYY-MM-DD'), 55);
INSERT INTO HABITACION (ID, CAPACIDAD, TIPO, ALOJAMIENTO_ID) VALUES (584, 10, 2, 55);
INSERT INTO MENAJE (ID, DESCRIPCION, DISPONIBILIDAD, ALOJAMIENTO_ID) VALUES (584, 'descripcion584', 1, 55);
INSERT INTO SERVICIOS_ALOJAMIENTOS (ALOJAMIENTO_ID, SERVICIO_ID) VALUES (156, 22);
INSERT INTO REGLA (ID, DESCRIPCION, ALOJAMIENTO_ID) VALUES (585, 'descripcion585', 119);
INSERT INTO SEGURO (ID, CARACTERISTICAS, COSTO, VIGENCIA, ALOJAMIENTO_ID) VALUES (585, 'caracteristiccas585',103405,TO_DATE('2020-05-03', 'YYYY-MM-DD'), 119);
INSERT INTO HABITACION (ID, CAPACIDAD, TIPO, ALOJAMIENTO_ID) VALUES (585, 10, 3, 119);
INSERT INTO MENAJE (ID, DESCRIPCION, DISPONIBILIDAD, ALOJAMIENTO_ID) VALUES (585, 'descripcion585', 1, 119);
INSERT INTO SERVICIOS_ALOJAMIENTOS (ALOJAMIENTO_ID, SERVICIO_ID) VALUES (23, 37);
INSERT INTO REGLA (ID, DESCRIPCION, ALOJAMIENTO_ID) VALUES (586, 'descripcion586', 130);
INSERT INTO SEGURO (ID, CARACTERISTICAS, COSTO, VIGENCIA, ALOJAMIENTO_ID) VALUES (586, 'caracteristiccas586',584675,TO_DATE('2020-05-03', 'YYYY-MM-DD'), 130);
INSERT INTO HABITACION (ID, CAPACIDAD, TIPO, ALOJAMIENTO_ID) VALUES (586, 10, 0, 130);
INSERT INTO MENAJE (ID, DESCRIPCION, DISPONIBILIDAD, ALOJAMIENTO_ID) VALUES (586, 'descripcion586', 0, 130);
INSERT INTO SERVICIOS_ALOJAMIENTOS (ALOJAMIENTO_ID, SERVICIO_ID) VALUES (187, 19);
INSERT INTO REGLA (ID, DESCRIPCION, ALOJAMIENTO_ID) VALUES (587, 'descripcion587', 21);
INSERT INTO SEGURO (ID, CARACTERISTICAS, COSTO, VIGENCIA, ALOJAMIENTO_ID) VALUES (587, 'caracteristiccas587',31157,TO_DATE('2020-05-03', 'YYYY-MM-DD'), 21);
INSERT INTO HABITACION (ID, CAPACIDAD, TIPO, ALOJAMIENTO_ID) VALUES (587, 5, 1, 21);
INSERT INTO MENAJE (ID, DESCRIPCION, DISPONIBILIDAD, ALOJAMIENTO_ID) VALUES (587, 'descripcion587', 0, 21);
INSERT INTO SERVICIOS_ALOJAMIENTOS (ALOJAMIENTO_ID, SERVICIO_ID) VALUES (137, 36);
INSERT INTO REGLA (ID, DESCRIPCION, ALOJAMIENTO_ID) VALUES (588, 'descripcion588', 169);
INSERT INTO SEGURO (ID, CARACTERISTICAS, COSTO, VIGENCIA, ALOJAMIENTO_ID) VALUES (588, 'caracteristiccas588',99024,TO_DATE('2020-05-03', 'YYYY-MM-DD'), 169);
INSERT INTO HABITACION (ID, CAPACIDAD, TIPO, ALOJAMIENTO_ID) VALUES (588, 11, 1, 169);
INSERT INTO MENAJE (ID, DESCRIPCION, DISPONIBILIDAD, ALOJAMIENTO_ID) VALUES (588, 'descripcion588', 1, 169);
INSERT INTO SERVICIOS_ALOJAMIENTOS (ALOJAMIENTO_ID, SERVICIO_ID) VALUES (37, 25);
INSERT INTO REGLA (ID, DESCRIPCION, ALOJAMIENTO_ID) VALUES (589, 'descripcion589', 150);
INSERT INTO SEGURO (ID, CARACTERISTICAS, COSTO, VIGENCIA, ALOJAMIENTO_ID) VALUES (589, 'caracteristiccas589',24562,TO_DATE('2020-05-03', 'YYYY-MM-DD'), 150);
INSERT INTO HABITACION (ID, CAPACIDAD, TIPO, ALOJAMIENTO_ID) VALUES (589, 1, 2, 150);
INSERT INTO MENAJE (ID, DESCRIPCION, DISPONIBILIDAD, ALOJAMIENTO_ID) VALUES (589, 'descripcion589', 0, 150);
INSERT INTO SERVICIOS_ALOJAMIENTOS (ALOJAMIENTO_ID, SERVICIO_ID) VALUES (79, 19);
INSERT INTO REGLA (ID, DESCRIPCION, ALOJAMIENTO_ID) VALUES (590, 'descripcion590', 78);
INSERT INTO SEGURO (ID, CARACTERISTICAS, COSTO, VIGENCIA, ALOJAMIENTO_ID) VALUES (590, 'caracteristiccas590',675809,TO_DATE('2020-05-03', 'YYYY-MM-DD'), 78);
INSERT INTO HABITACION (ID, CAPACIDAD, TIPO, ALOJAMIENTO_ID) VALUES (590, 10, 2, 78);
INSERT INTO MENAJE (ID, DESCRIPCION, DISPONIBILIDAD, ALOJAMIENTO_ID) VALUES (590, 'descripcion590', 0, 78);
INSERT INTO SERVICIOS_ALOJAMIENTOS (ALOJAMIENTO_ID, SERVICIO_ID) VALUES (182, 12);
INSERT INTO REGLA (ID, DESCRIPCION, ALOJAMIENTO_ID) VALUES (591, 'descripcion591', 126);
INSERT INTO SEGURO (ID, CARACTERISTICAS, COSTO, VIGENCIA, ALOJAMIENTO_ID) VALUES (591, 'caracteristiccas591',258978,TO_DATE('2020-05-03', 'YYYY-MM-DD'), 126);
INSERT INTO HABITACION (ID, CAPACIDAD, TIPO, ALOJAMIENTO_ID) VALUES (591, 1, 2, 126);
INSERT INTO MENAJE (ID, DESCRIPCION, DISPONIBILIDAD, ALOJAMIENTO_ID) VALUES (591, 'descripcion591', 0, 126);
INSERT INTO SERVICIOS_ALOJAMIENTOS (ALOJAMIENTO_ID, SERVICIO_ID) VALUES (114, 29);
INSERT INTO REGLA (ID, DESCRIPCION, ALOJAMIENTO_ID) VALUES (592, 'descripcion592', 153);
INSERT INTO SEGURO (ID, CARACTERISTICAS, COSTO, VIGENCIA, ALOJAMIENTO_ID) VALUES (592, 'caracteristiccas592',378005,TO_DATE('2020-05-03', 'YYYY-MM-DD'), 153);
INSERT INTO HABITACION (ID, CAPACIDAD, TIPO, ALOJAMIENTO_ID) VALUES (592, 10, 0, 153);
INSERT INTO MENAJE (ID, DESCRIPCION, DISPONIBILIDAD, ALOJAMIENTO_ID) VALUES (592, 'descripcion592', 0, 153);
INSERT INTO SERVICIOS_ALOJAMIENTOS (ALOJAMIENTO_ID, SERVICIO_ID) VALUES (60, 34);
INSERT INTO REGLA (ID, DESCRIPCION, ALOJAMIENTO_ID) VALUES (593, 'descripcion593', 31);
INSERT INTO SEGURO (ID, CARACTERISTICAS, COSTO, VIGENCIA, ALOJAMIENTO_ID) VALUES (593, 'caracteristiccas593',753376,TO_DATE('2020-05-03', 'YYYY-MM-DD'), 31);
INSERT INTO HABITACION (ID, CAPACIDAD, TIPO, ALOJAMIENTO_ID) VALUES (593, 6, 1, 31);
INSERT INTO MENAJE (ID, DESCRIPCION, DISPONIBILIDAD, ALOJAMIENTO_ID) VALUES (593, 'descripcion593', 1, 31);
INSERT INTO SERVICIOS_ALOJAMIENTOS (ALOJAMIENTO_ID, SERVICIO_ID) VALUES (139, 42);
INSERT INTO REGLA (ID, DESCRIPCION, ALOJAMIENTO_ID) VALUES (594, 'descripcion594', 25);
INSERT INTO SEGURO (ID, CARACTERISTICAS, COSTO, VIGENCIA, ALOJAMIENTO_ID) VALUES (594, 'caracteristiccas594',116119,TO_DATE('2020-05-03', 'YYYY-MM-DD'), 25);
INSERT INTO HABITACION (ID, CAPACIDAD, TIPO, ALOJAMIENTO_ID) VALUES (594, 6, 3, 25);
INSERT INTO MENAJE (ID, DESCRIPCION, DISPONIBILIDAD, ALOJAMIENTO_ID) VALUES (594, 'descripcion594', 1, 25);
INSERT INTO SERVICIOS_ALOJAMIENTOS (ALOJAMIENTO_ID, SERVICIO_ID) VALUES (83, 38);
INSERT INTO REGLA (ID, DESCRIPCION, ALOJAMIENTO_ID) VALUES (595, 'descripcion595', 107);
INSERT INTO SEGURO (ID, CARACTERISTICAS, COSTO, VIGENCIA, ALOJAMIENTO_ID) VALUES (595, 'caracteristiccas595',985987,TO_DATE('2020-05-03', 'YYYY-MM-DD'), 107);
INSERT INTO HABITACION (ID, CAPACIDAD, TIPO, ALOJAMIENTO_ID) VALUES (595, 9, 0, 107);
INSERT INTO MENAJE (ID, DESCRIPCION, DISPONIBILIDAD, ALOJAMIENTO_ID) VALUES (595, 'descripcion595', 1, 107);
INSERT INTO SERVICIOS_ALOJAMIENTOS (ALOJAMIENTO_ID, SERVICIO_ID) VALUES (141, 25);
INSERT INTO REGLA (ID, DESCRIPCION, ALOJAMIENTO_ID) VALUES (596, 'descripcion596', 155);
INSERT INTO SEGURO (ID, CARACTERISTICAS, COSTO, VIGENCIA, ALOJAMIENTO_ID) VALUES (596, 'caracteristiccas596',387000,TO_DATE('2020-05-03', 'YYYY-MM-DD'), 155);
INSERT INTO HABITACION (ID, CAPACIDAD, TIPO, ALOJAMIENTO_ID) VALUES (596, 11, 0, 155);
INSERT INTO MENAJE (ID, DESCRIPCION, DISPONIBILIDAD, ALOJAMIENTO_ID) VALUES (596, 'descripcion596', 0, 155);
INSERT INTO SERVICIOS_ALOJAMIENTOS (ALOJAMIENTO_ID, SERVICIO_ID) VALUES (138, 38);
INSERT INTO REGLA (ID, DESCRIPCION, ALOJAMIENTO_ID) VALUES (597, 'descripcion597', 10);
INSERT INTO SEGURO (ID, CARACTERISTICAS, COSTO, VIGENCIA, ALOJAMIENTO_ID) VALUES (597, 'caracteristiccas597',870861,TO_DATE('2020-05-03', 'YYYY-MM-DD'), 10);
INSERT INTO HABITACION (ID, CAPACIDAD, TIPO, ALOJAMIENTO_ID) VALUES (597, 8, 1, 10);
INSERT INTO MENAJE (ID, DESCRIPCION, DISPONIBILIDAD, ALOJAMIENTO_ID) VALUES (597, 'descripcion597', 0, 10);
INSERT INTO SERVICIOS_ALOJAMIENTOS (ALOJAMIENTO_ID, SERVICIO_ID) VALUES (187, 47);
INSERT INTO REGLA (ID, DESCRIPCION, ALOJAMIENTO_ID) VALUES (598, 'descripcion598', 108);
INSERT INTO SEGURO (ID, CARACTERISTICAS, COSTO, VIGENCIA, ALOJAMIENTO_ID) VALUES (598, 'caracteristiccas598',132102,TO_DATE('2020-05-03', 'YYYY-MM-DD'), 108);
INSERT INTO HABITACION (ID, CAPACIDAD, TIPO, ALOJAMIENTO_ID) VALUES (598, 1, 1, 108);
INSERT INTO MENAJE (ID, DESCRIPCION, DISPONIBILIDAD, ALOJAMIENTO_ID) VALUES (598, 'descripcion598', 1, 108);
INSERT INTO SERVICIOS_ALOJAMIENTOS (ALOJAMIENTO_ID, SERVICIO_ID) VALUES (91, 7);
INSERT INTO REGLA (ID, DESCRIPCION, ALOJAMIENTO_ID) VALUES (599, 'descripcion599', 38);
INSERT INTO SEGURO (ID, CARACTERISTICAS, COSTO, VIGENCIA, ALOJAMIENTO_ID) VALUES (599, 'caracteristiccas599',765772,TO_DATE('2020-05-03', 'YYYY-MM-DD'), 38);
INSERT INTO HABITACION (ID, CAPACIDAD, TIPO, ALOJAMIENTO_ID) VALUES (599, 1, 0, 38);
INSERT INTO MENAJE (ID, DESCRIPCION, DISPONIBILIDAD, ALOJAMIENTO_ID) VALUES (599, 'descripcion599', 0, 38);
INSERT INTO SERVICIOS_ALOJAMIENTOS (ALOJAMIENTO_ID, SERVICIO_ID) VALUES (90, 45);
INSERT INTO REGLA (ID, DESCRIPCION, ALOJAMIENTO_ID) VALUES (600, 'descripcion600', 174);
INSERT INTO SEGURO (ID, CARACTERISTICAS, COSTO, VIGENCIA, ALOJAMIENTO_ID) VALUES (600, 'caracteristiccas600',28033,TO_DATE('2020-05-03', 'YYYY-MM-DD'), 174);
INSERT INTO HABITACION (ID, CAPACIDAD, TIPO, ALOJAMIENTO_ID) VALUES (600, 4, 1, 174);
INSERT INTO MENAJE (ID, DESCRIPCION, DISPONIBILIDAD, ALOJAMIENTO_ID) VALUES (600, 'descripcion600', 0, 174);
INSERT INTO SERVICIOS_ALOJAMIENTOS (ALOJAMIENTO_ID, SERVICIO_ID) VALUES (84, 25);
INSERT INTO REGLA (ID, DESCRIPCION, ALOJAMIENTO_ID) VALUES (601, 'descripcion601', 24);
INSERT INTO SEGURO (ID, CARACTERISTICAS, COSTO, VIGENCIA, ALOJAMIENTO_ID) VALUES (601, 'caracteristiccas601',23037,TO_DATE('2020-05-03', 'YYYY-MM-DD'), 24);
INSERT INTO HABITACION (ID, CAPACIDAD, TIPO, ALOJAMIENTO_ID) VALUES (601, 4, 3, 24);
INSERT INTO MENAJE (ID, DESCRIPCION, DISPONIBILIDAD, ALOJAMIENTO_ID) VALUES (601, 'descripcion601', 1, 24);
INSERT INTO SERVICIOS_ALOJAMIENTOS (ALOJAMIENTO_ID, SERVICIO_ID) VALUES (157, 21);
INSERT INTO REGLA (ID, DESCRIPCION, ALOJAMIENTO_ID) VALUES (602, 'descripcion602', 180);
INSERT INTO SEGURO (ID, CARACTERISTICAS, COSTO, VIGENCIA, ALOJAMIENTO_ID) VALUES (602, 'caracteristiccas602',945455,TO_DATE('2020-05-03', 'YYYY-MM-DD'), 180);
INSERT INTO HABITACION (ID, CAPACIDAD, TIPO, ALOJAMIENTO_ID) VALUES (602, 11, 0, 180);
INSERT INTO MENAJE (ID, DESCRIPCION, DISPONIBILIDAD, ALOJAMIENTO_ID) VALUES (602, 'descripcion602', 1, 180);
INSERT INTO SERVICIOS_ALOJAMIENTOS (ALOJAMIENTO_ID, SERVICIO_ID) VALUES (32, 2);
INSERT INTO REGLA (ID, DESCRIPCION, ALOJAMIENTO_ID) VALUES (603, 'descripcion603', 172);
INSERT INTO SEGURO (ID, CARACTERISTICAS, COSTO, VIGENCIA, ALOJAMIENTO_ID) VALUES (603, 'caracteristiccas603',11698,TO_DATE('2020-05-03', 'YYYY-MM-DD'), 172);
INSERT INTO HABITACION (ID, CAPACIDAD, TIPO, ALOJAMIENTO_ID) VALUES (603, 1, 0, 172);
INSERT INTO MENAJE (ID, DESCRIPCION, DISPONIBILIDAD, ALOJAMIENTO_ID) VALUES (603, 'descripcion603', 1, 172);
INSERT INTO SERVICIOS_ALOJAMIENTOS (ALOJAMIENTO_ID, SERVICIO_ID) VALUES (124, 5);
INSERT INTO REGLA (ID, DESCRIPCION, ALOJAMIENTO_ID) VALUES (604, 'descripcion604', 163);
INSERT INTO SEGURO (ID, CARACTERISTICAS, COSTO, VIGENCIA, ALOJAMIENTO_ID) VALUES (604, 'caracteristiccas604',777299,TO_DATE('2020-05-03', 'YYYY-MM-DD'), 163);
INSERT INTO HABITACION (ID, CAPACIDAD, TIPO, ALOJAMIENTO_ID) VALUES (604, 10, 2, 163);
INSERT INTO MENAJE (ID, DESCRIPCION, DISPONIBILIDAD, ALOJAMIENTO_ID) VALUES (604, 'descripcion604', 0, 163);
INSERT INTO SERVICIOS_ALOJAMIENTOS (ALOJAMIENTO_ID, SERVICIO_ID) VALUES (75, 19);
INSERT INTO REGLA (ID, DESCRIPCION, ALOJAMIENTO_ID) VALUES (605, 'descripcion605', 139);
INSERT INTO SEGURO (ID, CARACTERISTICAS, COSTO, VIGENCIA, ALOJAMIENTO_ID) VALUES (605, 'caracteristiccas605',273028,TO_DATE('2020-05-03', 'YYYY-MM-DD'), 139);
INSERT INTO HABITACION (ID, CAPACIDAD, TIPO, ALOJAMIENTO_ID) VALUES (605, 4, 2, 139);
INSERT INTO MENAJE (ID, DESCRIPCION, DISPONIBILIDAD, ALOJAMIENTO_ID) VALUES (605, 'descripcion605', 1, 139);
INSERT INTO SERVICIOS_ALOJAMIENTOS (ALOJAMIENTO_ID, SERVICIO_ID) VALUES (51, 45);
INSERT INTO REGLA (ID, DESCRIPCION, ALOJAMIENTO_ID) VALUES (606, 'descripcion606', 118);
INSERT INTO SEGURO (ID, CARACTERISTICAS, COSTO, VIGENCIA, ALOJAMIENTO_ID) VALUES (606, 'caracteristiccas606',197093,TO_DATE('2020-05-03', 'YYYY-MM-DD'), 118);
INSERT INTO HABITACION (ID, CAPACIDAD, TIPO, ALOJAMIENTO_ID) VALUES (606, 11, 3, 118);
INSERT INTO MENAJE (ID, DESCRIPCION, DISPONIBILIDAD, ALOJAMIENTO_ID) VALUES (606, 'descripcion606', 0, 118);
INSERT INTO SERVICIOS_ALOJAMIENTOS (ALOJAMIENTO_ID, SERVICIO_ID) VALUES (126, 46);
INSERT INTO REGLA (ID, DESCRIPCION, ALOJAMIENTO_ID) VALUES (607, 'descripcion607', 162);
INSERT INTO SEGURO (ID, CARACTERISTICAS, COSTO, VIGENCIA, ALOJAMIENTO_ID) VALUES (607, 'caracteristiccas607',982483,TO_DATE('2020-05-03', 'YYYY-MM-DD'), 162);
INSERT INTO HABITACION (ID, CAPACIDAD, TIPO, ALOJAMIENTO_ID) VALUES (607, 3, 1, 162);
INSERT INTO MENAJE (ID, DESCRIPCION, DISPONIBILIDAD, ALOJAMIENTO_ID) VALUES (607, 'descripcion607', 0, 162);
INSERT INTO SERVICIOS_ALOJAMIENTOS (ALOJAMIENTO_ID, SERVICIO_ID) VALUES (21, 37);
INSERT INTO REGLA (ID, DESCRIPCION, ALOJAMIENTO_ID) VALUES (608, 'descripcion608', 82);
INSERT INTO SEGURO (ID, CARACTERISTICAS, COSTO, VIGENCIA, ALOJAMIENTO_ID) VALUES (608, 'caracteristiccas608',206611,TO_DATE('2020-05-03', 'YYYY-MM-DD'), 82);
INSERT INTO HABITACION (ID, CAPACIDAD, TIPO, ALOJAMIENTO_ID) VALUES (608, 8, 3, 82);
INSERT INTO MENAJE (ID, DESCRIPCION, DISPONIBILIDAD, ALOJAMIENTO_ID) VALUES (608, 'descripcion608', 0, 82);
INSERT INTO SERVICIOS_ALOJAMIENTOS (ALOJAMIENTO_ID, SERVICIO_ID) VALUES (47, 14);
INSERT INTO REGLA (ID, DESCRIPCION, ALOJAMIENTO_ID) VALUES (609, 'descripcion609', 67);
INSERT INTO SEGURO (ID, CARACTERISTICAS, COSTO, VIGENCIA, ALOJAMIENTO_ID) VALUES (609, 'caracteristiccas609',681144,TO_DATE('2020-05-03', 'YYYY-MM-DD'), 67);
INSERT INTO HABITACION (ID, CAPACIDAD, TIPO, ALOJAMIENTO_ID) VALUES (609, 2, 1, 67);
INSERT INTO MENAJE (ID, DESCRIPCION, DISPONIBILIDAD, ALOJAMIENTO_ID) VALUES (609, 'descripcion609', 1, 67);
INSERT INTO SERVICIOS_ALOJAMIENTOS (ALOJAMIENTO_ID, SERVICIO_ID) VALUES (157, 48);
INSERT INTO REGLA (ID, DESCRIPCION, ALOJAMIENTO_ID) VALUES (610, 'descripcion610', 101);
INSERT INTO SEGURO (ID, CARACTERISTICAS, COSTO, VIGENCIA, ALOJAMIENTO_ID) VALUES (610, 'caracteristiccas610',922438,TO_DATE('2020-05-03', 'YYYY-MM-DD'), 101);
INSERT INTO HABITACION (ID, CAPACIDAD, TIPO, ALOJAMIENTO_ID) VALUES (610, 1, 2, 101);
INSERT INTO MENAJE (ID, DESCRIPCION, DISPONIBILIDAD, ALOJAMIENTO_ID) VALUES (610, 'descripcion610', 1, 101);
INSERT INTO SERVICIOS_ALOJAMIENTOS (ALOJAMIENTO_ID, SERVICIO_ID) VALUES (95, 38);
INSERT INTO REGLA (ID, DESCRIPCION, ALOJAMIENTO_ID) VALUES (611, 'descripcion611', 136);
INSERT INTO SEGURO (ID, CARACTERISTICAS, COSTO, VIGENCIA, ALOJAMIENTO_ID) VALUES (611, 'caracteristiccas611',644805,TO_DATE('2020-05-03', 'YYYY-MM-DD'), 136);
INSERT INTO HABITACION (ID, CAPACIDAD, TIPO, ALOJAMIENTO_ID) VALUES (611, 1, 2, 136);
INSERT INTO MENAJE (ID, DESCRIPCION, DISPONIBILIDAD, ALOJAMIENTO_ID) VALUES (611, 'descripcion611', 1, 136);
INSERT INTO SERVICIOS_ALOJAMIENTOS (ALOJAMIENTO_ID, SERVICIO_ID) VALUES (29, 21);
INSERT INTO REGLA (ID, DESCRIPCION, ALOJAMIENTO_ID) VALUES (612, 'descripcion612', 73);
INSERT INTO SEGURO (ID, CARACTERISTICAS, COSTO, VIGENCIA, ALOJAMIENTO_ID) VALUES (612, 'caracteristiccas612',604800,TO_DATE('2020-05-03', 'YYYY-MM-DD'), 73);
INSERT INTO HABITACION (ID, CAPACIDAD, TIPO, ALOJAMIENTO_ID) VALUES (612, 3, 3, 73);
INSERT INTO MENAJE (ID, DESCRIPCION, DISPONIBILIDAD, ALOJAMIENTO_ID) VALUES (612, 'descripcion612', 0, 73);
INSERT INTO SERVICIOS_ALOJAMIENTOS (ALOJAMIENTO_ID, SERVICIO_ID) VALUES (25, 5);
INSERT INTO REGLA (ID, DESCRIPCION, ALOJAMIENTO_ID) VALUES (613, 'descripcion613', 8);
INSERT INTO SEGURO (ID, CARACTERISTICAS, COSTO, VIGENCIA, ALOJAMIENTO_ID) VALUES (613, 'caracteristiccas613',887424,TO_DATE('2020-05-03', 'YYYY-MM-DD'), 8);
INSERT INTO HABITACION (ID, CAPACIDAD, TIPO, ALOJAMIENTO_ID) VALUES (613, 5, 1, 8);
INSERT INTO MENAJE (ID, DESCRIPCION, DISPONIBILIDAD, ALOJAMIENTO_ID) VALUES (613, 'descripcion613', 0, 8);
INSERT INTO SERVICIOS_ALOJAMIENTOS (ALOJAMIENTO_ID, SERVICIO_ID) VALUES (77, 22);
INSERT INTO REGLA (ID, DESCRIPCION, ALOJAMIENTO_ID) VALUES (614, 'descripcion614', 58);
INSERT INTO SEGURO (ID, CARACTERISTICAS, COSTO, VIGENCIA, ALOJAMIENTO_ID) VALUES (614, 'caracteristiccas614',168307,TO_DATE('2020-05-03', 'YYYY-MM-DD'), 58);
INSERT INTO HABITACION (ID, CAPACIDAD, TIPO, ALOJAMIENTO_ID) VALUES (614, 6, 0, 58);
INSERT INTO MENAJE (ID, DESCRIPCION, DISPONIBILIDAD, ALOJAMIENTO_ID) VALUES (614, 'descripcion614', 0, 58);
INSERT INTO SERVICIOS_ALOJAMIENTOS (ALOJAMIENTO_ID, SERVICIO_ID) VALUES (151, 14);
INSERT INTO REGLA (ID, DESCRIPCION, ALOJAMIENTO_ID) VALUES (615, 'descripcion615', 88);
INSERT INTO SEGURO (ID, CARACTERISTICAS, COSTO, VIGENCIA, ALOJAMIENTO_ID) VALUES (615, 'caracteristiccas615',959767,TO_DATE('2020-05-03', 'YYYY-MM-DD'), 88);
INSERT INTO HABITACION (ID, CAPACIDAD, TIPO, ALOJAMIENTO_ID) VALUES (615, 10, 2, 88);
INSERT INTO MENAJE (ID, DESCRIPCION, DISPONIBILIDAD, ALOJAMIENTO_ID) VALUES (615, 'descripcion615', 1, 88);
INSERT INTO SERVICIOS_ALOJAMIENTOS (ALOJAMIENTO_ID, SERVICIO_ID) VALUES (91, 25);
INSERT INTO REGLA (ID, DESCRIPCION, ALOJAMIENTO_ID) VALUES (616, 'descripcion616', 153);
INSERT INTO SEGURO (ID, CARACTERISTICAS, COSTO, VIGENCIA, ALOJAMIENTO_ID) VALUES (616, 'caracteristiccas616',944449,TO_DATE('2020-05-03', 'YYYY-MM-DD'), 153);
INSERT INTO HABITACION (ID, CAPACIDAD, TIPO, ALOJAMIENTO_ID) VALUES (616, 11, 1, 153);
INSERT INTO MENAJE (ID, DESCRIPCION, DISPONIBILIDAD, ALOJAMIENTO_ID) VALUES (616, 'descripcion616', 0, 153);
INSERT INTO SERVICIOS_ALOJAMIENTOS (ALOJAMIENTO_ID, SERVICIO_ID) VALUES (111, 17);
INSERT INTO REGLA (ID, DESCRIPCION, ALOJAMIENTO_ID) VALUES (617, 'descripcion617', 19);
INSERT INTO SEGURO (ID, CARACTERISTICAS, COSTO, VIGENCIA, ALOJAMIENTO_ID) VALUES (617, 'caracteristiccas617',351130,TO_DATE('2020-05-03', 'YYYY-MM-DD'), 19);
INSERT INTO HABITACION (ID, CAPACIDAD, TIPO, ALOJAMIENTO_ID) VALUES (617, 10, 2, 19);
INSERT INTO MENAJE (ID, DESCRIPCION, DISPONIBILIDAD, ALOJAMIENTO_ID) VALUES (617, 'descripcion617', 0, 19);
INSERT INTO SERVICIOS_ALOJAMIENTOS (ALOJAMIENTO_ID, SERVICIO_ID) VALUES (170, 21);
INSERT INTO REGLA (ID, DESCRIPCION, ALOJAMIENTO_ID) VALUES (618, 'descripcion618', 143);
INSERT INTO SEGURO (ID, CARACTERISTICAS, COSTO, VIGENCIA, ALOJAMIENTO_ID) VALUES (618, 'caracteristiccas618',412273,TO_DATE('2020-05-03', 'YYYY-MM-DD'), 143);
INSERT INTO HABITACION (ID, CAPACIDAD, TIPO, ALOJAMIENTO_ID) VALUES (618, 2, 0, 143);
INSERT INTO MENAJE (ID, DESCRIPCION, DISPONIBILIDAD, ALOJAMIENTO_ID) VALUES (618, 'descripcion618', 1, 143);
INSERT INTO SERVICIOS_ALOJAMIENTOS (ALOJAMIENTO_ID, SERVICIO_ID) VALUES (16, 5);
INSERT INTO REGLA (ID, DESCRIPCION, ALOJAMIENTO_ID) VALUES (619, 'descripcion619', 38);
INSERT INTO SEGURO (ID, CARACTERISTICAS, COSTO, VIGENCIA, ALOJAMIENTO_ID) VALUES (619, 'caracteristiccas619',874615,TO_DATE('2020-05-03', 'YYYY-MM-DD'), 38);
INSERT INTO HABITACION (ID, CAPACIDAD, TIPO, ALOJAMIENTO_ID) VALUES (619, 9, 2, 38);
INSERT INTO MENAJE (ID, DESCRIPCION, DISPONIBILIDAD, ALOJAMIENTO_ID) VALUES (619, 'descripcion619', 0, 38);
INSERT INTO SERVICIOS_ALOJAMIENTOS (ALOJAMIENTO_ID, SERVICIO_ID) VALUES (161, 14);
INSERT INTO REGLA (ID, DESCRIPCION, ALOJAMIENTO_ID) VALUES (620, 'descripcion620', 168);
INSERT INTO SEGURO (ID, CARACTERISTICAS, COSTO, VIGENCIA, ALOJAMIENTO_ID) VALUES (620, 'caracteristiccas620',432150,TO_DATE('2020-05-03', 'YYYY-MM-DD'), 168);
INSERT INTO HABITACION (ID, CAPACIDAD, TIPO, ALOJAMIENTO_ID) VALUES (620, 2, 0, 168);
INSERT INTO MENAJE (ID, DESCRIPCION, DISPONIBILIDAD, ALOJAMIENTO_ID) VALUES (620, 'descripcion620', 1, 168);
INSERT INTO SERVICIOS_ALOJAMIENTOS (ALOJAMIENTO_ID, SERVICIO_ID) VALUES (27, 21);
INSERT INTO REGLA (ID, DESCRIPCION, ALOJAMIENTO_ID) VALUES (621, 'descripcion621', 167);
INSERT INTO SEGURO (ID, CARACTERISTICAS, COSTO, VIGENCIA, ALOJAMIENTO_ID) VALUES (621, 'caracteristiccas621',705471,TO_DATE('2020-05-03', 'YYYY-MM-DD'), 167);
INSERT INTO HABITACION (ID, CAPACIDAD, TIPO, ALOJAMIENTO_ID) VALUES (621, 9, 3, 167);
INSERT INTO MENAJE (ID, DESCRIPCION, DISPONIBILIDAD, ALOJAMIENTO_ID) VALUES (621, 'descripcion621', 1, 167);
INSERT INTO SERVICIOS_ALOJAMIENTOS (ALOJAMIENTO_ID, SERVICIO_ID) VALUES (78, 22);
INSERT INTO REGLA (ID, DESCRIPCION, ALOJAMIENTO_ID) VALUES (622, 'descripcion622', 68);
INSERT INTO SEGURO (ID, CARACTERISTICAS, COSTO, VIGENCIA, ALOJAMIENTO_ID) VALUES (622, 'caracteristiccas622',988991,TO_DATE('2020-05-03', 'YYYY-MM-DD'), 68);
INSERT INTO HABITACION (ID, CAPACIDAD, TIPO, ALOJAMIENTO_ID) VALUES (622, 9, 0, 68);
INSERT INTO MENAJE (ID, DESCRIPCION, DISPONIBILIDAD, ALOJAMIENTO_ID) VALUES (622, 'descripcion622', 1, 68);
INSERT INTO SERVICIOS_ALOJAMIENTOS (ALOJAMIENTO_ID, SERVICIO_ID) VALUES (123, 35);
INSERT INTO REGLA (ID, DESCRIPCION, ALOJAMIENTO_ID) VALUES (623, 'descripcion623', 1);
INSERT INTO SEGURO (ID, CARACTERISTICAS, COSTO, VIGENCIA, ALOJAMIENTO_ID) VALUES (623, 'caracteristiccas623',890411,TO_DATE('2020-05-03', 'YYYY-MM-DD'), 1);
INSERT INTO HABITACION (ID, CAPACIDAD, TIPO, ALOJAMIENTO_ID) VALUES (623, 8, 3, 1);
INSERT INTO MENAJE (ID, DESCRIPCION, DISPONIBILIDAD, ALOJAMIENTO_ID) VALUES (623, 'descripcion623', 1, 1);
INSERT INTO SERVICIOS_ALOJAMIENTOS (ALOJAMIENTO_ID, SERVICIO_ID) VALUES (86, 29);
INSERT INTO REGLA (ID, DESCRIPCION, ALOJAMIENTO_ID) VALUES (624, 'descripcion624', 146);
INSERT INTO SEGURO (ID, CARACTERISTICAS, COSTO, VIGENCIA, ALOJAMIENTO_ID) VALUES (624, 'caracteristiccas624',47200,TO_DATE('2020-05-03', 'YYYY-MM-DD'), 146);
INSERT INTO HABITACION (ID, CAPACIDAD, TIPO, ALOJAMIENTO_ID) VALUES (624, 10, 2, 146);
INSERT INTO MENAJE (ID, DESCRIPCION, DISPONIBILIDAD, ALOJAMIENTO_ID) VALUES (624, 'descripcion624', 0, 146);
INSERT INTO SERVICIOS_ALOJAMIENTOS (ALOJAMIENTO_ID, SERVICIO_ID) VALUES (158, 39);
INSERT INTO REGLA (ID, DESCRIPCION, ALOJAMIENTO_ID) VALUES (625, 'descripcion625', 176);
INSERT INTO SEGURO (ID, CARACTERISTICAS, COSTO, VIGENCIA, ALOJAMIENTO_ID) VALUES (625, 'caracteristiccas625',384096,TO_DATE('2020-05-03', 'YYYY-MM-DD'), 176);
INSERT INTO HABITACION (ID, CAPACIDAD, TIPO, ALOJAMIENTO_ID) VALUES (625, 6, 3, 176);
INSERT INTO MENAJE (ID, DESCRIPCION, DISPONIBILIDAD, ALOJAMIENTO_ID) VALUES (625, 'descripcion625', 1, 176);
INSERT INTO SERVICIOS_ALOJAMIENTOS (ALOJAMIENTO_ID, SERVICIO_ID) VALUES (13, 20);
INSERT INTO REGLA (ID, DESCRIPCION, ALOJAMIENTO_ID) VALUES (626, 'descripcion626', 105);
INSERT INTO SEGURO (ID, CARACTERISTICAS, COSTO, VIGENCIA, ALOJAMIENTO_ID) VALUES (626, 'caracteristiccas626',491340,TO_DATE('2020-05-03', 'YYYY-MM-DD'), 105);
INSERT INTO HABITACION (ID, CAPACIDAD, TIPO, ALOJAMIENTO_ID) VALUES (626, 10, 1, 105);
INSERT INTO MENAJE (ID, DESCRIPCION, DISPONIBILIDAD, ALOJAMIENTO_ID) VALUES (626, 'descripcion626', 0, 105);
INSERT INTO SERVICIOS_ALOJAMIENTOS (ALOJAMIENTO_ID, SERVICIO_ID) VALUES (144, 25);
INSERT INTO REGLA (ID, DESCRIPCION, ALOJAMIENTO_ID) VALUES (627, 'descripcion627', 155);
INSERT INTO SEGURO (ID, CARACTERISTICAS, COSTO, VIGENCIA, ALOJAMIENTO_ID) VALUES (627, 'caracteristiccas627',516693,TO_DATE('2020-05-03', 'YYYY-MM-DD'), 155);
INSERT INTO HABITACION (ID, CAPACIDAD, TIPO, ALOJAMIENTO_ID) VALUES (627, 6, 1, 155);
INSERT INTO MENAJE (ID, DESCRIPCION, DISPONIBILIDAD, ALOJAMIENTO_ID) VALUES (627, 'descripcion627', 0, 155);
INSERT INTO SERVICIOS_ALOJAMIENTOS (ALOJAMIENTO_ID, SERVICIO_ID) VALUES (13, 40);
INSERT INTO REGLA (ID, DESCRIPCION, ALOJAMIENTO_ID) VALUES (628, 'descripcion628', 91);
INSERT INTO SEGURO (ID, CARACTERISTICAS, COSTO, VIGENCIA, ALOJAMIENTO_ID) VALUES (628, 'caracteristiccas628',581992,TO_DATE('2020-05-03', 'YYYY-MM-DD'), 91);
INSERT INTO HABITACION (ID, CAPACIDAD, TIPO, ALOJAMIENTO_ID) VALUES (628, 6, 2, 91);
INSERT INTO MENAJE (ID, DESCRIPCION, DISPONIBILIDAD, ALOJAMIENTO_ID) VALUES (628, 'descripcion628', 1, 91);
INSERT INTO SERVICIOS_ALOJAMIENTOS (ALOJAMIENTO_ID, SERVICIO_ID) VALUES (62, 23);
INSERT INTO REGLA (ID, DESCRIPCION, ALOJAMIENTO_ID) VALUES (629, 'descripcion629', 130);
INSERT INTO SEGURO (ID, CARACTERISTICAS, COSTO, VIGENCIA, ALOJAMIENTO_ID) VALUES (629, 'caracteristiccas629',583446,TO_DATE('2020-05-03', 'YYYY-MM-DD'), 130);
INSERT INTO HABITACION (ID, CAPACIDAD, TIPO, ALOJAMIENTO_ID) VALUES (629, 4, 0, 130);
INSERT INTO MENAJE (ID, DESCRIPCION, DISPONIBILIDAD, ALOJAMIENTO_ID) VALUES (629, 'descripcion629', 1, 130);
INSERT INTO SERVICIOS_ALOJAMIENTOS (ALOJAMIENTO_ID, SERVICIO_ID) VALUES (32, 11);
INSERT INTO REGLA (ID, DESCRIPCION, ALOJAMIENTO_ID) VALUES (630, 'descripcion630', 76);
INSERT INTO SEGURO (ID, CARACTERISTICAS, COSTO, VIGENCIA, ALOJAMIENTO_ID) VALUES (630, 'caracteristiccas630',192005,TO_DATE('2020-05-03', 'YYYY-MM-DD'), 76);
INSERT INTO HABITACION (ID, CAPACIDAD, TIPO, ALOJAMIENTO_ID) VALUES (630, 4, 2, 76);
INSERT INTO MENAJE (ID, DESCRIPCION, DISPONIBILIDAD, ALOJAMIENTO_ID) VALUES (630, 'descripcion630', 1, 76);
INSERT INTO SERVICIOS_ALOJAMIENTOS (ALOJAMIENTO_ID, SERVICIO_ID) VALUES (128, 32);
INSERT INTO REGLA (ID, DESCRIPCION, ALOJAMIENTO_ID) VALUES (631, 'descripcion631', 93);
INSERT INTO SEGURO (ID, CARACTERISTICAS, COSTO, VIGENCIA, ALOJAMIENTO_ID) VALUES (631, 'caracteristiccas631',390993,TO_DATE('2020-05-03', 'YYYY-MM-DD'), 93);
INSERT INTO HABITACION (ID, CAPACIDAD, TIPO, ALOJAMIENTO_ID) VALUES (631, 9, 3, 93);
INSERT INTO MENAJE (ID, DESCRIPCION, DISPONIBILIDAD, ALOJAMIENTO_ID) VALUES (631, 'descripcion631', 1, 93);
INSERT INTO SERVICIOS_ALOJAMIENTOS (ALOJAMIENTO_ID, SERVICIO_ID) VALUES (108, 28);
INSERT INTO REGLA (ID, DESCRIPCION, ALOJAMIENTO_ID) VALUES (632, 'descripcion632', 134);
INSERT INTO SEGURO (ID, CARACTERISTICAS, COSTO, VIGENCIA, ALOJAMIENTO_ID) VALUES (632, 'caracteristiccas632',33283,TO_DATE('2020-05-03', 'YYYY-MM-DD'), 134);
INSERT INTO HABITACION (ID, CAPACIDAD, TIPO, ALOJAMIENTO_ID) VALUES (632, 11, 3, 134);
INSERT INTO MENAJE (ID, DESCRIPCION, DISPONIBILIDAD, ALOJAMIENTO_ID) VALUES (632, 'descripcion632', 1, 134);
INSERT INTO SERVICIOS_ALOJAMIENTOS (ALOJAMIENTO_ID, SERVICIO_ID) VALUES (131, 23);
INSERT INTO REGLA (ID, DESCRIPCION, ALOJAMIENTO_ID) VALUES (633, 'descripcion633', 29);
INSERT INTO SEGURO (ID, CARACTERISTICAS, COSTO, VIGENCIA, ALOJAMIENTO_ID) VALUES (633, 'caracteristiccas633',2458,TO_DATE('2020-05-03', 'YYYY-MM-DD'), 29);
INSERT INTO HABITACION (ID, CAPACIDAD, TIPO, ALOJAMIENTO_ID) VALUES (633, 11, 1, 29);
INSERT INTO MENAJE (ID, DESCRIPCION, DISPONIBILIDAD, ALOJAMIENTO_ID) VALUES (633, 'descripcion633', 0, 29);
INSERT INTO SERVICIOS_ALOJAMIENTOS (ALOJAMIENTO_ID, SERVICIO_ID) VALUES (58, 48);
INSERT INTO REGLA (ID, DESCRIPCION, ALOJAMIENTO_ID) VALUES (634, 'descripcion634', 9);
INSERT INTO SEGURO (ID, CARACTERISTICAS, COSTO, VIGENCIA, ALOJAMIENTO_ID) VALUES (634, 'caracteristiccas634',933637,TO_DATE('2020-05-03', 'YYYY-MM-DD'), 9);
INSERT INTO HABITACION (ID, CAPACIDAD, TIPO, ALOJAMIENTO_ID) VALUES (634, 4, 0, 9);
INSERT INTO MENAJE (ID, DESCRIPCION, DISPONIBILIDAD, ALOJAMIENTO_ID) VALUES (634, 'descripcion634', 1, 9);
INSERT INTO SERVICIOS_ALOJAMIENTOS (ALOJAMIENTO_ID, SERVICIO_ID) VALUES (76, 33);
INSERT INTO REGLA (ID, DESCRIPCION, ALOJAMIENTO_ID) VALUES (635, 'descripcion635', 134);
INSERT INTO SEGURO (ID, CARACTERISTICAS, COSTO, VIGENCIA, ALOJAMIENTO_ID) VALUES (635, 'caracteristiccas635',581059,TO_DATE('2020-05-03', 'YYYY-MM-DD'), 134);
INSERT INTO HABITACION (ID, CAPACIDAD, TIPO, ALOJAMIENTO_ID) VALUES (635, 10, 2, 134);
INSERT INTO MENAJE (ID, DESCRIPCION, DISPONIBILIDAD, ALOJAMIENTO_ID) VALUES (635, 'descripcion635', 0, 134);
INSERT INTO SERVICIOS_ALOJAMIENTOS (ALOJAMIENTO_ID, SERVICIO_ID) VALUES (169, 13);
INSERT INTO REGLA (ID, DESCRIPCION, ALOJAMIENTO_ID) VALUES (636, 'descripcion636', 153);
INSERT INTO SEGURO (ID, CARACTERISTICAS, COSTO, VIGENCIA, ALOJAMIENTO_ID) VALUES (636, 'caracteristiccas636',555744,TO_DATE('2020-05-03', 'YYYY-MM-DD'), 153);
INSERT INTO HABITACION (ID, CAPACIDAD, TIPO, ALOJAMIENTO_ID) VALUES (636, 4, 3, 153);
INSERT INTO MENAJE (ID, DESCRIPCION, DISPONIBILIDAD, ALOJAMIENTO_ID) VALUES (636, 'descripcion636', 0, 153);
INSERT INTO SERVICIOS_ALOJAMIENTOS (ALOJAMIENTO_ID, SERVICIO_ID) VALUES (132, 33);
INSERT INTO REGLA (ID, DESCRIPCION, ALOJAMIENTO_ID) VALUES (637, 'descripcion637', 141);
INSERT INTO SEGURO (ID, CARACTERISTICAS, COSTO, VIGENCIA, ALOJAMIENTO_ID) VALUES (637, 'caracteristiccas637',866140,TO_DATE('2020-05-03', 'YYYY-MM-DD'), 141);
INSERT INTO HABITACION (ID, CAPACIDAD, TIPO, ALOJAMIENTO_ID) VALUES (637, 6, 2, 141);
INSERT INTO MENAJE (ID, DESCRIPCION, DISPONIBILIDAD, ALOJAMIENTO_ID) VALUES (637, 'descripcion637', 1, 141);
INSERT INTO SERVICIOS_ALOJAMIENTOS (ALOJAMIENTO_ID, SERVICIO_ID) VALUES (81, 38);
INSERT INTO REGLA (ID, DESCRIPCION, ALOJAMIENTO_ID) VALUES (638, 'descripcion638', 25);
INSERT INTO SEGURO (ID, CARACTERISTICAS, COSTO, VIGENCIA, ALOJAMIENTO_ID) VALUES (638, 'caracteristiccas638',553024,TO_DATE('2020-05-03', 'YYYY-MM-DD'), 25);
INSERT INTO HABITACION (ID, CAPACIDAD, TIPO, ALOJAMIENTO_ID) VALUES (638, 6, 0, 25);
INSERT INTO MENAJE (ID, DESCRIPCION, DISPONIBILIDAD, ALOJAMIENTO_ID) VALUES (638, 'descripcion638', 1, 25);
INSERT INTO SERVICIOS_ALOJAMIENTOS (ALOJAMIENTO_ID, SERVICIO_ID) VALUES (156, 41);
INSERT INTO REGLA (ID, DESCRIPCION, ALOJAMIENTO_ID) VALUES (639, 'descripcion639', 114);
INSERT INTO SEGURO (ID, CARACTERISTICAS, COSTO, VIGENCIA, ALOJAMIENTO_ID) VALUES (639, 'caracteristiccas639',390792,TO_DATE('2020-05-03', 'YYYY-MM-DD'), 114);
INSERT INTO HABITACION (ID, CAPACIDAD, TIPO, ALOJAMIENTO_ID) VALUES (639, 1, 2, 114);
INSERT INTO MENAJE (ID, DESCRIPCION, DISPONIBILIDAD, ALOJAMIENTO_ID) VALUES (639, 'descripcion639', 1, 114);
INSERT INTO SERVICIOS_ALOJAMIENTOS (ALOJAMIENTO_ID, SERVICIO_ID) VALUES (93, 41);
INSERT INTO REGLA (ID, DESCRIPCION, ALOJAMIENTO_ID) VALUES (640, 'descripcion640', 9);
INSERT INTO SEGURO (ID, CARACTERISTICAS, COSTO, VIGENCIA, ALOJAMIENTO_ID) VALUES (640, 'caracteristiccas640',902859,TO_DATE('2020-05-03', 'YYYY-MM-DD'), 9);
INSERT INTO HABITACION (ID, CAPACIDAD, TIPO, ALOJAMIENTO_ID) VALUES (640, 7, 0, 9);
INSERT INTO MENAJE (ID, DESCRIPCION, DISPONIBILIDAD, ALOJAMIENTO_ID) VALUES (640, 'descripcion640', 0, 9);
INSERT INTO SERVICIOS_ALOJAMIENTOS (ALOJAMIENTO_ID, SERVICIO_ID) VALUES (109, 49);
INSERT INTO REGLA (ID, DESCRIPCION, ALOJAMIENTO_ID) VALUES (641, 'descripcion641', 95);
INSERT INTO SEGURO (ID, CARACTERISTICAS, COSTO, VIGENCIA, ALOJAMIENTO_ID) VALUES (641, 'caracteristiccas641',87081,TO_DATE('2020-05-03', 'YYYY-MM-DD'), 95);
INSERT INTO HABITACION (ID, CAPACIDAD, TIPO, ALOJAMIENTO_ID) VALUES (641, 11, 0, 95);
INSERT INTO MENAJE (ID, DESCRIPCION, DISPONIBILIDAD, ALOJAMIENTO_ID) VALUES (641, 'descripcion641', 1, 95);
INSERT INTO SERVICIOS_ALOJAMIENTOS (ALOJAMIENTO_ID, SERVICIO_ID) VALUES (165, 44);
INSERT INTO REGLA (ID, DESCRIPCION, ALOJAMIENTO_ID) VALUES (642, 'descripcion642', 140);
INSERT INTO SEGURO (ID, CARACTERISTICAS, COSTO, VIGENCIA, ALOJAMIENTO_ID) VALUES (642, 'caracteristiccas642',368611,TO_DATE('2020-05-03', 'YYYY-MM-DD'), 140);
INSERT INTO HABITACION (ID, CAPACIDAD, TIPO, ALOJAMIENTO_ID) VALUES (642, 4, 2, 140);
INSERT INTO MENAJE (ID, DESCRIPCION, DISPONIBILIDAD, ALOJAMIENTO_ID) VALUES (642, 'descripcion642', 1, 140);
INSERT INTO SERVICIOS_ALOJAMIENTOS (ALOJAMIENTO_ID, SERVICIO_ID) VALUES (86, 26);
INSERT INTO REGLA (ID, DESCRIPCION, ALOJAMIENTO_ID) VALUES (643, 'descripcion643', 69);
INSERT INTO SEGURO (ID, CARACTERISTICAS, COSTO, VIGENCIA, ALOJAMIENTO_ID) VALUES (643, 'caracteristiccas643',601422,TO_DATE('2020-05-03', 'YYYY-MM-DD'), 69);
INSERT INTO HABITACION (ID, CAPACIDAD, TIPO, ALOJAMIENTO_ID) VALUES (643, 8, 3, 69);
INSERT INTO MENAJE (ID, DESCRIPCION, DISPONIBILIDAD, ALOJAMIENTO_ID) VALUES (643, 'descripcion643', 0, 69);
INSERT INTO SERVICIOS_ALOJAMIENTOS (ALOJAMIENTO_ID, SERVICIO_ID) VALUES (37, 3);
INSERT INTO REGLA (ID, DESCRIPCION, ALOJAMIENTO_ID) VALUES (644, 'descripcion644', 136);
INSERT INTO SEGURO (ID, CARACTERISTICAS, COSTO, VIGENCIA, ALOJAMIENTO_ID) VALUES (644, 'caracteristiccas644',354620,TO_DATE('2020-05-03', 'YYYY-MM-DD'), 136);
INSERT INTO HABITACION (ID, CAPACIDAD, TIPO, ALOJAMIENTO_ID) VALUES (644, 9, 2, 136);
INSERT INTO MENAJE (ID, DESCRIPCION, DISPONIBILIDAD, ALOJAMIENTO_ID) VALUES (644, 'descripcion644', 1, 136);
INSERT INTO SERVICIOS_ALOJAMIENTOS (ALOJAMIENTO_ID, SERVICIO_ID) VALUES (51, 13);
INSERT INTO REGLA (ID, DESCRIPCION, ALOJAMIENTO_ID) VALUES (645, 'descripcion645', 166);
INSERT INTO SEGURO (ID, CARACTERISTICAS, COSTO, VIGENCIA, ALOJAMIENTO_ID) VALUES (645, 'caracteristiccas645',77905,TO_DATE('2020-05-03', 'YYYY-MM-DD'), 166);
INSERT INTO HABITACION (ID, CAPACIDAD, TIPO, ALOJAMIENTO_ID) VALUES (645, 2, 0, 166);
INSERT INTO MENAJE (ID, DESCRIPCION, DISPONIBILIDAD, ALOJAMIENTO_ID) VALUES (645, 'descripcion645', 1, 166);
INSERT INTO SERVICIOS_ALOJAMIENTOS (ALOJAMIENTO_ID, SERVICIO_ID) VALUES (57, 2);
INSERT INTO REGLA (ID, DESCRIPCION, ALOJAMIENTO_ID) VALUES (646, 'descripcion646', 59);
INSERT INTO SEGURO (ID, CARACTERISTICAS, COSTO, VIGENCIA, ALOJAMIENTO_ID) VALUES (646, 'caracteristiccas646',60285,TO_DATE('2020-05-03', 'YYYY-MM-DD'), 59);
INSERT INTO HABITACION (ID, CAPACIDAD, TIPO, ALOJAMIENTO_ID) VALUES (646, 3, 2, 59);
INSERT INTO MENAJE (ID, DESCRIPCION, DISPONIBILIDAD, ALOJAMIENTO_ID) VALUES (646, 'descripcion646', 0, 59);
INSERT INTO SERVICIOS_ALOJAMIENTOS (ALOJAMIENTO_ID, SERVICIO_ID) VALUES (113, 20);
INSERT INTO REGLA (ID, DESCRIPCION, ALOJAMIENTO_ID) VALUES (647, 'descripcion647', 153);
INSERT INTO SEGURO (ID, CARACTERISTICAS, COSTO, VIGENCIA, ALOJAMIENTO_ID) VALUES (647, 'caracteristiccas647',745676,TO_DATE('2020-05-03', 'YYYY-MM-DD'), 153);
INSERT INTO HABITACION (ID, CAPACIDAD, TIPO, ALOJAMIENTO_ID) VALUES (647, 5, 1, 153);
INSERT INTO MENAJE (ID, DESCRIPCION, DISPONIBILIDAD, ALOJAMIENTO_ID) VALUES (647, 'descripcion647', 1, 153);
INSERT INTO SERVICIOS_ALOJAMIENTOS (ALOJAMIENTO_ID, SERVICIO_ID) VALUES (49, 49);
INSERT INTO REGLA (ID, DESCRIPCION, ALOJAMIENTO_ID) VALUES (648, 'descripcion648', 31);
INSERT INTO SEGURO (ID, CARACTERISTICAS, COSTO, VIGENCIA, ALOJAMIENTO_ID) VALUES (648, 'caracteristiccas648',320755,TO_DATE('2020-05-03', 'YYYY-MM-DD'), 31);
INSERT INTO HABITACION (ID, CAPACIDAD, TIPO, ALOJAMIENTO_ID) VALUES (648, 1, 1, 31);
INSERT INTO MENAJE (ID, DESCRIPCION, DISPONIBILIDAD, ALOJAMIENTO_ID) VALUES (648, 'descripcion648', 1, 31);
INSERT INTO SERVICIOS_ALOJAMIENTOS (ALOJAMIENTO_ID, SERVICIO_ID) VALUES (38, 18);
INSERT INTO REGLA (ID, DESCRIPCION, ALOJAMIENTO_ID) VALUES (649, 'descripcion649', 104);
INSERT INTO SEGURO (ID, CARACTERISTICAS, COSTO, VIGENCIA, ALOJAMIENTO_ID) VALUES (649, 'caracteristiccas649',251259,TO_DATE('2020-05-03', 'YYYY-MM-DD'), 104);
INSERT INTO HABITACION (ID, CAPACIDAD, TIPO, ALOJAMIENTO_ID) VALUES (649, 5, 1, 104);
INSERT INTO MENAJE (ID, DESCRIPCION, DISPONIBILIDAD, ALOJAMIENTO_ID) VALUES (649, 'descripcion649', 1, 104);
INSERT INTO SERVICIOS_ALOJAMIENTOS (ALOJAMIENTO_ID, SERVICIO_ID) VALUES (31, 42);
INSERT INTO REGLA (ID, DESCRIPCION, ALOJAMIENTO_ID) VALUES (650, 'descripcion650', 18);
INSERT INTO SEGURO (ID, CARACTERISTICAS, COSTO, VIGENCIA, ALOJAMIENTO_ID) VALUES (650, 'caracteristiccas650',799358,TO_DATE('2020-05-03', 'YYYY-MM-DD'), 18);
INSERT INTO HABITACION (ID, CAPACIDAD, TIPO, ALOJAMIENTO_ID) VALUES (650, 4, 1, 18);
INSERT INTO MENAJE (ID, DESCRIPCION, DISPONIBILIDAD, ALOJAMIENTO_ID) VALUES (650, 'descripcion650', 0, 18);
INSERT INTO SERVICIOS_ALOJAMIENTOS (ALOJAMIENTO_ID, SERVICIO_ID) VALUES (128, 20);
INSERT INTO REGLA (ID, DESCRIPCION, ALOJAMIENTO_ID) VALUES (651, 'descripcion651', 95);
INSERT INTO SEGURO (ID, CARACTERISTICAS, COSTO, VIGENCIA, ALOJAMIENTO_ID) VALUES (651, 'caracteristiccas651',499702,TO_DATE('2020-05-03', 'YYYY-MM-DD'), 95);
INSERT INTO HABITACION (ID, CAPACIDAD, TIPO, ALOJAMIENTO_ID) VALUES (651, 5, 2, 95);
INSERT INTO MENAJE (ID, DESCRIPCION, DISPONIBILIDAD, ALOJAMIENTO_ID) VALUES (651, 'descripcion651', 1, 95);
INSERT INTO SERVICIOS_ALOJAMIENTOS (ALOJAMIENTO_ID, SERVICIO_ID) VALUES (20, 37);
INSERT INTO REGLA (ID, DESCRIPCION, ALOJAMIENTO_ID) VALUES (652, 'descripcion652', 185);
INSERT INTO SEGURO (ID, CARACTERISTICAS, COSTO, VIGENCIA, ALOJAMIENTO_ID) VALUES (652, 'caracteristiccas652',32128,TO_DATE('2020-05-03', 'YYYY-MM-DD'), 185);
INSERT INTO HABITACION (ID, CAPACIDAD, TIPO, ALOJAMIENTO_ID) VALUES (652, 11, 3, 185);
INSERT INTO MENAJE (ID, DESCRIPCION, DISPONIBILIDAD, ALOJAMIENTO_ID) VALUES (652, 'descripcion652', 0, 185);
INSERT INTO SERVICIOS_ALOJAMIENTOS (ALOJAMIENTO_ID, SERVICIO_ID) VALUES (5, 36);
INSERT INTO REGLA (ID, DESCRIPCION, ALOJAMIENTO_ID) VALUES (653, 'descripcion653', 54);
INSERT INTO SEGURO (ID, CARACTERISTICAS, COSTO, VIGENCIA, ALOJAMIENTO_ID) VALUES (653, 'caracteristiccas653',259422,TO_DATE('2020-05-03', 'YYYY-MM-DD'), 54);
INSERT INTO HABITACION (ID, CAPACIDAD, TIPO, ALOJAMIENTO_ID) VALUES (653, 11, 3, 54);
INSERT INTO MENAJE (ID, DESCRIPCION, DISPONIBILIDAD, ALOJAMIENTO_ID) VALUES (653, 'descripcion653', 1, 54);
INSERT INTO SERVICIOS_ALOJAMIENTOS (ALOJAMIENTO_ID, SERVICIO_ID) VALUES (121, 6);
INSERT INTO REGLA (ID, DESCRIPCION, ALOJAMIENTO_ID) VALUES (654, 'descripcion654', 171);
INSERT INTO SEGURO (ID, CARACTERISTICAS, COSTO, VIGENCIA, ALOJAMIENTO_ID) VALUES (654, 'caracteristiccas654',656266,TO_DATE('2020-05-03', 'YYYY-MM-DD'), 171);
INSERT INTO HABITACION (ID, CAPACIDAD, TIPO, ALOJAMIENTO_ID) VALUES (654, 4, 1, 171);
INSERT INTO MENAJE (ID, DESCRIPCION, DISPONIBILIDAD, ALOJAMIENTO_ID) VALUES (654, 'descripcion654', 1, 171);
INSERT INTO SERVICIOS_ALOJAMIENTOS (ALOJAMIENTO_ID, SERVICIO_ID) VALUES (61, 11);
INSERT INTO REGLA (ID, DESCRIPCION, ALOJAMIENTO_ID) VALUES (655, 'descripcion655', 85);
INSERT INTO SEGURO (ID, CARACTERISTICAS, COSTO, VIGENCIA, ALOJAMIENTO_ID) VALUES (655, 'caracteristiccas655',801637,TO_DATE('2020-05-03', 'YYYY-MM-DD'), 85);
INSERT INTO HABITACION (ID, CAPACIDAD, TIPO, ALOJAMIENTO_ID) VALUES (655, 10, 3, 85);
INSERT INTO MENAJE (ID, DESCRIPCION, DISPONIBILIDAD, ALOJAMIENTO_ID) VALUES (655, 'descripcion655', 1, 85);
INSERT INTO SERVICIOS_ALOJAMIENTOS (ALOJAMIENTO_ID, SERVICIO_ID) VALUES (133, 47);
INSERT INTO REGLA (ID, DESCRIPCION, ALOJAMIENTO_ID) VALUES (656, 'descripcion656', 143);
INSERT INTO SEGURO (ID, CARACTERISTICAS, COSTO, VIGENCIA, ALOJAMIENTO_ID) VALUES (656, 'caracteristiccas656',31687,TO_DATE('2020-05-03', 'YYYY-MM-DD'), 143);
INSERT INTO HABITACION (ID, CAPACIDAD, TIPO, ALOJAMIENTO_ID) VALUES (656, 5, 0, 143);
INSERT INTO MENAJE (ID, DESCRIPCION, DISPONIBILIDAD, ALOJAMIENTO_ID) VALUES (656, 'descripcion656', 1, 143);
INSERT INTO SERVICIOS_ALOJAMIENTOS (ALOJAMIENTO_ID, SERVICIO_ID) VALUES (129, 19);
INSERT INTO REGLA (ID, DESCRIPCION, ALOJAMIENTO_ID) VALUES (657, 'descripcion657', 138);
INSERT INTO SEGURO (ID, CARACTERISTICAS, COSTO, VIGENCIA, ALOJAMIENTO_ID) VALUES (657, 'caracteristiccas657',645713,TO_DATE('2020-05-03', 'YYYY-MM-DD'), 138);
INSERT INTO HABITACION (ID, CAPACIDAD, TIPO, ALOJAMIENTO_ID) VALUES (657, 7, 3, 138);
INSERT INTO MENAJE (ID, DESCRIPCION, DISPONIBILIDAD, ALOJAMIENTO_ID) VALUES (657, 'descripcion657', 1, 138);
INSERT INTO SERVICIOS_ALOJAMIENTOS (ALOJAMIENTO_ID, SERVICIO_ID) VALUES (117, 44);
INSERT INTO REGLA (ID, DESCRIPCION, ALOJAMIENTO_ID) VALUES (658, 'descripcion658', 176);
INSERT INTO SEGURO (ID, CARACTERISTICAS, COSTO, VIGENCIA, ALOJAMIENTO_ID) VALUES (658, 'caracteristiccas658',561308,TO_DATE('2020-05-03', 'YYYY-MM-DD'), 176);
INSERT INTO HABITACION (ID, CAPACIDAD, TIPO, ALOJAMIENTO_ID) VALUES (658, 10, 2, 176);
INSERT INTO MENAJE (ID, DESCRIPCION, DISPONIBILIDAD, ALOJAMIENTO_ID) VALUES (658, 'descripcion658', 0, 176);
INSERT INTO SERVICIOS_ALOJAMIENTOS (ALOJAMIENTO_ID, SERVICIO_ID) VALUES (7, 8);
INSERT INTO REGLA (ID, DESCRIPCION, ALOJAMIENTO_ID) VALUES (659, 'descripcion659', 162);
INSERT INTO SEGURO (ID, CARACTERISTICAS, COSTO, VIGENCIA, ALOJAMIENTO_ID) VALUES (659, 'caracteristiccas659',407148,TO_DATE('2020-05-03', 'YYYY-MM-DD'), 162);
INSERT INTO HABITACION (ID, CAPACIDAD, TIPO, ALOJAMIENTO_ID) VALUES (659, 5, 2, 162);
INSERT INTO MENAJE (ID, DESCRIPCION, DISPONIBILIDAD, ALOJAMIENTO_ID) VALUES (659, 'descripcion659', 0, 162);
INSERT INTO SERVICIOS_ALOJAMIENTOS (ALOJAMIENTO_ID, SERVICIO_ID) VALUES (97, 41);
INSERT INTO REGLA (ID, DESCRIPCION, ALOJAMIENTO_ID) VALUES (660, 'descripcion660', 171);
INSERT INTO SEGURO (ID, CARACTERISTICAS, COSTO, VIGENCIA, ALOJAMIENTO_ID) VALUES (660, 'caracteristiccas660',779667,TO_DATE('2020-05-03', 'YYYY-MM-DD'), 171);
INSERT INTO HABITACION (ID, CAPACIDAD, TIPO, ALOJAMIENTO_ID) VALUES (660, 2, 1, 171);
INSERT INTO MENAJE (ID, DESCRIPCION, DISPONIBILIDAD, ALOJAMIENTO_ID) VALUES (660, 'descripcion660', 1, 171);
INSERT INTO SERVICIOS_ALOJAMIENTOS (ALOJAMIENTO_ID, SERVICIO_ID) VALUES (60, 20);
INSERT INTO REGLA (ID, DESCRIPCION, ALOJAMIENTO_ID) VALUES (661, 'descripcion661', 168);
INSERT INTO SEGURO (ID, CARACTERISTICAS, COSTO, VIGENCIA, ALOJAMIENTO_ID) VALUES (661, 'caracteristiccas661',240385,TO_DATE('2020-05-03', 'YYYY-MM-DD'), 168);
INSERT INTO HABITACION (ID, CAPACIDAD, TIPO, ALOJAMIENTO_ID) VALUES (661, 3, 0, 168);
INSERT INTO MENAJE (ID, DESCRIPCION, DISPONIBILIDAD, ALOJAMIENTO_ID) VALUES (661, 'descripcion661', 0, 168);
INSERT INTO SERVICIOS_ALOJAMIENTOS (ALOJAMIENTO_ID, SERVICIO_ID) VALUES (17, 12);
INSERT INTO REGLA (ID, DESCRIPCION, ALOJAMIENTO_ID) VALUES (662, 'descripcion662', 34);
INSERT INTO SEGURO (ID, CARACTERISTICAS, COSTO, VIGENCIA, ALOJAMIENTO_ID) VALUES (662, 'caracteristiccas662',766681,TO_DATE('2020-05-03', 'YYYY-MM-DD'), 34);
INSERT INTO HABITACION (ID, CAPACIDAD, TIPO, ALOJAMIENTO_ID) VALUES (662, 11, 3, 34);
INSERT INTO MENAJE (ID, DESCRIPCION, DISPONIBILIDAD, ALOJAMIENTO_ID) VALUES (662, 'descripcion662', 1, 34);
INSERT INTO SERVICIOS_ALOJAMIENTOS (ALOJAMIENTO_ID, SERVICIO_ID) VALUES (37, 16);
INSERT INTO REGLA (ID, DESCRIPCION, ALOJAMIENTO_ID) VALUES (663, 'descripcion663', 128);
INSERT INTO SEGURO (ID, CARACTERISTICAS, COSTO, VIGENCIA, ALOJAMIENTO_ID) VALUES (663, 'caracteristiccas663',983016,TO_DATE('2020-05-03', 'YYYY-MM-DD'), 128);
INSERT INTO HABITACION (ID, CAPACIDAD, TIPO, ALOJAMIENTO_ID) VALUES (663, 4, 1, 128);
INSERT INTO MENAJE (ID, DESCRIPCION, DISPONIBILIDAD, ALOJAMIENTO_ID) VALUES (663, 'descripcion663', 0, 128);
INSERT INTO SERVICIOS_ALOJAMIENTOS (ALOJAMIENTO_ID, SERVICIO_ID) VALUES (172, 17);
INSERT INTO REGLA (ID, DESCRIPCION, ALOJAMIENTO_ID) VALUES (664, 'descripcion664', 73);
INSERT INTO SEGURO (ID, CARACTERISTICAS, COSTO, VIGENCIA, ALOJAMIENTO_ID) VALUES (664, 'caracteristiccas664',775765,TO_DATE('2020-05-03', 'YYYY-MM-DD'), 73);
INSERT INTO HABITACION (ID, CAPACIDAD, TIPO, ALOJAMIENTO_ID) VALUES (664, 5, 2, 73);
INSERT INTO MENAJE (ID, DESCRIPCION, DISPONIBILIDAD, ALOJAMIENTO_ID) VALUES (664, 'descripcion664', 1, 73);
INSERT INTO SERVICIOS_ALOJAMIENTOS (ALOJAMIENTO_ID, SERVICIO_ID) VALUES (31, 21);
INSERT INTO REGLA (ID, DESCRIPCION, ALOJAMIENTO_ID) VALUES (665, 'descripcion665', 71);
INSERT INTO SEGURO (ID, CARACTERISTICAS, COSTO, VIGENCIA, ALOJAMIENTO_ID) VALUES (665, 'caracteristiccas665',883653,TO_DATE('2020-05-03', 'YYYY-MM-DD'), 71);
INSERT INTO HABITACION (ID, CAPACIDAD, TIPO, ALOJAMIENTO_ID) VALUES (665, 1, 2, 71);
INSERT INTO MENAJE (ID, DESCRIPCION, DISPONIBILIDAD, ALOJAMIENTO_ID) VALUES (665, 'descripcion665', 0, 71);
INSERT INTO SERVICIOS_ALOJAMIENTOS (ALOJAMIENTO_ID, SERVICIO_ID) VALUES (30, 9);
INSERT INTO REGLA (ID, DESCRIPCION, ALOJAMIENTO_ID) VALUES (666, 'descripcion666', 77);
INSERT INTO SEGURO (ID, CARACTERISTICAS, COSTO, VIGENCIA, ALOJAMIENTO_ID) VALUES (666, 'caracteristiccas666',569788,TO_DATE('2020-05-03', 'YYYY-MM-DD'), 77);
INSERT INTO HABITACION (ID, CAPACIDAD, TIPO, ALOJAMIENTO_ID) VALUES (666, 1, 0, 77);
INSERT INTO MENAJE (ID, DESCRIPCION, DISPONIBILIDAD, ALOJAMIENTO_ID) VALUES (666, 'descripcion666', 1, 77);
INSERT INTO SERVICIOS_ALOJAMIENTOS (ALOJAMIENTO_ID, SERVICIO_ID) VALUES (47, 8);
INSERT INTO REGLA (ID, DESCRIPCION, ALOJAMIENTO_ID) VALUES (667, 'descripcion667', 29);
INSERT INTO SEGURO (ID, CARACTERISTICAS, COSTO, VIGENCIA, ALOJAMIENTO_ID) VALUES (667, 'caracteristiccas667',781893,TO_DATE('2020-05-03', 'YYYY-MM-DD'), 29);
INSERT INTO HABITACION (ID, CAPACIDAD, TIPO, ALOJAMIENTO_ID) VALUES (667, 9, 1, 29);
INSERT INTO MENAJE (ID, DESCRIPCION, DISPONIBILIDAD, ALOJAMIENTO_ID) VALUES (667, 'descripcion667', 0, 29);
INSERT INTO SERVICIOS_ALOJAMIENTOS (ALOJAMIENTO_ID, SERVICIO_ID) VALUES (107, 37);
INSERT INTO REGLA (ID, DESCRIPCION, ALOJAMIENTO_ID) VALUES (668, 'descripcion668', 68);
INSERT INTO SEGURO (ID, CARACTERISTICAS, COSTO, VIGENCIA, ALOJAMIENTO_ID) VALUES (668, 'caracteristiccas668',107192,TO_DATE('2020-05-03', 'YYYY-MM-DD'), 68);
INSERT INTO HABITACION (ID, CAPACIDAD, TIPO, ALOJAMIENTO_ID) VALUES (668, 5, 0, 68);
INSERT INTO MENAJE (ID, DESCRIPCION, DISPONIBILIDAD, ALOJAMIENTO_ID) VALUES (668, 'descripcion668', 1, 68);
INSERT INTO SERVICIOS_ALOJAMIENTOS (ALOJAMIENTO_ID, SERVICIO_ID) VALUES (43, 48);
INSERT INTO RESERVA_COLECTIVA (ID,VALOR_TOTAL) VALUES (0, 5118);
INSERT INTO RESERVA_COLECTIVA (ID,VALOR_TOTAL) VALUES (1, 6491);
INSERT INTO RESERVA_COLECTIVA (ID,VALOR_TOTAL) VALUES (2, 4747);
INSERT INTO RESERVA_COLECTIVA (ID,VALOR_TOTAL) VALUES (3, 7948);
INSERT INTO RESERVA_COLECTIVA (ID,VALOR_TOTAL) VALUES (4, 6488);
INSERT INTO RESERVA_COLECTIVA (ID,VALOR_TOTAL) VALUES (5, 2);
INSERT INTO RESERVA_COLECTIVA (ID,VALOR_TOTAL) VALUES (6, 9190);
INSERT INTO RESERVA_COLECTIVA (ID,VALOR_TOTAL) VALUES (7, 3059);
INSERT INTO RESERVA_COLECTIVA (ID,VALOR_TOTAL) VALUES (8, 1187);
INSERT INTO RESERVA_COLECTIVA (ID,VALOR_TOTAL) VALUES (9, 6229);
INSERT INTO RESERVA (ID, ESTADO, VALOR_TOTAL, FECHA_REALIZACION, RESERVA_COLECTIVA_ID, CLIENTE_ID) VALUES (10, 0, 1140, TO_DATE('2020-05-03', 'YYYY-MM-DD'), 3, 31);
INSERT INTO OFERTA (ID, DIA, PRECIO, ALOJAMIENTO_ID, RESERVA_ID) VALUES (0, TO_DATE('2020-05-03', 'YYYY-MM-DD'), 1869, 35, 10);
UPDATE ALOJAMIENTO SET ULTIMA_RESERVA = TO_DATE('2020-05-03', 'YYYY-MM-DD') WHERE ID = 35;
INSERT INTO OFERTA (ID, DIA, PRECIO, ALOJAMIENTO_ID, RESERVA_ID) VALUES (1, TO_DATE('2020-05-03', 'YYYY-MM-DD'), 9215, 48, 10);
UPDATE ALOJAMIENTO SET ULTIMA_RESERVA = TO_DATE('2020-05-03', 'YYYY-MM-DD') WHERE ID = 48;
INSERT INTO OFERTA (ID, DIA, PRECIO, ALOJAMIENTO_ID, RESERVA_ID) VALUES (2, TO_DATE('2020-05-03', 'YYYY-MM-DD'), 8744, 170, 10);
UPDATE ALOJAMIENTO SET ULTIMA_RESERVA = TO_DATE('2020-05-03', 'YYYY-MM-DD') WHERE ID = 170;
INSERT INTO RESERVA (ID, ESTADO, VALOR_TOTAL, FECHA_REALIZACION, RESERVA_COLECTIVA_ID, CLIENTE_ID) VALUES (11, 1, 5933, TO_DATE('2020-05-03', 'YYYY-MM-DD'), 1, 49);
INSERT INTO OFERTA (ID, DIA, PRECIO, ALOJAMIENTO_ID, RESERVA_ID) VALUES (3, TO_DATE('2020-05-03', 'YYYY-MM-DD'), 771, 38, 11);
UPDATE ALOJAMIENTO SET ULTIMA_RESERVA = TO_DATE('2020-05-03', 'YYYY-MM-DD') WHERE ID = 38;
INSERT INTO OFERTA (ID, DIA, PRECIO, ALOJAMIENTO_ID, RESERVA_ID) VALUES (4, TO_DATE('2020-05-03', 'YYYY-MM-DD'), 6830, 20, 11);
UPDATE ALOJAMIENTO SET ULTIMA_RESERVA = TO_DATE('2020-05-03', 'YYYY-MM-DD') WHERE ID = 20;
INSERT INTO RESERVA (ID, ESTADO, VALOR_TOTAL, FECHA_REALIZACION, CLIENTE_ID) VALUES (12, 0, 8795, TO_DATE('2020-05-03', 'YYYY-MM-DD'), 10);
INSERT INTO RESERVA (ID, ESTADO, VALOR_TOTAL, FECHA_REALIZACION, RESERVA_COLECTIVA_ID, CLIENTE_ID) VALUES (13, 0, 3660, TO_DATE('2020-05-03', 'YYYY-MM-DD'), 2, 2);
INSERT INTO OFERTA (ID, DIA, PRECIO, ALOJAMIENTO_ID, RESERVA_ID) VALUES (5, TO_DATE('2020-05-03', 'YYYY-MM-DD'), 4414, 113, 12);
UPDATE ALOJAMIENTO SET ULTIMA_RESERVA = TO_DATE('2020-05-03', 'YYYY-MM-DD') WHERE ID = 113;
INSERT INTO OFERTA (ID, DIA, PRECIO, ALOJAMIENTO_ID, RESERVA_ID) VALUES (6, TO_DATE('2020-05-03', 'YYYY-MM-DD'), 3631, 95, 12);
UPDATE ALOJAMIENTO SET ULTIMA_RESERVA = TO_DATE('2020-05-03', 'YYYY-MM-DD') WHERE ID = 95;
INSERT INTO OFERTA (ID, DIA, PRECIO, ALOJAMIENTO_ID, RESERVA_ID) VALUES (7, TO_DATE('2020-05-03', 'YYYY-MM-DD'), 2686, 40, 13);
UPDATE ALOJAMIENTO SET ULTIMA_RESERVA = TO_DATE('2020-05-03', 'YYYY-MM-DD') WHERE ID = 40;
INSERT INTO OFERTA (ID, DIA, PRECIO, ALOJAMIENTO_ID, RESERVA_ID) VALUES (8, TO_DATE('2020-05-03', 'YYYY-MM-DD'), 2614, 131, 12);
UPDATE ALOJAMIENTO SET ULTIMA_RESERVA = TO_DATE('2020-05-03', 'YYYY-MM-DD') WHERE ID = 131;
INSERT INTO OFERTA (ID, DIA, PRECIO, ALOJAMIENTO_ID, RESERVA_ID) VALUES (9, TO_DATE('2020-05-03', 'YYYY-MM-DD'), 1665, 20, 12);
UPDATE ALOJAMIENTO SET ULTIMA_RESERVA = TO_DATE('2020-05-03', 'YYYY-MM-DD') WHERE ID = 20;
INSERT INTO OFERTA (ID, DIA, PRECIO, ALOJAMIENTO_ID, RESERVA_ID) VALUES (10, TO_DATE('2020-05-03', 'YYYY-MM-DD'), 3253, 57, 12);
UPDATE ALOJAMIENTO SET ULTIMA_RESERVA = TO_DATE('2020-05-03', 'YYYY-MM-DD') WHERE ID = 57;
INSERT INTO RESERVA (ID, ESTADO, VALOR_TOTAL, FECHA_REALIZACION, CLIENTE_ID) VALUES (14, 0, 8602, TO_DATE('2020-05-03', 'YYYY-MM-DD'), 19);
INSERT INTO RESERVA (ID, ESTADO, VALOR_TOTAL, FECHA_REALIZACION, RESERVA_COLECTIVA_ID, CLIENTE_ID) VALUES (15, 0, 7319, TO_DATE('2020-05-03', 'YYYY-MM-DD'), 4, 12);
INSERT INTO OFERTA (ID, DIA, PRECIO, ALOJAMIENTO_ID, RESERVA_ID) VALUES (11, TO_DATE('2020-05-03', 'YYYY-MM-DD'), 816, 70, 14);
UPDATE ALOJAMIENTO SET ULTIMA_RESERVA = TO_DATE('2020-05-03', 'YYYY-MM-DD') WHERE ID = 70;
INSERT INTO OFERTA (ID, DIA, PRECIO, ALOJAMIENTO_ID, RESERVA_ID) VALUES (12, TO_DATE('2020-05-03', 'YYYY-MM-DD'), 1611, 21, 15);
UPDATE ALOJAMIENTO SET ULTIMA_RESERVA = TO_DATE('2020-05-03', 'YYYY-MM-DD') WHERE ID = 21;
INSERT INTO OFERTA (ID, DIA, PRECIO, ALOJAMIENTO_ID, RESERVA_ID) VALUES (13, TO_DATE('2020-05-03', 'YYYY-MM-DD'), 1620, 115, 14);
UPDATE ALOJAMIENTO SET ULTIMA_RESERVA = TO_DATE('2020-05-03', 'YYYY-MM-DD') WHERE ID = 115;
INSERT INTO OFERTA (ID, DIA, PRECIO, ALOJAMIENTO_ID, RESERVA_ID) VALUES (14, TO_DATE('2020-05-03', 'YYYY-MM-DD'), 1228, 136, 14);
UPDATE ALOJAMIENTO SET ULTIMA_RESERVA = TO_DATE('2020-05-03', 'YYYY-MM-DD') WHERE ID = 136;
INSERT INTO RESERVA (ID, ESTADO, VALOR_TOTAL, FECHA_REALIZACION, CLIENTE_ID) VALUES (16, 0, 2915, TO_DATE('2020-05-03', 'YYYY-MM-DD'), 31);
INSERT INTO RESERVA (ID, ESTADO, VALOR_TOTAL, FECHA_REALIZACION, RESERVA_COLECTIVA_ID, CLIENTE_ID) VALUES (17, 0, 8235, TO_DATE('2020-05-03', 'YYYY-MM-DD'), 8, 23);
INSERT INTO RESERVA (ID, ESTADO, VALOR_TOTAL, FECHA_REALIZACION, RESERVA_COLECTIVA_ID, CLIENTE_ID) VALUES (18, 1, 1493, TO_DATE('2020-05-03', 'YYYY-MM-DD'), 9, 5);
INSERT INTO OFERTA (ID, DIA, PRECIO, ALOJAMIENTO_ID, RESERVA_ID) VALUES (15, TO_DATE('2020-05-03', 'YYYY-MM-DD'), 1183, 84, 18);
UPDATE ALOJAMIENTO SET ULTIMA_RESERVA = TO_DATE('2020-05-03', 'YYYY-MM-DD') WHERE ID = 84;
INSERT INTO RESERVA (ID, ESTADO, VALOR_TOTAL, FECHA_REALIZACION, CLIENTE_ID) VALUES (19, 0, 1028, TO_DATE('2020-05-03', 'YYYY-MM-DD'), 3);
INSERT INTO RESERVA (ID, ESTADO, VALOR_TOTAL, FECHA_REALIZACION, RESERVA_COLECTIVA_ID, CLIENTE_ID) VALUES (20, 0, 5894, TO_DATE('2020-05-03', 'YYYY-MM-DD'), 9, 24);
INSERT INTO OFERTA (ID, DIA, PRECIO, ALOJAMIENTO_ID, RESERVA_ID) VALUES (16, TO_DATE('2020-05-03', 'YYYY-MM-DD'), 5873, 176, 19);
UPDATE ALOJAMIENTO SET ULTIMA_RESERVA = TO_DATE('2020-05-03', 'YYYY-MM-DD') WHERE ID = 176;
INSERT INTO OFERTA (ID, DIA, PRECIO, ALOJAMIENTO_ID, RESERVA_ID) VALUES (17, TO_DATE('2020-05-03', 'YYYY-MM-DD'), 4462, 171, 19);
UPDATE ALOJAMIENTO SET ULTIMA_RESERVA = TO_DATE('2020-05-03', 'YYYY-MM-DD') WHERE ID = 171;
INSERT INTO RESERVA (ID, ESTADO, VALOR_TOTAL, FECHA_REALIZACION, RESERVA_COLECTIVA_ID, CLIENTE_ID) VALUES (21, 1, 8541, TO_DATE('2020-05-03', 'YYYY-MM-DD'), 6, 26);
INSERT INTO OFERTA (ID, DIA, PRECIO, ALOJAMIENTO_ID, RESERVA_ID) VALUES (18, TO_DATE('2020-05-03', 'YYYY-MM-DD'), 8300, 36, 21);
UPDATE ALOJAMIENTO SET ULTIMA_RESERVA = TO_DATE('2020-05-03', 'YYYY-MM-DD') WHERE ID = 36;
INSERT INTO OFERTA (ID, DIA, PRECIO, ALOJAMIENTO_ID, RESERVA_ID) VALUES (19, TO_DATE('2020-05-03', 'YYYY-MM-DD'), 6851, 11, 21);
UPDATE ALOJAMIENTO SET ULTIMA_RESERVA = TO_DATE('2020-05-03', 'YYYY-MM-DD') WHERE ID = 11;
INSERT INTO OFERTA (ID, DIA, PRECIO, ALOJAMIENTO_ID, RESERVA_ID) VALUES (20, TO_DATE('2020-05-03', 'YYYY-MM-DD'), 5005, 87, 21);
UPDATE ALOJAMIENTO SET ULTIMA_RESERVA = TO_DATE('2020-05-03', 'YYYY-MM-DD') WHERE ID = 87;
INSERT INTO OFERTA (ID, DIA, PRECIO, ALOJAMIENTO_ID, RESERVA_ID) VALUES (21, TO_DATE('2020-05-03', 'YYYY-MM-DD'), 2985, 46, 21);
UPDATE ALOJAMIENTO SET ULTIMA_RESERVA = TO_DATE('2020-05-03', 'YYYY-MM-DD') WHERE ID = 46;
INSERT INTO OFERTA (ID, DIA, PRECIO, ALOJAMIENTO_ID, RESERVA_ID) VALUES (22, TO_DATE('2020-05-03', 'YYYY-MM-DD'), 7068, 10, 21);
UPDATE ALOJAMIENTO SET ULTIMA_RESERVA = TO_DATE('2020-05-03', 'YYYY-MM-DD') WHERE ID = 10;
INSERT INTO OFERTA (ID, DIA, PRECIO, ALOJAMIENTO_ID, RESERVA_ID) VALUES (23, TO_DATE('2020-05-03', 'YYYY-MM-DD'), 7288, 180, 21);
UPDATE ALOJAMIENTO SET ULTIMA_RESERVA = TO_DATE('2020-05-03', 'YYYY-MM-DD') WHERE ID = 180;
INSERT INTO RESERVA (ID, ESTADO, VALOR_TOTAL, FECHA_REALIZACION, RESERVA_COLECTIVA_ID, CLIENTE_ID) VALUES (22, 0, 3891, TO_DATE('2020-05-03', 'YYYY-MM-DD'), 4, 10);
INSERT INTO OFERTA (ID, DIA, PRECIO, ALOJAMIENTO_ID, RESERVA_ID) VALUES (24, TO_DATE('2020-05-03', 'YYYY-MM-DD'), 4795, 5, 22);
UPDATE ALOJAMIENTO SET ULTIMA_RESERVA = TO_DATE('2020-05-03', 'YYYY-MM-DD') WHERE ID = 5;
INSERT INTO OFERTA (ID, DIA, PRECIO, ALOJAMIENTO_ID, RESERVA_ID) VALUES (25, TO_DATE('2020-05-03', 'YYYY-MM-DD'), 7247, 139, 22);
UPDATE ALOJAMIENTO SET ULTIMA_RESERVA = TO_DATE('2020-05-03', 'YYYY-MM-DD') WHERE ID = 139;
INSERT INTO OFERTA (ID, DIA, PRECIO, ALOJAMIENTO_ID, RESERVA_ID) VALUES (26, TO_DATE('2020-05-03', 'YYYY-MM-DD'), 5662, 86, 22);
UPDATE ALOJAMIENTO SET ULTIMA_RESERVA = TO_DATE('2020-05-03', 'YYYY-MM-DD') WHERE ID = 86;
INSERT INTO RESERVA (ID, ESTADO, VALOR_TOTAL, FECHA_REALIZACION, CLIENTE_ID) VALUES (23, 1, 1896, TO_DATE('2020-05-03', 'YYYY-MM-DD'), 32);
INSERT INTO RESERVA (ID, ESTADO, VALOR_TOTAL, FECHA_REALIZACION, RESERVA_COLECTIVA_ID, CLIENTE_ID) VALUES (24, 1, 6636, TO_DATE('2020-05-03', 'YYYY-MM-DD'), 1, 9);
INSERT INTO RESERVA (ID, ESTADO, VALOR_TOTAL, FECHA_REALIZACION, RESERVA_COLECTIVA_ID, CLIENTE_ID) VALUES (25, 1, 944, TO_DATE('2020-05-03', 'YYYY-MM-DD'), 7, 28);
INSERT INTO OFERTA (ID, DIA, PRECIO, ALOJAMIENTO_ID, RESERVA_ID) VALUES (27, TO_DATE('2020-05-03', 'YYYY-MM-DD'), 8832, 79, 23);
UPDATE ALOJAMIENTO SET ULTIMA_RESERVA = TO_DATE('2020-05-03', 'YYYY-MM-DD') WHERE ID = 79;
INSERT INTO RESERVA (ID, ESTADO, VALOR_TOTAL, FECHA_REALIZACION, CLIENTE_ID) VALUES (26, 1, 3133, TO_DATE('2020-05-03', 'YYYY-MM-DD'), 0);
INSERT INTO RESERVA (ID, ESTADO, VALOR_TOTAL, FECHA_REALIZACION, RESERVA_COLECTIVA_ID, CLIENTE_ID) VALUES (27, 0, 5569, TO_DATE('2020-05-03', 'YYYY-MM-DD'), 4, 43);
INSERT INTO RESERVA (ID, ESTADO, VALOR_TOTAL, FECHA_REALIZACION, RESERVA_COLECTIVA_ID, CLIENTE_ID) VALUES (28, 0, 1283, TO_DATE('2020-05-03', 'YYYY-MM-DD'), 0, 20);
INSERT INTO OFERTA (ID, DIA, PRECIO, ALOJAMIENTO_ID, RESERVA_ID) VALUES (28, TO_DATE('2020-05-03', 'YYYY-MM-DD'), 4377, 20, 27);
UPDATE ALOJAMIENTO SET ULTIMA_RESERVA = TO_DATE('2020-05-03', 'YYYY-MM-DD') WHERE ID = 20;
INSERT INTO RESERVA (ID, ESTADO, VALOR_TOTAL, FECHA_REALIZACION, CLIENTE_ID) VALUES (29, 0, 6738, TO_DATE('2020-05-03', 'YYYY-MM-DD'), 45);
INSERT INTO RESERVA (ID, ESTADO, VALOR_TOTAL, FECHA_REALIZACION, RESERVA_COLECTIVA_ID, CLIENTE_ID) VALUES (30, 1, 4747, TO_DATE('2020-05-03', 'YYYY-MM-DD'), 3, 22);
INSERT INTO RESERVA (ID, ESTADO, VALOR_TOTAL, FECHA_REALIZACION, RESERVA_COLECTIVA_ID, CLIENTE_ID) VALUES (31, 0, 2267, TO_DATE('2020-05-03', 'YYYY-MM-DD'), 4, 46);
INSERT INTO OFERTA (ID, DIA, PRECIO, ALOJAMIENTO_ID, RESERVA_ID) VALUES (29, TO_DATE('2020-05-03', 'YYYY-MM-DD'), 260, 69, 30);
UPDATE ALOJAMIENTO SET ULTIMA_RESERVA = TO_DATE('2020-05-03', 'YYYY-MM-DD') WHERE ID = 69;
INSERT INTO OFERTA (ID, DIA, PRECIO, ALOJAMIENTO_ID, RESERVA_ID) VALUES (30, TO_DATE('2020-05-03', 'YYYY-MM-DD'), 6382, 87, 30);
UPDATE ALOJAMIENTO SET ULTIMA_RESERVA = TO_DATE('2020-05-03', 'YYYY-MM-DD') WHERE ID = 87;
INSERT INTO OFERTA (ID, DIA, PRECIO, ALOJAMIENTO_ID, RESERVA_ID) VALUES (31, TO_DATE('2020-05-03', 'YYYY-MM-DD'), 862, 96, 29);
UPDATE ALOJAMIENTO SET ULTIMA_RESERVA = TO_DATE('2020-05-03', 'YYYY-MM-DD') WHERE ID = 96;
INSERT INTO OFERTA (ID, DIA, PRECIO, ALOJAMIENTO_ID, RESERVA_ID) VALUES (32, TO_DATE('2020-05-03', 'YYYY-MM-DD'), 4154, 136, 31);
UPDATE ALOJAMIENTO SET ULTIMA_RESERVA = TO_DATE('2020-05-03', 'YYYY-MM-DD') WHERE ID = 136;
INSERT INTO OFERTA (ID, DIA, PRECIO, ALOJAMIENTO_ID, RESERVA_ID) VALUES (33, TO_DATE('2020-05-03', 'YYYY-MM-DD'), 5158, 155, 29);
UPDATE ALOJAMIENTO SET ULTIMA_RESERVA = TO_DATE('2020-05-03', 'YYYY-MM-DD') WHERE ID = 155;
INSERT INTO OFERTA (ID, DIA, PRECIO, ALOJAMIENTO_ID, RESERVA_ID) VALUES (34, TO_DATE('2020-05-03', 'YYYY-MM-DD'), 2464, 159, 29);
UPDATE ALOJAMIENTO SET ULTIMA_RESERVA = TO_DATE('2020-05-03', 'YYYY-MM-DD') WHERE ID = 159;
INSERT INTO RESERVA (ID, ESTADO, VALOR_TOTAL, FECHA_REALIZACION, RESERVA_COLECTIVA_ID, CLIENTE_ID) VALUES (32, 1, 8838, TO_DATE('2020-05-03', 'YYYY-MM-DD'), 10, 10);
INSERT INTO OFERTA (ID, DIA, PRECIO, ALOJAMIENTO_ID, RESERVA_ID) VALUES (35, TO_DATE('2020-05-03', 'YYYY-MM-DD'), 19, 15, 32);
UPDATE ALOJAMIENTO SET ULTIMA_RESERVA = TO_DATE('2020-05-03', 'YYYY-MM-DD') WHERE ID = 15;
INSERT INTO OFERTA (ID, DIA, PRECIO, ALOJAMIENTO_ID, RESERVA_ID) VALUES (36, TO_DATE('2020-05-03', 'YYYY-MM-DD'), 9059, 182, 32);
UPDATE ALOJAMIENTO SET ULTIMA_RESERVA = TO_DATE('2020-05-03', 'YYYY-MM-DD') WHERE ID = 182;
INSERT INTO OFERTA (ID, DIA, PRECIO, ALOJAMIENTO_ID, RESERVA_ID) VALUES (37, TO_DATE('2020-05-03', 'YYYY-MM-DD'), 8063, 128, 32);
UPDATE ALOJAMIENTO SET ULTIMA_RESERVA = TO_DATE('2020-05-03', 'YYYY-MM-DD') WHERE ID = 128;
INSERT INTO RESERVA (ID, ESTADO, VALOR_TOTAL, FECHA_REALIZACION, CLIENTE_ID) VALUES (33, 1, 8311, TO_DATE('2020-05-03', 'YYYY-MM-DD'), 3);
INSERT INTO RESERVA (ID, ESTADO, VALOR_TOTAL, FECHA_REALIZACION, RESERVA_COLECTIVA_ID, CLIENTE_ID) VALUES (34, 1, 9304, TO_DATE('2020-05-03', 'YYYY-MM-DD'), 2, 39);
INSERT INTO OFERTA (ID, DIA, PRECIO, ALOJAMIENTO_ID, RESERVA_ID) VALUES (38, TO_DATE('2020-05-03', 'YYYY-MM-DD'), 6857, 81, 33);
UPDATE ALOJAMIENTO SET ULTIMA_RESERVA = TO_DATE('2020-05-03', 'YYYY-MM-DD') WHERE ID = 81;
INSERT INTO RESERVA (ID, ESTADO, VALOR_TOTAL, FECHA_REALIZACION, CLIENTE_ID) VALUES (35, 1, 8448, TO_DATE('2020-05-03', 'YYYY-MM-DD'), 37);
INSERT INTO RESERVA (ID, ESTADO, VALOR_TOTAL, FECHA_REALIZACION, RESERVA_COLECTIVA_ID, CLIENTE_ID) VALUES (36, 0, 5679, TO_DATE('2020-05-03', 'YYYY-MM-DD'), 0, 30);
INSERT INTO OFERTA (ID, DIA, PRECIO, ALOJAMIENTO_ID, RESERVA_ID) VALUES (39, TO_DATE('2020-05-03', 'YYYY-MM-DD'), 1190, 24, 36);
UPDATE ALOJAMIENTO SET ULTIMA_RESERVA = TO_DATE('2020-05-03', 'YYYY-MM-DD') WHERE ID = 24;
INSERT INTO OFERTA (ID, DIA, PRECIO, ALOJAMIENTO_ID, RESERVA_ID) VALUES (40, TO_DATE('2020-05-03', 'YYYY-MM-DD'), 7833, 12, 36);
UPDATE ALOJAMIENTO SET ULTIMA_RESERVA = TO_DATE('2020-05-03', 'YYYY-MM-DD') WHERE ID = 12;
INSERT INTO OFERTA (ID, DIA, PRECIO, ALOJAMIENTO_ID, RESERVA_ID) VALUES (41, TO_DATE('2020-05-03', 'YYYY-MM-DD'), 9514, 20, 36);
UPDATE ALOJAMIENTO SET ULTIMA_RESERVA = TO_DATE('2020-05-03', 'YYYY-MM-DD') WHERE ID = 20;
INSERT INTO RESERVA (ID, ESTADO, VALOR_TOTAL, FECHA_REALIZACION, CLIENTE_ID) VALUES (37, 0, 6968, TO_DATE('2020-05-03', 'YYYY-MM-DD'), 21);
INSERT INTO RESERVA (ID, ESTADO, VALOR_TOTAL, FECHA_REALIZACION, RESERVA_COLECTIVA_ID, CLIENTE_ID) VALUES (38, 1, 7146, TO_DATE('2020-05-03', 'YYYY-MM-DD'), 7, 34);
INSERT INTO RESERVA (ID, ESTADO, VALOR_TOTAL, FECHA_REALIZACION, RESERVA_COLECTIVA_ID, CLIENTE_ID) VALUES (39, 1, 6739, TO_DATE('2020-05-03', 'YYYY-MM-DD'), 1, 37);
INSERT INTO OFERTA (ID, DIA, PRECIO, ALOJAMIENTO_ID, RESERVA_ID) VALUES (42, TO_DATE('2020-05-03', 'YYYY-MM-DD'), 8974, 98, 39);
UPDATE ALOJAMIENTO SET ULTIMA_RESERVA = TO_DATE('2020-05-03', 'YYYY-MM-DD') WHERE ID = 98;
INSERT INTO RESERVA (ID, ESTADO, VALOR_TOTAL, FECHA_REALIZACION, CLIENTE_ID) VALUES (40, 1, 9916, TO_DATE('2020-05-03', 'YYYY-MM-DD'), 40);
INSERT INTO RESERVA (ID, ESTADO, VALOR_TOTAL, FECHA_REALIZACION, RESERVA_COLECTIVA_ID, CLIENTE_ID) VALUES (41, 1, 4520, TO_DATE('2020-05-03', 'YYYY-MM-DD'), 6, 14);
INSERT INTO OFERTA (ID, DIA, PRECIO, ALOJAMIENTO_ID, RESERVA_ID) VALUES (43, TO_DATE('2020-05-03', 'YYYY-MM-DD'), 9262, 73, 40);
UPDATE ALOJAMIENTO SET ULTIMA_RESERVA = TO_DATE('2020-05-03', 'YYYY-MM-DD') WHERE ID = 73;
INSERT INTO OFERTA (ID, DIA, PRECIO, ALOJAMIENTO_ID, RESERVA_ID) VALUES (44, TO_DATE('2020-05-03', 'YYYY-MM-DD'), 9684, 136, 41);
UPDATE ALOJAMIENTO SET ULTIMA_RESERVA = TO_DATE('2020-05-03', 'YYYY-MM-DD') WHERE ID = 136;
INSERT INTO OFERTA (ID, DIA, PRECIO, ALOJAMIENTO_ID, RESERVA_ID) VALUES (45, TO_DATE('2020-05-03', 'YYYY-MM-DD'), 4907, 4, 40);
UPDATE ALOJAMIENTO SET ULTIMA_RESERVA = TO_DATE('2020-05-03', 'YYYY-MM-DD') WHERE ID = 4;
INSERT INTO OFERTA (ID, DIA, PRECIO, ALOJAMIENTO_ID, RESERVA_ID) VALUES (46, TO_DATE('2020-05-03', 'YYYY-MM-DD'), 6517, 123, 40);
UPDATE ALOJAMIENTO SET ULTIMA_RESERVA = TO_DATE('2020-05-03', 'YYYY-MM-DD') WHERE ID = 123;
INSERT INTO OFERTA (ID, DIA, PRECIO, ALOJAMIENTO_ID, RESERVA_ID) VALUES (47, TO_DATE('2020-05-03', 'YYYY-MM-DD'), 8791, 97, 40);
UPDATE ALOJAMIENTO SET ULTIMA_RESERVA = TO_DATE('2020-05-03', 'YYYY-MM-DD') WHERE ID = 97;
INSERT INTO OFERTA (ID, DIA, PRECIO, ALOJAMIENTO_ID, RESERVA_ID) VALUES (48, TO_DATE('2020-05-03', 'YYYY-MM-DD'), 1458, 63, 40);
UPDATE ALOJAMIENTO SET ULTIMA_RESERVA = TO_DATE('2020-05-03', 'YYYY-MM-DD') WHERE ID = 63;
INSERT INTO RESERVA (ID, ESTADO, VALOR_TOTAL, FECHA_REALIZACION, CLIENTE_ID) VALUES (42, 1, 6883, TO_DATE('2020-05-03', 'YYYY-MM-DD'), 7);
INSERT INTO RESERVA (ID, ESTADO, VALOR_TOTAL, FECHA_REALIZACION, RESERVA_COLECTIVA_ID, CLIENTE_ID) VALUES (43, 1, 8560, TO_DATE('2020-05-03', 'YYYY-MM-DD'), 7, 25);
INSERT INTO RESERVA (ID, ESTADO, VALOR_TOTAL, FECHA_REALIZACION, RESERVA_COLECTIVA_ID, CLIENTE_ID) VALUES (44, 0, 1982, TO_DATE('2020-05-03', 'YYYY-MM-DD'), 6, 38);
INSERT INTO OFERTA (ID, DIA, PRECIO, ALOJAMIENTO_ID, RESERVA_ID) VALUES (49, TO_DATE('2020-05-03', 'YYYY-MM-DD'), 7131, 76, 44);
UPDATE ALOJAMIENTO SET ULTIMA_RESERVA = TO_DATE('2020-05-03', 'YYYY-MM-DD') WHERE ID = 76;
INSERT INTO OFERTA (ID, DIA, PRECIO, ALOJAMIENTO_ID, RESERVA_ID) VALUES (50, TO_DATE('2020-05-03', 'YYYY-MM-DD'), 2569, 52, 43);
UPDATE ALOJAMIENTO SET ULTIMA_RESERVA = TO_DATE('2020-05-03', 'YYYY-MM-DD') WHERE ID = 52;
INSERT INTO OFERTA (ID, DIA, PRECIO, ALOJAMIENTO_ID, RESERVA_ID) VALUES (51, TO_DATE('2020-05-03', 'YYYY-MM-DD'), 1600, 139, 42);
UPDATE ALOJAMIENTO SET ULTIMA_RESERVA = TO_DATE('2020-05-03', 'YYYY-MM-DD') WHERE ID = 139;
INSERT INTO OFERTA (ID, DIA, PRECIO, ALOJAMIENTO_ID, RESERVA_ID) VALUES (52, TO_DATE('2020-05-03', 'YYYY-MM-DD'), 1393, 51, 42);
UPDATE ALOJAMIENTO SET ULTIMA_RESERVA = TO_DATE('2020-05-03', 'YYYY-MM-DD') WHERE ID = 51;
INSERT INTO OFERTA (ID, DIA, PRECIO, ALOJAMIENTO_ID, RESERVA_ID) VALUES (53, TO_DATE('2020-05-03', 'YYYY-MM-DD'), 5862, 117, 42);
UPDATE ALOJAMIENTO SET ULTIMA_RESERVA = TO_DATE('2020-05-03', 'YYYY-MM-DD') WHERE ID = 117;
INSERT INTO RESERVA (ID, ESTADO, VALOR_TOTAL, FECHA_REALIZACION, RESERVA_COLECTIVA_ID, CLIENTE_ID) VALUES (45, 0, 2981, TO_DATE('2020-05-03', 'YYYY-MM-DD'), 2, 41);
INSERT INTO OFERTA (ID, DIA, PRECIO, ALOJAMIENTO_ID, RESERVA_ID) VALUES (54, TO_DATE('2020-05-03', 'YYYY-MM-DD'), 4600, 122, 45);
UPDATE ALOJAMIENTO SET ULTIMA_RESERVA = TO_DATE('2020-05-03', 'YYYY-MM-DD') WHERE ID = 122;
INSERT INTO OFERTA (ID, DIA, PRECIO, ALOJAMIENTO_ID, RESERVA_ID) VALUES (55, TO_DATE('2020-05-03', 'YYYY-MM-DD'), 2554, 31, 45);
UPDATE ALOJAMIENTO SET ULTIMA_RESERVA = TO_DATE('2020-05-03', 'YYYY-MM-DD') WHERE ID = 31;
INSERT INTO OFERTA (ID, DIA, PRECIO, ALOJAMIENTO_ID, RESERVA_ID) VALUES (56, TO_DATE('2020-05-03', 'YYYY-MM-DD'), 6128, 4, 45);
UPDATE ALOJAMIENTO SET ULTIMA_RESERVA = TO_DATE('2020-05-03', 'YYYY-MM-DD') WHERE ID = 4;
INSERT INTO OFERTA (ID, DIA, PRECIO, ALOJAMIENTO_ID, RESERVA_ID) VALUES (57, TO_DATE('2020-05-03', 'YYYY-MM-DD'), 804, 121, 45);
UPDATE ALOJAMIENTO SET ULTIMA_RESERVA = TO_DATE('2020-05-03', 'YYYY-MM-DD') WHERE ID = 121;
INSERT INTO OFERTA (ID, DIA, PRECIO, ALOJAMIENTO_ID, RESERVA_ID) VALUES (58, TO_DATE('2020-05-03', 'YYYY-MM-DD'), 7977, 100, 45);
UPDATE ALOJAMIENTO SET ULTIMA_RESERVA = TO_DATE('2020-05-03', 'YYYY-MM-DD') WHERE ID = 100;
INSERT INTO OFERTA (ID, DIA, PRECIO, ALOJAMIENTO_ID, RESERVA_ID) VALUES (59, TO_DATE('2020-05-03', 'YYYY-MM-DD'), 9772, 60, 45);
UPDATE ALOJAMIENTO SET ULTIMA_RESERVA = TO_DATE('2020-05-03', 'YYYY-MM-DD') WHERE ID = 60;
INSERT INTO RESERVA (ID, ESTADO, VALOR_TOTAL, FECHA_REALIZACION, RESERVA_COLECTIVA_ID, CLIENTE_ID) VALUES (46, 0, 995, TO_DATE('2020-05-03', 'YYYY-MM-DD'), 8, 9);
INSERT INTO OFERTA (ID, DIA, PRECIO, ALOJAMIENTO_ID, RESERVA_ID) VALUES (60, TO_DATE('2020-05-03', 'YYYY-MM-DD'), 4805, 7, 46);
UPDATE ALOJAMIENTO SET ULTIMA_RESERVA = TO_DATE('2020-05-03', 'YYYY-MM-DD') WHERE ID = 7;
INSERT INTO OFERTA (ID, DIA, PRECIO, ALOJAMIENTO_ID, RESERVA_ID) VALUES (61, TO_DATE('2020-05-03', 'YYYY-MM-DD'), 5666, 67, 46);
UPDATE ALOJAMIENTO SET ULTIMA_RESERVA = TO_DATE('2020-05-03', 'YYYY-MM-DD') WHERE ID = 67;
INSERT INTO OFERTA (ID, DIA, PRECIO, ALOJAMIENTO_ID, RESERVA_ID) VALUES (62, TO_DATE('2020-05-03', 'YYYY-MM-DD'), 102, 50, 46);
UPDATE ALOJAMIENTO SET ULTIMA_RESERVA = TO_DATE('2020-05-03', 'YYYY-MM-DD') WHERE ID = 50;
INSERT INTO RESERVA (ID, ESTADO, VALOR_TOTAL, FECHA_REALIZACION, CLIENTE_ID) VALUES (47, 0, 9748, TO_DATE('2020-05-03', 'YYYY-MM-DD'), 5);
INSERT INTO RESERVA (ID, ESTADO, VALOR_TOTAL, FECHA_REALIZACION, RESERVA_COLECTIVA_ID, CLIENTE_ID) VALUES (48, 1, 8156, TO_DATE('2020-05-03', 'YYYY-MM-DD'), 5, 41);
INSERT INTO RESERVA (ID, ESTADO, VALOR_TOTAL, FECHA_REALIZACION, RESERVA_COLECTIVA_ID, CLIENTE_ID) VALUES (49, 0, 5771, TO_DATE('2020-05-03', 'YYYY-MM-DD'), 5, 33);
INSERT INTO OFERTA (ID, DIA, PRECIO, ALOJAMIENTO_ID, RESERVA_ID) VALUES (63, TO_DATE('2020-05-03', 'YYYY-MM-DD'), 6982, 43, 49);
UPDATE ALOJAMIENTO SET ULTIMA_RESERVA = TO_DATE('2020-05-03', 'YYYY-MM-DD') WHERE ID = 43;
INSERT INTO RESERVA (ID, ESTADO, VALOR_TOTAL, FECHA_REALIZACION, CLIENTE_ID) VALUES (50, 1, 9466, TO_DATE('2020-05-03', 'YYYY-MM-DD'), 25);
INSERT INTO RESERVA (ID, ESTADO, VALOR_TOTAL, FECHA_REALIZACION, RESERVA_COLECTIVA_ID, CLIENTE_ID) VALUES (51, 0, 7304, TO_DATE('2020-05-03', 'YYYY-MM-DD'), 10, 13);
INSERT INTO OFERTA (ID, DIA, PRECIO, ALOJAMIENTO_ID, RESERVA_ID) VALUES (64, TO_DATE('2020-05-03', 'YYYY-MM-DD'), 7703, 161, 50);
UPDATE ALOJAMIENTO SET ULTIMA_RESERVA = TO_DATE('2020-05-03', 'YYYY-MM-DD') WHERE ID = 161;
INSERT INTO OFERTA (ID, DIA, PRECIO, ALOJAMIENTO_ID, RESERVA_ID) VALUES (65, TO_DATE('2020-05-03', 'YYYY-MM-DD'), 2760, 137, 51);
UPDATE ALOJAMIENTO SET ULTIMA_RESERVA = TO_DATE('2020-05-03', 'YYYY-MM-DD') WHERE ID = 137;
INSERT INTO OFERTA (ID, DIA, PRECIO, ALOJAMIENTO_ID, RESERVA_ID) VALUES (66, TO_DATE('2020-05-03', 'YYYY-MM-DD'), 847, 52, 50);
UPDATE ALOJAMIENTO SET ULTIMA_RESERVA = TO_DATE('2020-05-03', 'YYYY-MM-DD') WHERE ID = 52;
INSERT INTO OFERTA (ID, DIA, PRECIO, ALOJAMIENTO_ID, RESERVA_ID) VALUES (67, TO_DATE('2020-05-03', 'YYYY-MM-DD'), 9408, 40, 50);
UPDATE ALOJAMIENTO SET ULTIMA_RESERVA = TO_DATE('2020-05-03', 'YYYY-MM-DD') WHERE ID = 40;
INSERT INTO OFERTA (ID, DIA, PRECIO, ALOJAMIENTO_ID, RESERVA_ID) VALUES (68, TO_DATE('2020-05-03', 'YYYY-MM-DD'), 9068, 31, 51);
UPDATE ALOJAMIENTO SET ULTIMA_RESERVA = TO_DATE('2020-05-03', 'YYYY-MM-DD') WHERE ID = 31;
INSERT INTO OFERTA (ID, DIA, PRECIO, ALOJAMIENTO_ID, RESERVA_ID) VALUES (69, TO_DATE('2020-05-03', 'YYYY-MM-DD'), 2394, 70, 50);
UPDATE ALOJAMIENTO SET ULTIMA_RESERVA = TO_DATE('2020-05-03', 'YYYY-MM-DD') WHERE ID = 70;
INSERT INTO RESERVA (ID, ESTADO, VALOR_TOTAL, FECHA_REALIZACION, CLIENTE_ID) VALUES (52, 1, 4964, TO_DATE('2020-05-03', 'YYYY-MM-DD'), 4);
INSERT INTO RESERVA (ID, ESTADO, VALOR_TOTAL, FECHA_REALIZACION, RESERVA_COLECTIVA_ID, CLIENTE_ID) VALUES (53, 0, 7539, TO_DATE('2020-05-03', 'YYYY-MM-DD'), 4, 46);
INSERT INTO RESERVA (ID, ESTADO, VALOR_TOTAL, FECHA_REALIZACION, RESERVA_COLECTIVA_ID, CLIENTE_ID) VALUES (54, 1, 3804, TO_DATE('2020-05-03', 'YYYY-MM-DD'), 8, 41);
INSERT INTO OFERTA (ID, DIA, PRECIO, ALOJAMIENTO_ID, RESERVA_ID) VALUES (70, TO_DATE('2020-05-03', 'YYYY-MM-DD'), 6519, 0, 53);
UPDATE ALOJAMIENTO SET ULTIMA_RESERVA = TO_DATE('2020-05-03', 'YYYY-MM-DD') WHERE ID = 0;
INSERT INTO OFERTA (ID, DIA, PRECIO, ALOJAMIENTO_ID, RESERVA_ID) VALUES (71, TO_DATE('2020-05-03', 'YYYY-MM-DD'), 1768, 101, 53);
UPDATE ALOJAMIENTO SET ULTIMA_RESERVA = TO_DATE('2020-05-03', 'YYYY-MM-DD') WHERE ID = 101;
INSERT INTO OFERTA (ID, DIA, PRECIO, ALOJAMIENTO_ID, RESERVA_ID) VALUES (72, TO_DATE('2020-05-03', 'YYYY-MM-DD'), 2450, 128, 52);
UPDATE ALOJAMIENTO SET ULTIMA_RESERVA = TO_DATE('2020-05-03', 'YYYY-MM-DD') WHERE ID = 128;
INSERT INTO RESERVA (ID, ESTADO, VALOR_TOTAL, FECHA_REALIZACION, CLIENTE_ID) VALUES (55, 1, 445, TO_DATE('2020-05-03', 'YYYY-MM-DD'), 49);
INSERT INTO RESERVA (ID, ESTADO, VALOR_TOTAL, FECHA_REALIZACION, RESERVA_COLECTIVA_ID, CLIENTE_ID) VALUES (56, 0, 5345, TO_DATE('2020-05-03', 'YYYY-MM-DD'), 8, 37);
INSERT INTO RESERVA (ID, ESTADO, VALOR_TOTAL, FECHA_REALIZACION, RESERVA_COLECTIVA_ID, CLIENTE_ID) VALUES (57, 1, 4584, TO_DATE('2020-05-03', 'YYYY-MM-DD'), 6, 28);
INSERT INTO OFERTA (ID, DIA, PRECIO, ALOJAMIENTO_ID, RESERVA_ID) VALUES (73, TO_DATE('2020-05-03', 'YYYY-MM-DD'), 750, 181, 57);
UPDATE ALOJAMIENTO SET ULTIMA_RESERVA = TO_DATE('2020-05-03', 'YYYY-MM-DD') WHERE ID = 181;
INSERT INTO RESERVA (ID, ESTADO, VALOR_TOTAL, FECHA_REALIZACION, CLIENTE_ID) VALUES (58, 0, 1101, TO_DATE('2020-05-03', 'YYYY-MM-DD'), 15);
INSERT INTO RESERVA (ID, ESTADO, VALOR_TOTAL, FECHA_REALIZACION, RESERVA_COLECTIVA_ID, CLIENTE_ID) VALUES (59, 1, 2074, TO_DATE('2020-05-03', 'YYYY-MM-DD'), 9, 15);
INSERT INTO OFERTA (ID, DIA, PRECIO, ALOJAMIENTO_ID, RESERVA_ID) VALUES (74, TO_DATE('2020-05-03', 'YYYY-MM-DD'), 1501, 170, 58);
UPDATE ALOJAMIENTO SET ULTIMA_RESERVA = TO_DATE('2020-05-03', 'YYYY-MM-DD') WHERE ID = 170;
INSERT INTO OFERTA (ID, DIA, PRECIO, ALOJAMIENTO_ID, RESERVA_ID) VALUES (75, TO_DATE('2020-05-03', 'YYYY-MM-DD'), 9213, 36, 58);
UPDATE ALOJAMIENTO SET ULTIMA_RESERVA = TO_DATE('2020-05-03', 'YYYY-MM-DD') WHERE ID = 36;
INSERT INTO RESERVA (ID, ESTADO, VALOR_TOTAL, FECHA_REALIZACION, CLIENTE_ID) VALUES (60, 1, 7757, TO_DATE('2020-05-03', 'YYYY-MM-DD'), 2);
INSERT INTO RESERVA (ID, ESTADO, VALOR_TOTAL, FECHA_REALIZACION, RESERVA_COLECTIVA_ID, CLIENTE_ID) VALUES (61, 1, 2177, TO_DATE('2020-05-03', 'YYYY-MM-DD'), 5, 27);
INSERT INTO OFERTA (ID, DIA, PRECIO, ALOJAMIENTO_ID, RESERVA_ID) VALUES (76, TO_DATE('2020-05-03', 'YYYY-MM-DD'), 9654, 135, 60);
UPDATE ALOJAMIENTO SET ULTIMA_RESERVA = TO_DATE('2020-05-03', 'YYYY-MM-DD') WHERE ID = 135;
INSERT INTO RESERVA (ID, ESTADO, VALOR_TOTAL, FECHA_REALIZACION, RESERVA_COLECTIVA_ID, CLIENTE_ID) VALUES (62, 1, 5109, TO_DATE('2020-05-03', 'YYYY-MM-DD'), 4, 49);
INSERT INTO OFERTA (ID, DIA, PRECIO, ALOJAMIENTO_ID, RESERVA_ID) VALUES (77, TO_DATE('2020-05-03', 'YYYY-MM-DD'), 8577, 170, 62);
UPDATE ALOJAMIENTO SET ULTIMA_RESERVA = TO_DATE('2020-05-03', 'YYYY-MM-DD') WHERE ID = 170;
INSERT INTO RESERVA (ID, ESTADO, VALOR_TOTAL, FECHA_REALIZACION, RESERVA_COLECTIVA_ID, CLIENTE_ID) VALUES (63, 1, 4227, TO_DATE('2020-05-03', 'YYYY-MM-DD'), 2, 26);
INSERT INTO OFERTA (ID, DIA, PRECIO, ALOJAMIENTO_ID, RESERVA_ID) VALUES (78, TO_DATE('2020-05-03', 'YYYY-MM-DD'), 5777, 71, 63);
UPDATE ALOJAMIENTO SET ULTIMA_RESERVA = TO_DATE('2020-05-03', 'YYYY-MM-DD') WHERE ID = 71;
INSERT INTO OFERTA (ID, DIA, PRECIO, ALOJAMIENTO_ID, RESERVA_ID) VALUES (79, TO_DATE('2020-05-03', 'YYYY-MM-DD'), 8401, 52, 63);
UPDATE ALOJAMIENTO SET ULTIMA_RESERVA = TO_DATE('2020-05-03', 'YYYY-MM-DD') WHERE ID = 52;
INSERT INTO OFERTA (ID, DIA, PRECIO, ALOJAMIENTO_ID, RESERVA_ID) VALUES (80, TO_DATE('2020-05-03', 'YYYY-MM-DD'), 2705, 25, 63);
UPDATE ALOJAMIENTO SET ULTIMA_RESERVA = TO_DATE('2020-05-03', 'YYYY-MM-DD') WHERE ID = 25;
INSERT INTO RESERVA (ID, ESTADO, VALOR_TOTAL, FECHA_REALIZACION, CLIENTE_ID) VALUES (64, 1, 8485, TO_DATE('2020-05-03', 'YYYY-MM-DD'), 0);
INSERT INTO RESERVA (ID, ESTADO, VALOR_TOTAL, FECHA_REALIZACION, RESERVA_COLECTIVA_ID, CLIENTE_ID) VALUES (65, 1, 7635, TO_DATE('2020-05-03', 'YYYY-MM-DD'), 2, 3);
INSERT INTO OFERTA (ID, DIA, PRECIO, ALOJAMIENTO_ID, RESERVA_ID) VALUES (81, TO_DATE('2020-05-03', 'YYYY-MM-DD'), 9732, 168, 65);
UPDATE ALOJAMIENTO SET ULTIMA_RESERVA = TO_DATE('2020-05-03', 'YYYY-MM-DD') WHERE ID = 168;
INSERT INTO OFERTA (ID, DIA, PRECIO, ALOJAMIENTO_ID, RESERVA_ID) VALUES (82, TO_DATE('2020-05-03', 'YYYY-MM-DD'), 3090, 186, 65);
UPDATE ALOJAMIENTO SET ULTIMA_RESERVA = TO_DATE('2020-05-03', 'YYYY-MM-DD') WHERE ID = 186;
INSERT INTO RESERVA (ID, ESTADO, VALOR_TOTAL, FECHA_REALIZACION, CLIENTE_ID) VALUES (66, 0, 5912, TO_DATE('2020-05-03', 'YYYY-MM-DD'), 4);
INSERT INTO RESERVA (ID, ESTADO, VALOR_TOTAL, FECHA_REALIZACION, RESERVA_COLECTIVA_ID, CLIENTE_ID) VALUES (67, 1, 5000, TO_DATE('2020-05-03', 'YYYY-MM-DD'), 1, 33);
INSERT INTO OFERTA (ID, DIA, PRECIO, ALOJAMIENTO_ID, RESERVA_ID) VALUES (83, TO_DATE('2020-05-03', 'YYYY-MM-DD'), 433, 145, 66);
UPDATE ALOJAMIENTO SET ULTIMA_RESERVA = TO_DATE('2020-05-03', 'YYYY-MM-DD') WHERE ID = 145;
INSERT INTO OFERTA (ID, DIA, PRECIO, ALOJAMIENTO_ID, RESERVA_ID) VALUES (84, TO_DATE('2020-05-03', 'YYYY-MM-DD'), 7968, 128, 67);
UPDATE ALOJAMIENTO SET ULTIMA_RESERVA = TO_DATE('2020-05-03', 'YYYY-MM-DD') WHERE ID = 128;
INSERT INTO OFERTA (ID, DIA, PRECIO, ALOJAMIENTO_ID, RESERVA_ID) VALUES (85, TO_DATE('2020-05-03', 'YYYY-MM-DD'), 7693, 129, 67);
UPDATE ALOJAMIENTO SET ULTIMA_RESERVA = TO_DATE('2020-05-03', 'YYYY-MM-DD') WHERE ID = 129;
INSERT INTO OFERTA (ID, DIA, PRECIO, ALOJAMIENTO_ID, RESERVA_ID) VALUES (86, TO_DATE('2020-05-03', 'YYYY-MM-DD'), 6867, 104, 66);
UPDATE ALOJAMIENTO SET ULTIMA_RESERVA = TO_DATE('2020-05-03', 'YYYY-MM-DD') WHERE ID = 104;
INSERT INTO OFERTA (ID, DIA, PRECIO, ALOJAMIENTO_ID, RESERVA_ID) VALUES (87, TO_DATE('2020-05-03', 'YYYY-MM-DD'), 5606, 168, 66);
UPDATE ALOJAMIENTO SET ULTIMA_RESERVA = TO_DATE('2020-05-03', 'YYYY-MM-DD') WHERE ID = 168;
INSERT INTO RESERVA (ID, ESTADO, VALOR_TOTAL, FECHA_REALIZACION, CLIENTE_ID) VALUES (68, 1, 3142, TO_DATE('2020-05-03', 'YYYY-MM-DD'), 8);
INSERT INTO RESERVA (ID, ESTADO, VALOR_TOTAL, FECHA_REALIZACION, RESERVA_COLECTIVA_ID, CLIENTE_ID) VALUES (69, 1, 5461, TO_DATE('2020-05-03', 'YYYY-MM-DD'), 0, 24);
INSERT INTO OFERTA (ID, DIA, PRECIO, ALOJAMIENTO_ID, RESERVA_ID) VALUES (88, TO_DATE('2020-05-03', 'YYYY-MM-DD'), 7147, 16, 68);
UPDATE ALOJAMIENTO SET ULTIMA_RESERVA = TO_DATE('2020-05-03', 'YYYY-MM-DD') WHERE ID = 16;
INSERT INTO RESERVA (ID, ESTADO, VALOR_TOTAL, FECHA_REALIZACION, CLIENTE_ID) VALUES (70, 0, 4531, TO_DATE('2020-05-03', 'YYYY-MM-DD'), 33);
INSERT INTO RESERVA (ID, ESTADO, VALOR_TOTAL, FECHA_REALIZACION, RESERVA_COLECTIVA_ID, CLIENTE_ID) VALUES (71, 0, 2214, TO_DATE('2020-05-03', 'YYYY-MM-DD'), 2, 17);
INSERT INTO OFERTA (ID, DIA, PRECIO, ALOJAMIENTO_ID, RESERVA_ID) VALUES (89, TO_DATE('2020-05-03', 'YYYY-MM-DD'), 5469, 70, 70);
UPDATE ALOJAMIENTO SET ULTIMA_RESERVA = TO_DATE('2020-05-03', 'YYYY-MM-DD') WHERE ID = 70;
INSERT INTO OFERTA (ID, DIA, PRECIO, ALOJAMIENTO_ID, RESERVA_ID) VALUES (90, TO_DATE('2020-05-03', 'YYYY-MM-DD'), 2591, 45, 70);
UPDATE ALOJAMIENTO SET ULTIMA_RESERVA = TO_DATE('2020-05-03', 'YYYY-MM-DD') WHERE ID = 45;
INSERT INTO OFERTA (ID, DIA, PRECIO, ALOJAMIENTO_ID, RESERVA_ID) VALUES (91, TO_DATE('2020-05-03', 'YYYY-MM-DD'), 7498, 49, 71);
UPDATE ALOJAMIENTO SET ULTIMA_RESERVA = TO_DATE('2020-05-03', 'YYYY-MM-DD') WHERE ID = 49;
INSERT INTO OFERTA (ID, DIA, PRECIO, ALOJAMIENTO_ID, RESERVA_ID) VALUES (92, TO_DATE('2020-05-03', 'YYYY-MM-DD'), 1399, 174, 71);
UPDATE ALOJAMIENTO SET ULTIMA_RESERVA = TO_DATE('2020-05-03', 'YYYY-MM-DD') WHERE ID = 174;
INSERT INTO RESERVA (ID, ESTADO, VALOR_TOTAL, FECHA_REALIZACION, CLIENTE_ID) VALUES (72, 1, 2923, TO_DATE('2020-05-03', 'YYYY-MM-DD'), 10);
INSERT INTO RESERVA (ID, ESTADO, VALOR_TOTAL, FECHA_REALIZACION, RESERVA_COLECTIVA_ID, CLIENTE_ID) VALUES (73, 0, 660, TO_DATE('2020-05-03', 'YYYY-MM-DD'), 6, 2);
INSERT INTO OFERTA (ID, DIA, PRECIO, ALOJAMIENTO_ID, RESERVA_ID) VALUES (93, TO_DATE('2020-05-03', 'YYYY-MM-DD'), 7969, 33, 73);
UPDATE ALOJAMIENTO SET ULTIMA_RESERVA = TO_DATE('2020-05-03', 'YYYY-MM-DD') WHERE ID = 33;
INSERT INTO OFERTA (ID, DIA, PRECIO, ALOJAMIENTO_ID, RESERVA_ID) VALUES (94, TO_DATE('2020-05-03', 'YYYY-MM-DD'), 7038, 124, 72);
UPDATE ALOJAMIENTO SET ULTIMA_RESERVA = TO_DATE('2020-05-03', 'YYYY-MM-DD') WHERE ID = 124;
INSERT INTO OFERTA (ID, DIA, PRECIO, ALOJAMIENTO_ID, RESERVA_ID) VALUES (95, TO_DATE('2020-05-03', 'YYYY-MM-DD'), 3788, 120, 73);
UPDATE ALOJAMIENTO SET ULTIMA_RESERVA = TO_DATE('2020-05-03', 'YYYY-MM-DD') WHERE ID = 120;
INSERT INTO OFERTA (ID, DIA, PRECIO, ALOJAMIENTO_ID, RESERVA_ID) VALUES (96, TO_DATE('2020-05-03', 'YYYY-MM-DD'), 8212, 79, 72);
UPDATE ALOJAMIENTO SET ULTIMA_RESERVA = TO_DATE('2020-05-03', 'YYYY-MM-DD') WHERE ID = 79;
INSERT INTO RESERVA (ID, ESTADO, VALOR_TOTAL, FECHA_REALIZACION, RESERVA_COLECTIVA_ID, CLIENTE_ID) VALUES (74, 1, 5080, TO_DATE('2020-05-03', 'YYYY-MM-DD'), 10, 39);
INSERT INTO OFERTA (ID, DIA, PRECIO, ALOJAMIENTO_ID, RESERVA_ID) VALUES (97, TO_DATE('2020-05-03', 'YYYY-MM-DD'), 282, 150, 74);
UPDATE ALOJAMIENTO SET ULTIMA_RESERVA = TO_DATE('2020-05-03', 'YYYY-MM-DD') WHERE ID = 150;
INSERT INTO OFERTA (ID, DIA, PRECIO, ALOJAMIENTO_ID, RESERVA_ID) VALUES (98, TO_DATE('2020-05-03', 'YYYY-MM-DD'), 833, 166, 74);
UPDATE ALOJAMIENTO SET ULTIMA_RESERVA = TO_DATE('2020-05-03', 'YYYY-MM-DD') WHERE ID = 166;
INSERT INTO OFERTA (ID, DIA, PRECIO, ALOJAMIENTO_ID, RESERVA_ID) VALUES (99, TO_DATE('2020-05-03', 'YYYY-MM-DD'), 8909, 47, 74);
UPDATE ALOJAMIENTO SET ULTIMA_RESERVA = TO_DATE('2020-05-03', 'YYYY-MM-DD') WHERE ID = 47;
INSERT INTO OFERTA (ID, DIA, PRECIO, ALOJAMIENTO_ID, RESERVA_ID) VALUES (100, TO_DATE('2020-05-03', 'YYYY-MM-DD'), 3202, 53, 74);
UPDATE ALOJAMIENTO SET ULTIMA_RESERVA = TO_DATE('2020-05-03', 'YYYY-MM-DD') WHERE ID = 53;
INSERT INTO RESERVA (ID, ESTADO, VALOR_TOTAL, FECHA_REALIZACION, CLIENTE_ID) VALUES (75, 1, 4770, TO_DATE('2020-05-03', 'YYYY-MM-DD'), 45);
INSERT INTO RESERVA (ID, ESTADO, VALOR_TOTAL, FECHA_REALIZACION, RESERVA_COLECTIVA_ID, CLIENTE_ID) VALUES (76, 1, 2629, TO_DATE('2020-05-03', 'YYYY-MM-DD'), 0, 14);
INSERT INTO RESERVA (ID, ESTADO, VALOR_TOTAL, FECHA_REALIZACION, RESERVA_COLECTIVA_ID, CLIENTE_ID) VALUES (77, 1, 4566, TO_DATE('2020-05-03', 'YYYY-MM-DD'), 5, 20);
INSERT INTO OFERTA (ID, DIA, PRECIO, ALOJAMIENTO_ID, RESERVA_ID) VALUES (101, TO_DATE('2020-05-03', 'YYYY-MM-DD'), 6292, 53, 75);
UPDATE ALOJAMIENTO SET ULTIMA_RESERVA = TO_DATE('2020-05-03', 'YYYY-MM-DD') WHERE ID = 53;
INSERT INTO RESERVA (ID, ESTADO, VALOR_TOTAL, FECHA_REALIZACION, CLIENTE_ID) VALUES (78, 0, 5623, TO_DATE('2020-05-03', 'YYYY-MM-DD'), 39);
INSERT INTO RESERVA (ID, ESTADO, VALOR_TOTAL, FECHA_REALIZACION, RESERVA_COLECTIVA_ID, CLIENTE_ID) VALUES (79, 1, 4131, TO_DATE('2020-05-03', 'YYYY-MM-DD'), 1, 24);
INSERT INTO RESERVA (ID, ESTADO, VALOR_TOTAL, FECHA_REALIZACION, RESERVA_COLECTIVA_ID, CLIENTE_ID) VALUES (80, 1, 9638, TO_DATE('2020-05-03', 'YYYY-MM-DD'), 1, 10);
INSERT INTO OFERTA (ID, DIA, PRECIO, ALOJAMIENTO_ID, RESERVA_ID) VALUES (102, TO_DATE('2020-05-03', 'YYYY-MM-DD'), 2734, 34, 80);
UPDATE ALOJAMIENTO SET ULTIMA_RESERVA = TO_DATE('2020-05-03', 'YYYY-MM-DD') WHERE ID = 34;
INSERT INTO OFERTA (ID, DIA, PRECIO, ALOJAMIENTO_ID, RESERVA_ID) VALUES (103, TO_DATE('2020-05-03', 'YYYY-MM-DD'), 3563, 115, 79);
UPDATE ALOJAMIENTO SET ULTIMA_RESERVA = TO_DATE('2020-05-03', 'YYYY-MM-DD') WHERE ID = 115;
INSERT INTO OFERTA (ID, DIA, PRECIO, ALOJAMIENTO_ID, RESERVA_ID) VALUES (104, TO_DATE('2020-05-03', 'YYYY-MM-DD'), 8632, 184, 79);
UPDATE ALOJAMIENTO SET ULTIMA_RESERVA = TO_DATE('2020-05-03', 'YYYY-MM-DD') WHERE ID = 184;
INSERT INTO OFERTA (ID, DIA, PRECIO, ALOJAMIENTO_ID, RESERVA_ID) VALUES (105, TO_DATE('2020-05-03', 'YYYY-MM-DD'), 7467, 118, 79);
UPDATE ALOJAMIENTO SET ULTIMA_RESERVA = TO_DATE('2020-05-03', 'YYYY-MM-DD') WHERE ID = 118;
INSERT INTO OFERTA (ID, DIA, PRECIO, ALOJAMIENTO_ID, RESERVA_ID) VALUES (106, TO_DATE('2020-05-03', 'YYYY-MM-DD'), 5966, 149, 79);
UPDATE ALOJAMIENTO SET ULTIMA_RESERVA = TO_DATE('2020-05-03', 'YYYY-MM-DD') WHERE ID = 149;
INSERT INTO RESERVA (ID, ESTADO, VALOR_TOTAL, FECHA_REALIZACION, CLIENTE_ID) VALUES (81, 1, 9629, TO_DATE('2020-05-03', 'YYYY-MM-DD'), 47);
INSERT INTO RESERVA (ID, ESTADO, VALOR_TOTAL, FECHA_REALIZACION, RESERVA_COLECTIVA_ID, CLIENTE_ID) VALUES (82, 0, 8943, TO_DATE('2020-05-03', 'YYYY-MM-DD'), 5, 36);
INSERT INTO RESERVA (ID, ESTADO, VALOR_TOTAL, FECHA_REALIZACION, RESERVA_COLECTIVA_ID, CLIENTE_ID) VALUES (83, 1, 5199, TO_DATE('2020-05-03', 'YYYY-MM-DD'), 3, 16);
INSERT INTO OFERTA (ID, DIA, PRECIO, ALOJAMIENTO_ID, RESERVA_ID) VALUES (107, TO_DATE('2020-05-03', 'YYYY-MM-DD'), 938, 150, 81);
UPDATE ALOJAMIENTO SET ULTIMA_RESERVA = TO_DATE('2020-05-03', 'YYYY-MM-DD') WHERE ID = 150;
INSERT INTO OFERTA (ID, DIA, PRECIO, ALOJAMIENTO_ID, RESERVA_ID) VALUES (108, TO_DATE('2020-05-03', 'YYYY-MM-DD'), 3774, 124, 83);
UPDATE ALOJAMIENTO SET ULTIMA_RESERVA = TO_DATE('2020-05-03', 'YYYY-MM-DD') WHERE ID = 124;
INSERT INTO RESERVA (ID, ESTADO, VALOR_TOTAL, FECHA_REALIZACION, RESERVA_COLECTIVA_ID, CLIENTE_ID) VALUES (84, 1, 139, TO_DATE('2020-05-03', 'YYYY-MM-DD'), 8, 16);
INSERT INTO OFERTA (ID, DIA, PRECIO, ALOJAMIENTO_ID, RESERVA_ID) VALUES (109, TO_DATE('2020-05-03', 'YYYY-MM-DD'), 8024, 26, 84);
UPDATE ALOJAMIENTO SET ULTIMA_RESERVA = TO_DATE('2020-05-03', 'YYYY-MM-DD') WHERE ID = 26;
INSERT INTO OFERTA (ID, DIA, PRECIO, ALOJAMIENTO_ID, RESERVA_ID) VALUES (110, TO_DATE('2020-05-03', 'YYYY-MM-DD'), 5212, 69, 84);
UPDATE ALOJAMIENTO SET ULTIMA_RESERVA = TO_DATE('2020-05-03', 'YYYY-MM-DD') WHERE ID = 69;
INSERT INTO OFERTA (ID, DIA, PRECIO, ALOJAMIENTO_ID, RESERVA_ID) VALUES (111, TO_DATE('2020-05-03', 'YYYY-MM-DD'), 7773, 176, 84);
UPDATE ALOJAMIENTO SET ULTIMA_RESERVA = TO_DATE('2020-05-03', 'YYYY-MM-DD') WHERE ID = 176;
INSERT INTO OFERTA (ID, DIA, PRECIO, ALOJAMIENTO_ID, RESERVA_ID) VALUES (112, TO_DATE('2020-05-03', 'YYYY-MM-DD'), 8866, 132, 84);
UPDATE ALOJAMIENTO SET ULTIMA_RESERVA = TO_DATE('2020-05-03', 'YYYY-MM-DD') WHERE ID = 132;
INSERT INTO OFERTA (ID, DIA, PRECIO, ALOJAMIENTO_ID, RESERVA_ID) VALUES (113, TO_DATE('2020-05-03', 'YYYY-MM-DD'), 8781, 5, 84);
UPDATE ALOJAMIENTO SET ULTIMA_RESERVA = TO_DATE('2020-05-03', 'YYYY-MM-DD') WHERE ID = 5;
INSERT INTO RESERVA (ID, ESTADO, VALOR_TOTAL, FECHA_REALIZACION, CLIENTE_ID) VALUES (85, 1, 3132, TO_DATE('2020-05-03', 'YYYY-MM-DD'), 44);
INSERT INTO RESERVA (ID, ESTADO, VALOR_TOTAL, FECHA_REALIZACION, RESERVA_COLECTIVA_ID, CLIENTE_ID) VALUES (86, 1, 7930, TO_DATE('2020-05-03', 'YYYY-MM-DD'), 3, 36);
INSERT INTO OFERTA (ID, DIA, PRECIO, ALOJAMIENTO_ID, RESERVA_ID) VALUES (114, TO_DATE('2020-05-03', 'YYYY-MM-DD'), 9517, 70, 85);
UPDATE ALOJAMIENTO SET ULTIMA_RESERVA = TO_DATE('2020-05-03', 'YYYY-MM-DD') WHERE ID = 70;
INSERT INTO OFERTA (ID, DIA, PRECIO, ALOJAMIENTO_ID, RESERVA_ID) VALUES (115, TO_DATE('2020-05-03', 'YYYY-MM-DD'), 2238, 109, 85);
UPDATE ALOJAMIENTO SET ULTIMA_RESERVA = TO_DATE('2020-05-03', 'YYYY-MM-DD') WHERE ID = 109;
INSERT INTO RESERVA (ID, ESTADO, VALOR_TOTAL, FECHA_REALIZACION, CLIENTE_ID) VALUES (87, 0, 3787, TO_DATE('2020-05-03', 'YYYY-MM-DD'), 42);
INSERT INTO RESERVA (ID, ESTADO, VALOR_TOTAL, FECHA_REALIZACION, RESERVA_COLECTIVA_ID, CLIENTE_ID) VALUES (88, 1, 9698, TO_DATE('2020-05-03', 'YYYY-MM-DD'), 4, 41);
INSERT INTO RESERVA (ID, ESTADO, VALOR_TOTAL, FECHA_REALIZACION, RESERVA_COLECTIVA_ID, CLIENTE_ID) VALUES (89, 1, 3515, TO_DATE('2020-05-03', 'YYYY-MM-DD'), 9, 40);
INSERT INTO OFERTA (ID, DIA, PRECIO, ALOJAMIENTO_ID, RESERVA_ID) VALUES (116, TO_DATE('2020-05-03', 'YYYY-MM-DD'), 1623, 166, 87);
UPDATE ALOJAMIENTO SET ULTIMA_RESERVA = TO_DATE('2020-05-03', 'YYYY-MM-DD') WHERE ID = 166;
INSERT INTO OFERTA (ID, DIA, PRECIO, ALOJAMIENTO_ID, RESERVA_ID) VALUES (117, TO_DATE('2020-05-03', 'YYYY-MM-DD'), 3506, 148, 87);
UPDATE ALOJAMIENTO SET ULTIMA_RESERVA = TO_DATE('2020-05-03', 'YYYY-MM-DD') WHERE ID = 148;
INSERT INTO OFERTA (ID, DIA, PRECIO, ALOJAMIENTO_ID, RESERVA_ID) VALUES (118, TO_DATE('2020-05-03', 'YYYY-MM-DD'), 9472, 117, 89);
UPDATE ALOJAMIENTO SET ULTIMA_RESERVA = TO_DATE('2020-05-03', 'YYYY-MM-DD') WHERE ID = 117;
INSERT INTO OFERTA (ID, DIA, PRECIO, ALOJAMIENTO_ID, RESERVA_ID) VALUES (119, TO_DATE('2020-05-03', 'YYYY-MM-DD'), 4457, 38, 87);
UPDATE ALOJAMIENTO SET ULTIMA_RESERVA = TO_DATE('2020-05-03', 'YYYY-MM-DD') WHERE ID = 38;
INSERT INTO OFERTA (ID, DIA, PRECIO, ALOJAMIENTO_ID, RESERVA_ID) VALUES (120, TO_DATE('2020-05-03', 'YYYY-MM-DD'), 8382, 24, 89);
UPDATE ALOJAMIENTO SET ULTIMA_RESERVA = TO_DATE('2020-05-03', 'YYYY-MM-DD') WHERE ID = 24;
INSERT INTO OFERTA (ID, DIA, PRECIO, ALOJAMIENTO_ID, RESERVA_ID) VALUES (121, TO_DATE('2020-05-03', 'YYYY-MM-DD'), 6754, 175, 87);
UPDATE ALOJAMIENTO SET ULTIMA_RESERVA = TO_DATE('2020-05-03', 'YYYY-MM-DD') WHERE ID = 175;
INSERT INTO RESERVA (ID, ESTADO, VALOR_TOTAL, FECHA_REALIZACION, CLIENTE_ID) VALUES (90, 0, 3313, TO_DATE('2020-05-03', 'YYYY-MM-DD'), 6);
INSERT INTO RESERVA (ID, ESTADO, VALOR_TOTAL, FECHA_REALIZACION, RESERVA_COLECTIVA_ID, CLIENTE_ID) VALUES (91, 1, 5180, TO_DATE('2020-05-03', 'YYYY-MM-DD'), 10, 3);
INSERT INTO OFERTA (ID, DIA, PRECIO, ALOJAMIENTO_ID, RESERVA_ID) VALUES (122, TO_DATE('2020-05-03', 'YYYY-MM-DD'), 2884, 83, 91);
UPDATE ALOJAMIENTO SET ULTIMA_RESERVA = TO_DATE('2020-05-03', 'YYYY-MM-DD') WHERE ID = 83;
INSERT INTO OFERTA (ID, DIA, PRECIO, ALOJAMIENTO_ID, RESERVA_ID) VALUES (123, TO_DATE('2020-05-03', 'YYYY-MM-DD'), 7665, 126, 90);
UPDATE ALOJAMIENTO SET ULTIMA_RESERVA = TO_DATE('2020-05-03', 'YYYY-MM-DD') WHERE ID = 126;
INSERT INTO OFERTA (ID, DIA, PRECIO, ALOJAMIENTO_ID, RESERVA_ID) VALUES (124, TO_DATE('2020-05-03', 'YYYY-MM-DD'), 5104, 25, 91);
UPDATE ALOJAMIENTO SET ULTIMA_RESERVA = TO_DATE('2020-05-03', 'YYYY-MM-DD') WHERE ID = 25;
INSERT INTO OFERTA (ID, DIA, PRECIO, ALOJAMIENTO_ID, RESERVA_ID) VALUES (125, TO_DATE('2020-05-03', 'YYYY-MM-DD'), 4851, 162, 91);
UPDATE ALOJAMIENTO SET ULTIMA_RESERVA = TO_DATE('2020-05-03', 'YYYY-MM-DD') WHERE ID = 162;
INSERT INTO RESERVA (ID, ESTADO, VALOR_TOTAL, FECHA_REALIZACION, RESERVA_COLECTIVA_ID, CLIENTE_ID) VALUES (92, 1, 5509, TO_DATE('2020-05-03', 'YYYY-MM-DD'), 1, 32);
INSERT INTO OFERTA (ID, DIA, PRECIO, ALOJAMIENTO_ID, RESERVA_ID) VALUES (126, TO_DATE('2020-05-03', 'YYYY-MM-DD'), 3897, 22, 92);
UPDATE ALOJAMIENTO SET ULTIMA_RESERVA = TO_DATE('2020-05-03', 'YYYY-MM-DD') WHERE ID = 22;
INSERT INTO OFERTA (ID, DIA, PRECIO, ALOJAMIENTO_ID, RESERVA_ID) VALUES (127, TO_DATE('2020-05-03', 'YYYY-MM-DD'), 3490, 142, 92);
UPDATE ALOJAMIENTO SET ULTIMA_RESERVA = TO_DATE('2020-05-03', 'YYYY-MM-DD') WHERE ID = 142;
INSERT INTO OFERTA (ID, DIA, PRECIO, ALOJAMIENTO_ID, RESERVA_ID) VALUES (128, TO_DATE('2020-05-03', 'YYYY-MM-DD'), 2406, 159, 92);
UPDATE ALOJAMIENTO SET ULTIMA_RESERVA = TO_DATE('2020-05-03', 'YYYY-MM-DD') WHERE ID = 159;
INSERT INTO OFERTA (ID, DIA, PRECIO, ALOJAMIENTO_ID, RESERVA_ID) VALUES (129, TO_DATE('2020-05-03', 'YYYY-MM-DD'), 3162, 42, 92);
UPDATE ALOJAMIENTO SET ULTIMA_RESERVA = TO_DATE('2020-05-03', 'YYYY-MM-DD') WHERE ID = 42;
INSERT INTO OFERTA (ID, DIA, PRECIO, ALOJAMIENTO_ID, RESERVA_ID) VALUES (130, TO_DATE('2020-05-03', 'YYYY-MM-DD'), 6308, 55, 92);
UPDATE ALOJAMIENTO SET ULTIMA_RESERVA = TO_DATE('2020-05-03', 'YYYY-MM-DD') WHERE ID = 55;
INSERT INTO RESERVA (ID, ESTADO, VALOR_TOTAL, FECHA_REALIZACION, CLIENTE_ID) VALUES (93, 1, 3287, TO_DATE('2020-05-03', 'YYYY-MM-DD'), 44);
INSERT INTO RESERVA (ID, ESTADO, VALOR_TOTAL, FECHA_REALIZACION, RESERVA_COLECTIVA_ID, CLIENTE_ID) VALUES (94, 0, 8043, TO_DATE('2020-05-03', 'YYYY-MM-DD'), 2, 47);
INSERT INTO OFERTA (ID, DIA, PRECIO, ALOJAMIENTO_ID, RESERVA_ID) VALUES (131, TO_DATE('2020-05-03', 'YYYY-MM-DD'), 5877, 126, 93);
UPDATE ALOJAMIENTO SET ULTIMA_RESERVA = TO_DATE('2020-05-03', 'YYYY-MM-DD') WHERE ID = 126;
INSERT INTO OFERTA (ID, DIA, PRECIO, ALOJAMIENTO_ID, RESERVA_ID) VALUES (132, TO_DATE('2020-05-03', 'YYYY-MM-DD'), 787, 140, 93);
UPDATE ALOJAMIENTO SET ULTIMA_RESERVA = TO_DATE('2020-05-03', 'YYYY-MM-DD') WHERE ID = 140;
INSERT INTO RESERVA (ID, ESTADO, VALOR_TOTAL, FECHA_REALIZACION, CLIENTE_ID) VALUES (95, 1, 741, TO_DATE('2020-05-03', 'YYYY-MM-DD'), 40);
INSERT INTO RESERVA (ID, ESTADO, VALOR_TOTAL, FECHA_REALIZACION, RESERVA_COLECTIVA_ID, CLIENTE_ID) VALUES (96, 0, 7607, TO_DATE('2020-05-03', 'YYYY-MM-DD'), 5, 7);
INSERT INTO RESERVA (ID, ESTADO, VALOR_TOTAL, FECHA_REALIZACION, RESERVA_COLECTIVA_ID, CLIENTE_ID) VALUES (97, 0, 656, TO_DATE('2020-05-03', 'YYYY-MM-DD'), 8, 12);
INSERT INTO OFERTA (ID, DIA, PRECIO, ALOJAMIENTO_ID, RESERVA_ID) VALUES (133, TO_DATE('2020-05-03', 'YYYY-MM-DD'), 7240, 32, 96);
UPDATE ALOJAMIENTO SET ULTIMA_RESERVA = TO_DATE('2020-05-03', 'YYYY-MM-DD') WHERE ID = 32;
INSERT INTO OFERTA (ID, DIA, PRECIO, ALOJAMIENTO_ID, RESERVA_ID) VALUES (134, TO_DATE('2020-05-03', 'YYYY-MM-DD'), 4845, 82, 97);
UPDATE ALOJAMIENTO SET ULTIMA_RESERVA = TO_DATE('2020-05-03', 'YYYY-MM-DD') WHERE ID = 82;
INSERT INTO OFERTA (ID, DIA, PRECIO, ALOJAMIENTO_ID, RESERVA_ID) VALUES (135, TO_DATE('2020-05-03', 'YYYY-MM-DD'), 6505, 148, 95);
UPDATE ALOJAMIENTO SET ULTIMA_RESERVA = TO_DATE('2020-05-03', 'YYYY-MM-DD') WHERE ID = 148;
INSERT INTO OFERTA (ID, DIA, PRECIO, ALOJAMIENTO_ID, RESERVA_ID) VALUES (136, TO_DATE('2020-05-03', 'YYYY-MM-DD'), 7819, 48, 96);
UPDATE ALOJAMIENTO SET ULTIMA_RESERVA = TO_DATE('2020-05-03', 'YYYY-MM-DD') WHERE ID = 48;
INSERT INTO OFERTA (ID, DIA, PRECIO, ALOJAMIENTO_ID, RESERVA_ID) VALUES (137, TO_DATE('2020-05-03', 'YYYY-MM-DD'), 3974, 175, 96);
UPDATE ALOJAMIENTO SET ULTIMA_RESERVA = TO_DATE('2020-05-03', 'YYYY-MM-DD') WHERE ID = 175;
INSERT INTO OFERTA (ID, DIA, PRECIO, ALOJAMIENTO_ID, RESERVA_ID) VALUES (138, TO_DATE('2020-05-03', 'YYYY-MM-DD'), 6942, 63, 96);
UPDATE ALOJAMIENTO SET ULTIMA_RESERVA = TO_DATE('2020-05-03', 'YYYY-MM-DD') WHERE ID = 63;
INSERT INTO RESERVA (ID, ESTADO, VALOR_TOTAL, FECHA_REALIZACION, CLIENTE_ID) VALUES (98, 1, 2182, TO_DATE('2020-05-03', 'YYYY-MM-DD'), 4);
INSERT INTO RESERVA (ID, ESTADO, VALOR_TOTAL, FECHA_REALIZACION, RESERVA_COLECTIVA_ID, CLIENTE_ID) VALUES (99, 1, 5792, TO_DATE('2020-05-03', 'YYYY-MM-DD'), 5, 11);
INSERT INTO RESERVA (ID, ESTADO, VALOR_TOTAL, FECHA_REALIZACION, RESERVA_COLECTIVA_ID, CLIENTE_ID) VALUES (100, 1, 3815, TO_DATE('2020-05-03', 'YYYY-MM-DD'), 3, 28);
INSERT INTO OFERTA (ID, DIA, PRECIO, ALOJAMIENTO_ID, RESERVA_ID) VALUES (139, TO_DATE('2020-05-03', 'YYYY-MM-DD'), 1844, 88, 98);
UPDATE ALOJAMIENTO SET ULTIMA_RESERVA = TO_DATE('2020-05-03', 'YYYY-MM-DD') WHERE ID = 88;
INSERT INTO OFERTA (ID, DIA, PRECIO, ALOJAMIENTO_ID, RESERVA_ID) VALUES (140, TO_DATE('2020-05-03', 'YYYY-MM-DD'), 4776, 140, 100);
UPDATE ALOJAMIENTO SET ULTIMA_RESERVA = TO_DATE('2020-05-03', 'YYYY-MM-DD') WHERE ID = 140;
INSERT INTO OFERTA (ID, DIA, PRECIO, ALOJAMIENTO_ID, RESERVA_ID) VALUES (141, TO_DATE('2020-05-03', 'YYYY-MM-DD'), 7497, 69, 98);
UPDATE ALOJAMIENTO SET ULTIMA_RESERVA = TO_DATE('2020-05-03', 'YYYY-MM-DD') WHERE ID = 69;
INSERT INTO RESERVA (ID, ESTADO, VALOR_TOTAL, FECHA_REALIZACION, CLIENTE_ID) VALUES (101, 0, 2684, TO_DATE('2020-05-03', 'YYYY-MM-DD'), 14);
INSERT INTO RESERVA (ID, ESTADO, VALOR_TOTAL, FECHA_REALIZACION, RESERVA_COLECTIVA_ID, CLIENTE_ID) VALUES (102, 1, 9560, TO_DATE('2020-05-03', 'YYYY-MM-DD'), 2, 37);
INSERT INTO RESERVA (ID, ESTADO, VALOR_TOTAL, FECHA_REALIZACION, RESERVA_COLECTIVA_ID, CLIENTE_ID) VALUES (103, 0, 2254, TO_DATE('2020-05-03', 'YYYY-MM-DD'), 3, 29);
INSERT INTO OFERTA (ID, DIA, PRECIO, ALOJAMIENTO_ID, RESERVA_ID) VALUES (142, TO_DATE('2020-05-03', 'YYYY-MM-DD'), 7152, 75, 101);
UPDATE ALOJAMIENTO SET ULTIMA_RESERVA = TO_DATE('2020-05-03', 'YYYY-MM-DD') WHERE ID = 75;
INSERT INTO OFERTA (ID, DIA, PRECIO, ALOJAMIENTO_ID, RESERVA_ID) VALUES (143, TO_DATE('2020-05-03', 'YYYY-MM-DD'), 6597, 140, 102);
UPDATE ALOJAMIENTO SET ULTIMA_RESERVA = TO_DATE('2020-05-03', 'YYYY-MM-DD') WHERE ID = 140;
INSERT INTO RESERVA (ID, ESTADO, VALOR_TOTAL, FECHA_REALIZACION, RESERVA_COLECTIVA_ID, CLIENTE_ID) VALUES (104, 1, 2553, TO_DATE('2020-05-03', 'YYYY-MM-DD'), 0, 9);
INSERT INTO OFERTA (ID, DIA, PRECIO, ALOJAMIENTO_ID, RESERVA_ID) VALUES (144, TO_DATE('2020-05-03', 'YYYY-MM-DD'), 447, 105, 104);
UPDATE ALOJAMIENTO SET ULTIMA_RESERVA = TO_DATE('2020-05-03', 'YYYY-MM-DD') WHERE ID = 105;
INSERT INTO RESERVA (ID, ESTADO, VALOR_TOTAL, FECHA_REALIZACION, CLIENTE_ID) VALUES (105, 1, 4431, TO_DATE('2020-05-03', 'YYYY-MM-DD'), 39);
INSERT INTO RESERVA (ID, ESTADO, VALOR_TOTAL, FECHA_REALIZACION, RESERVA_COLECTIVA_ID, CLIENTE_ID) VALUES (106, 1, 194, TO_DATE('2020-05-03', 'YYYY-MM-DD'), 2, 25);
INSERT INTO OFERTA (ID, DIA, PRECIO, ALOJAMIENTO_ID, RESERVA_ID) VALUES (145, TO_DATE('2020-05-03', 'YYYY-MM-DD'), 2139, 154, 105);
UPDATE ALOJAMIENTO SET ULTIMA_RESERVA = TO_DATE('2020-05-03', 'YYYY-MM-DD') WHERE ID = 154;
INSERT INTO OFERTA (ID, DIA, PRECIO, ALOJAMIENTO_ID, RESERVA_ID) VALUES (146, TO_DATE('2020-05-03', 'YYYY-MM-DD'), 1933, 148, 106);
UPDATE ALOJAMIENTO SET ULTIMA_RESERVA = TO_DATE('2020-05-03', 'YYYY-MM-DD') WHERE ID = 148;
INSERT INTO OFERTA (ID, DIA, PRECIO, ALOJAMIENTO_ID, RESERVA_ID) VALUES (147, TO_DATE('2020-05-03', 'YYYY-MM-DD'), 2618, 146, 105);
UPDATE ALOJAMIENTO SET ULTIMA_RESERVA = TO_DATE('2020-05-03', 'YYYY-MM-DD') WHERE ID = 146;
INSERT INTO OFERTA (ID, DIA, PRECIO, ALOJAMIENTO_ID, RESERVA_ID) VALUES (148, TO_DATE('2020-05-03', 'YYYY-MM-DD'), 9573, 136, 106);
UPDATE ALOJAMIENTO SET ULTIMA_RESERVA = TO_DATE('2020-05-03', 'YYYY-MM-DD') WHERE ID = 136;
INSERT INTO RESERVA (ID, ESTADO, VALOR_TOTAL, FECHA_REALIZACION, RESERVA_COLECTIVA_ID, CLIENTE_ID) VALUES (107, 0, 1585, TO_DATE('2020-05-03', 'YYYY-MM-DD'), 2, 9);
INSERT INTO OFERTA (ID, DIA, PRECIO, ALOJAMIENTO_ID, RESERVA_ID) VALUES (149, TO_DATE('2020-05-03', 'YYYY-MM-DD'), 8805, 100, 107);
UPDATE ALOJAMIENTO SET ULTIMA_RESERVA = TO_DATE('2020-05-03', 'YYYY-MM-DD') WHERE ID = 100;
INSERT INTO OFERTA (ID, DIA, PRECIO, ALOJAMIENTO_ID, RESERVA_ID) VALUES (150, TO_DATE('2020-05-03', 'YYYY-MM-DD'), 6496, 183, 107);
UPDATE ALOJAMIENTO SET ULTIMA_RESERVA = TO_DATE('2020-05-03', 'YYYY-MM-DD') WHERE ID = 183;
INSERT INTO OFERTA (ID, DIA, PRECIO, ALOJAMIENTO_ID, RESERVA_ID) VALUES (151, TO_DATE('2020-05-03', 'YYYY-MM-DD'), 8203, 15, 107);
UPDATE ALOJAMIENTO SET ULTIMA_RESERVA = TO_DATE('2020-05-03', 'YYYY-MM-DD') WHERE ID = 15;
INSERT INTO OFERTA (ID, DIA, PRECIO, ALOJAMIENTO_ID, RESERVA_ID) VALUES (152, TO_DATE('2020-05-03', 'YYYY-MM-DD'), 9858, 142, 107);
UPDATE ALOJAMIENTO SET ULTIMA_RESERVA = TO_DATE('2020-05-03', 'YYYY-MM-DD') WHERE ID = 142;
INSERT INTO OFERTA (ID, DIA, PRECIO, ALOJAMIENTO_ID, RESERVA_ID) VALUES (153, TO_DATE('2020-05-03', 'YYYY-MM-DD'), 788, 128, 107);
UPDATE ALOJAMIENTO SET ULTIMA_RESERVA = TO_DATE('2020-05-03', 'YYYY-MM-DD') WHERE ID = 128;
INSERT INTO RESERVA (ID, ESTADO, VALOR_TOTAL, FECHA_REALIZACION, CLIENTE_ID) VALUES (108, 1, 5917, TO_DATE('2020-05-03', 'YYYY-MM-DD'), 41);
INSERT INTO RESERVA (ID, ESTADO, VALOR_TOTAL, FECHA_REALIZACION, RESERVA_COLECTIVA_ID, CLIENTE_ID) VALUES (109, 1, 3200, TO_DATE('2020-05-03', 'YYYY-MM-DD'), 1, 29);
INSERT INTO OFERTA (ID, DIA, PRECIO, ALOJAMIENTO_ID, RESERVA_ID) VALUES (154, TO_DATE('2020-05-03', 'YYYY-MM-DD'), 8124, 136, 109);
UPDATE ALOJAMIENTO SET ULTIMA_RESERVA = TO_DATE('2020-05-03', 'YYYY-MM-DD') WHERE ID = 136;
INSERT INTO OFERTA (ID, DIA, PRECIO, ALOJAMIENTO_ID, RESERVA_ID) VALUES (155, TO_DATE('2020-05-03', 'YYYY-MM-DD'), 4462, 162, 108);
UPDATE ALOJAMIENTO SET ULTIMA_RESERVA = TO_DATE('2020-05-03', 'YYYY-MM-DD') WHERE ID = 162;
INSERT INTO OFERTA (ID, DIA, PRECIO, ALOJAMIENTO_ID, RESERVA_ID) VALUES (156, TO_DATE('2020-05-03', 'YYYY-MM-DD'), 4894, 25, 109);
UPDATE ALOJAMIENTO SET ULTIMA_RESERVA = TO_DATE('2020-05-03', 'YYYY-MM-DD') WHERE ID = 25;
INSERT INTO RESERVA (ID, ESTADO, VALOR_TOTAL, FECHA_REALIZACION, CLIENTE_ID) VALUES (110, 1, 8783, TO_DATE('2020-05-03', 'YYYY-MM-DD'), 21);
INSERT INTO RESERVA (ID, ESTADO, VALOR_TOTAL, FECHA_REALIZACION, RESERVA_COLECTIVA_ID, CLIENTE_ID) VALUES (111, 1, 4759, TO_DATE('2020-05-03', 'YYYY-MM-DD'), 10, 19);
INSERT INTO OFERTA (ID, DIA, PRECIO, ALOJAMIENTO_ID, RESERVA_ID) VALUES (157, TO_DATE('2020-05-03', 'YYYY-MM-DD'), 3940, 42, 110);
UPDATE ALOJAMIENTO SET ULTIMA_RESERVA = TO_DATE('2020-05-03', 'YYYY-MM-DD') WHERE ID = 42;
INSERT INTO OFERTA (ID, DIA, PRECIO, ALOJAMIENTO_ID, RESERVA_ID) VALUES (158, TO_DATE('2020-05-03', 'YYYY-MM-DD'), 9011, 167, 111);
UPDATE ALOJAMIENTO SET ULTIMA_RESERVA = TO_DATE('2020-05-03', 'YYYY-MM-DD') WHERE ID = 167;
INSERT INTO OFERTA (ID, DIA, PRECIO, ALOJAMIENTO_ID, RESERVA_ID) VALUES (159, TO_DATE('2020-05-03', 'YYYY-MM-DD'), 6179, 66, 110);
UPDATE ALOJAMIENTO SET ULTIMA_RESERVA = TO_DATE('2020-05-03', 'YYYY-MM-DD') WHERE ID = 66;
INSERT INTO RESERVA (ID, ESTADO, VALOR_TOTAL, FECHA_REALIZACION, CLIENTE_ID) VALUES (112, 1, 6457, TO_DATE('2020-05-03', 'YYYY-MM-DD'), 16);
INSERT INTO RESERVA (ID, ESTADO, VALOR_TOTAL, FECHA_REALIZACION, RESERVA_COLECTIVA_ID, CLIENTE_ID) VALUES (113, 1, 5368, TO_DATE('2020-05-03', 'YYYY-MM-DD'), 10, 39);
INSERT INTO RESERVA (ID, ESTADO, VALOR_TOTAL, FECHA_REALIZACION, RESERVA_COLECTIVA_ID, CLIENTE_ID) VALUES (114, 0, 5802, TO_DATE('2020-05-03', 'YYYY-MM-DD'), 2, 39);
INSERT INTO OFERTA (ID, DIA, PRECIO, ALOJAMIENTO_ID, RESERVA_ID) VALUES (160, TO_DATE('2020-05-03', 'YYYY-MM-DD'), 2268, 150, 113);
UPDATE ALOJAMIENTO SET ULTIMA_RESERVA = TO_DATE('2020-05-03', 'YYYY-MM-DD') WHERE ID = 150;
INSERT INTO OFERTA (ID, DIA, PRECIO, ALOJAMIENTO_ID, RESERVA_ID) VALUES (161, TO_DATE('2020-05-03', 'YYYY-MM-DD'), 9575, 167, 114);
UPDATE ALOJAMIENTO SET ULTIMA_RESERVA = TO_DATE('2020-05-03', 'YYYY-MM-DD') WHERE ID = 167;
INSERT INTO OFERTA (ID, DIA, PRECIO, ALOJAMIENTO_ID, RESERVA_ID) VALUES (162, TO_DATE('2020-05-03', 'YYYY-MM-DD'), 5981, 99, 112);
UPDATE ALOJAMIENTO SET ULTIMA_RESERVA = TO_DATE('2020-05-03', 'YYYY-MM-DD') WHERE ID = 99;
INSERT INTO OFERTA (ID, DIA, PRECIO, ALOJAMIENTO_ID, RESERVA_ID) VALUES (163, TO_DATE('2020-05-03', 'YYYY-MM-DD'), 7948, 151, 114);
UPDATE ALOJAMIENTO SET ULTIMA_RESERVA = TO_DATE('2020-05-03', 'YYYY-MM-DD') WHERE ID = 151;
INSERT INTO RESERVA (ID, ESTADO, VALOR_TOTAL, FECHA_REALIZACION, CLIENTE_ID) VALUES (115, 1, 2471, TO_DATE('2020-05-03', 'YYYY-MM-DD'), 16);
INSERT INTO RESERVA (ID, ESTADO, VALOR_TOTAL, FECHA_REALIZACION, RESERVA_COLECTIVA_ID, CLIENTE_ID) VALUES (116, 0, 8054, TO_DATE('2020-05-03', 'YYYY-MM-DD'), 10, 34);
INSERT INTO RESERVA (ID, ESTADO, VALOR_TOTAL, FECHA_REALIZACION, RESERVA_COLECTIVA_ID, CLIENTE_ID) VALUES (117, 1, 2402, TO_DATE('2020-05-03', 'YYYY-MM-DD'), 4, 13);
INSERT INTO OFERTA (ID, DIA, PRECIO, ALOJAMIENTO_ID, RESERVA_ID) VALUES (164, TO_DATE('2020-05-03', 'YYYY-MM-DD'), 9368, 166, 117);
UPDATE ALOJAMIENTO SET ULTIMA_RESERVA = TO_DATE('2020-05-03', 'YYYY-MM-DD') WHERE ID = 166;
INSERT INTO OFERTA (ID, DIA, PRECIO, ALOJAMIENTO_ID, RESERVA_ID) VALUES (165, TO_DATE('2020-05-03', 'YYYY-MM-DD'), 476, 178, 115);
UPDATE ALOJAMIENTO SET ULTIMA_RESERVA = TO_DATE('2020-05-03', 'YYYY-MM-DD') WHERE ID = 178;
INSERT INTO OFERTA (ID, DIA, PRECIO, ALOJAMIENTO_ID, RESERVA_ID) VALUES (166, TO_DATE('2020-05-03', 'YYYY-MM-DD'), 47, 185, 116);
UPDATE ALOJAMIENTO SET ULTIMA_RESERVA = TO_DATE('2020-05-03', 'YYYY-MM-DD') WHERE ID = 185;
INSERT INTO OFERTA (ID, DIA, PRECIO, ALOJAMIENTO_ID, RESERVA_ID) VALUES (167, TO_DATE('2020-05-03', 'YYYY-MM-DD'), 4067, 148, 115);
UPDATE ALOJAMIENTO SET ULTIMA_RESERVA = TO_DATE('2020-05-03', 'YYYY-MM-DD') WHERE ID = 148;
INSERT INTO RESERVA (ID, ESTADO, VALOR_TOTAL, FECHA_REALIZACION, CLIENTE_ID) VALUES (118, 0, 2730, TO_DATE('2020-05-03', 'YYYY-MM-DD'), 31);
INSERT INTO RESERVA (ID, ESTADO, VALOR_TOTAL, FECHA_REALIZACION, RESERVA_COLECTIVA_ID, CLIENTE_ID) VALUES (119, 0, 4411, TO_DATE('2020-05-03', 'YYYY-MM-DD'), 6, 37);
INSERT INTO OFERTA (ID, DIA, PRECIO, ALOJAMIENTO_ID, RESERVA_ID) VALUES (168, TO_DATE('2020-05-03', 'YYYY-MM-DD'), 4869, 171, 118);
UPDATE ALOJAMIENTO SET ULTIMA_RESERVA = TO_DATE('2020-05-03', 'YYYY-MM-DD') WHERE ID = 171;
INSERT INTO OFERTA (ID, DIA, PRECIO, ALOJAMIENTO_ID, RESERVA_ID) VALUES (169, TO_DATE('2020-05-03', 'YYYY-MM-DD'), 9161, 12, 118);
UPDATE ALOJAMIENTO SET ULTIMA_RESERVA = TO_DATE('2020-05-03', 'YYYY-MM-DD') WHERE ID = 12;
INSERT INTO OFERTA (ID, DIA, PRECIO, ALOJAMIENTO_ID, RESERVA_ID) VALUES (170, TO_DATE('2020-05-03', 'YYYY-MM-DD'), 4965, 65, 119);
UPDATE ALOJAMIENTO SET ULTIMA_RESERVA = TO_DATE('2020-05-03', 'YYYY-MM-DD') WHERE ID = 65;
INSERT INTO RESERVA (ID, ESTADO, VALOR_TOTAL, FECHA_REALIZACION, CLIENTE_ID) VALUES (120, 1, 9036, TO_DATE('2020-05-03', 'YYYY-MM-DD'), 30);
INSERT INTO RESERVA (ID, ESTADO, VALOR_TOTAL, FECHA_REALIZACION, RESERVA_COLECTIVA_ID, CLIENTE_ID) VALUES (121, 1, 6871, TO_DATE('2020-05-03', 'YYYY-MM-DD'), 0, 17);
INSERT INTO RESERVA (ID, ESTADO, VALOR_TOTAL, FECHA_REALIZACION, RESERVA_COLECTIVA_ID, CLIENTE_ID) VALUES (122, 1, 4115, TO_DATE('2020-05-03', 'YYYY-MM-DD'), 10, 30);
INSERT INTO OFERTA (ID, DIA, PRECIO, ALOJAMIENTO_ID, RESERVA_ID) VALUES (171, TO_DATE('2020-05-03', 'YYYY-MM-DD'), 5937, 35, 120);
UPDATE ALOJAMIENTO SET ULTIMA_RESERVA = TO_DATE('2020-05-03', 'YYYY-MM-DD') WHERE ID = 35;
INSERT INTO OFERTA (ID, DIA, PRECIO, ALOJAMIENTO_ID, RESERVA_ID) VALUES (172, TO_DATE('2020-05-03', 'YYYY-MM-DD'), 9419, 42, 121);
UPDATE ALOJAMIENTO SET ULTIMA_RESERVA = TO_DATE('2020-05-03', 'YYYY-MM-DD') WHERE ID = 42;
INSERT INTO OFERTA (ID, DIA, PRECIO, ALOJAMIENTO_ID, RESERVA_ID) VALUES (173, TO_DATE('2020-05-03', 'YYYY-MM-DD'), 2597, 108, 120);
UPDATE ALOJAMIENTO SET ULTIMA_RESERVA = TO_DATE('2020-05-03', 'YYYY-MM-DD') WHERE ID = 108;
INSERT INTO OFERTA (ID, DIA, PRECIO, ALOJAMIENTO_ID, RESERVA_ID) VALUES (174, TO_DATE('2020-05-03', 'YYYY-MM-DD'), 7432, 152, 120);
UPDATE ALOJAMIENTO SET ULTIMA_RESERVA = TO_DATE('2020-05-03', 'YYYY-MM-DD') WHERE ID = 152;
INSERT INTO RESERVA (ID, ESTADO, VALOR_TOTAL, FECHA_REALIZACION, CLIENTE_ID) VALUES (123, 1, 1880, TO_DATE('2020-05-03', 'YYYY-MM-DD'), 12);
INSERT INTO RESERVA (ID, ESTADO, VALOR_TOTAL, FECHA_REALIZACION, RESERVA_COLECTIVA_ID, CLIENTE_ID) VALUES (124, 0, 3167, TO_DATE('2020-05-03', 'YYYY-MM-DD'), 0, 23);
INSERT INTO RESERVA (ID, ESTADO, VALOR_TOTAL, FECHA_REALIZACION, RESERVA_COLECTIVA_ID, CLIENTE_ID) VALUES (125, 1, 18, TO_DATE('2020-05-03', 'YYYY-MM-DD'), 8, 39);
INSERT INTO OFERTA (ID, DIA, PRECIO, ALOJAMIENTO_ID, RESERVA_ID) VALUES (175, TO_DATE('2020-05-03', 'YYYY-MM-DD'), 5633, 162, 125);
UPDATE ALOJAMIENTO SET ULTIMA_RESERVA = TO_DATE('2020-05-03', 'YYYY-MM-DD') WHERE ID = 162;
INSERT INTO OFERTA (ID, DIA, PRECIO, ALOJAMIENTO_ID, RESERVA_ID) VALUES (176, TO_DATE('2020-05-03', 'YYYY-MM-DD'), 6813, 150, 124);
UPDATE ALOJAMIENTO SET ULTIMA_RESERVA = TO_DATE('2020-05-03', 'YYYY-MM-DD') WHERE ID = 150;
INSERT INTO OFERTA (ID, DIA, PRECIO, ALOJAMIENTO_ID, RESERVA_ID) VALUES (177, TO_DATE('2020-05-03', 'YYYY-MM-DD'), 1160, 89, 124);
UPDATE ALOJAMIENTO SET ULTIMA_RESERVA = TO_DATE('2020-05-03', 'YYYY-MM-DD') WHERE ID = 89;
INSERT INTO OFERTA (ID, DIA, PRECIO, ALOJAMIENTO_ID, RESERVA_ID) VALUES (178, TO_DATE('2020-05-03', 'YYYY-MM-DD'), 9399, 162, 123);
UPDATE ALOJAMIENTO SET ULTIMA_RESERVA = TO_DATE('2020-05-03', 'YYYY-MM-DD') WHERE ID = 162;
INSERT INTO OFERTA (ID, DIA, PRECIO, ALOJAMIENTO_ID, RESERVA_ID) VALUES (179, TO_DATE('2020-05-03', 'YYYY-MM-DD'), 4831, 47, 123);
UPDATE ALOJAMIENTO SET ULTIMA_RESERVA = TO_DATE('2020-05-03', 'YYYY-MM-DD') WHERE ID = 47;
INSERT INTO RESERVA (ID, ESTADO, VALOR_TOTAL, FECHA_REALIZACION, RESERVA_COLECTIVA_ID, CLIENTE_ID) VALUES (126, 0, 8845, TO_DATE('2020-05-03', 'YYYY-MM-DD'), 10, 49);
INSERT INTO OFERTA (ID, DIA, PRECIO, ALOJAMIENTO_ID, RESERVA_ID) VALUES (180, TO_DATE('2020-05-03', 'YYYY-MM-DD'), 8327, 36, 126);
UPDATE ALOJAMIENTO SET ULTIMA_RESERVA = TO_DATE('2020-05-03', 'YYYY-MM-DD') WHERE ID = 36;
INSERT INTO OFERTA (ID, DIA, PRECIO, ALOJAMIENTO_ID, RESERVA_ID) VALUES (181, TO_DATE('2020-05-03', 'YYYY-MM-DD'), 6026, 112, 126);
UPDATE ALOJAMIENTO SET ULTIMA_RESERVA = TO_DATE('2020-05-03', 'YYYY-MM-DD') WHERE ID = 112;
INSERT INTO OFERTA (ID, DIA, PRECIO, ALOJAMIENTO_ID, RESERVA_ID) VALUES (182, TO_DATE('2020-05-03', 'YYYY-MM-DD'), 4079, 146, 126);
UPDATE ALOJAMIENTO SET ULTIMA_RESERVA = TO_DATE('2020-05-03', 'YYYY-MM-DD') WHERE ID = 146;
INSERT INTO OFERTA (ID, DIA, PRECIO, ALOJAMIENTO_ID, RESERVA_ID) VALUES (183, TO_DATE('2020-05-03', 'YYYY-MM-DD'), 1949, 169, 126);
UPDATE ALOJAMIENTO SET ULTIMA_RESERVA = TO_DATE('2020-05-03', 'YYYY-MM-DD') WHERE ID = 169;
INSERT INTO OFERTA (ID, DIA, PRECIO, ALOJAMIENTO_ID, RESERVA_ID) VALUES (184, TO_DATE('2020-05-03', 'YYYY-MM-DD'), 8693, 4, 126);
UPDATE ALOJAMIENTO SET ULTIMA_RESERVA = TO_DATE('2020-05-03', 'YYYY-MM-DD') WHERE ID = 4;
INSERT INTO RESERVA (ID, ESTADO, VALOR_TOTAL, FECHA_REALIZACION, CLIENTE_ID) VALUES (127, 0, 6856, TO_DATE('2020-05-03', 'YYYY-MM-DD'), 40);
INSERT INTO RESERVA (ID, ESTADO, VALOR_TOTAL, FECHA_REALIZACION, RESERVA_COLECTIVA_ID, CLIENTE_ID) VALUES (128, 1, 7030, TO_DATE('2020-05-03', 'YYYY-MM-DD'), 8, 40);
INSERT INTO RESERVA (ID, ESTADO, VALOR_TOTAL, FECHA_REALIZACION, RESERVA_COLECTIVA_ID, CLIENTE_ID) VALUES (129, 0, 7449, TO_DATE('2020-05-03', 'YYYY-MM-DD'), 9, 29);
INSERT INTO OFERTA (ID, DIA, PRECIO, ALOJAMIENTO_ID, RESERVA_ID) VALUES (185, TO_DATE('2020-05-03', 'YYYY-MM-DD'), 3103, 105, 129);
UPDATE ALOJAMIENTO SET ULTIMA_RESERVA = TO_DATE('2020-05-03', 'YYYY-MM-DD') WHERE ID = 105;
INSERT INTO OFERTA (ID, DIA, PRECIO, ALOJAMIENTO_ID, RESERVA_ID) VALUES (186, TO_DATE('2020-05-03', 'YYYY-MM-DD'), 9993, 44, 129);
UPDATE ALOJAMIENTO SET ULTIMA_RESERVA = TO_DATE('2020-05-03', 'YYYY-MM-DD') WHERE ID = 44;
INSERT INTO RESERVA (ID, ESTADO, VALOR_TOTAL, FECHA_REALIZACION, RESERVA_COLECTIVA_ID, CLIENTE_ID) VALUES (130, 0, 8276, TO_DATE('2020-05-03', 'YYYY-MM-DD'), 7, 24);
INSERT INTO OFERTA (ID, DIA, PRECIO, ALOJAMIENTO_ID, RESERVA_ID) VALUES (187, TO_DATE('2020-05-03', 'YYYY-MM-DD'), 9719, 34, 130);
UPDATE ALOJAMIENTO SET ULTIMA_RESERVA = TO_DATE('2020-05-03', 'YYYY-MM-DD') WHERE ID = 34;
INSERT INTO OFERTA (ID, DIA, PRECIO, ALOJAMIENTO_ID, RESERVA_ID) VALUES (188, TO_DATE('2020-05-03', 'YYYY-MM-DD'), 2191, 43, 130);
UPDATE ALOJAMIENTO SET ULTIMA_RESERVA = TO_DATE('2020-05-03', 'YYYY-MM-DD') WHERE ID = 43;
INSERT INTO OFERTA (ID, DIA, PRECIO, ALOJAMIENTO_ID, RESERVA_ID) VALUES (189, TO_DATE('2020-05-03', 'YYYY-MM-DD'), 6796, 45, 130);
UPDATE ALOJAMIENTO SET ULTIMA_RESERVA = TO_DATE('2020-05-03', 'YYYY-MM-DD') WHERE ID = 45;
INSERT INTO OFERTA (ID, DIA, PRECIO, ALOJAMIENTO_ID, RESERVA_ID) VALUES (190, TO_DATE('2020-05-03', 'YYYY-MM-DD'), 1006, 33, 130);
UPDATE ALOJAMIENTO SET ULTIMA_RESERVA = TO_DATE('2020-05-03', 'YYYY-MM-DD') WHERE ID = 33;
INSERT INTO RESERVA (ID, ESTADO, VALOR_TOTAL, FECHA_REALIZACION, CLIENTE_ID) VALUES (131, 1, 8423, TO_DATE('2020-05-03', 'YYYY-MM-DD'), 34);
INSERT INTO RESERVA (ID, ESTADO, VALOR_TOTAL, FECHA_REALIZACION, RESERVA_COLECTIVA_ID, CLIENTE_ID) VALUES (132, 1, 8841, TO_DATE('2020-05-03', 'YYYY-MM-DD'), 5, 39);
INSERT INTO RESERVA (ID, ESTADO, VALOR_TOTAL, FECHA_REALIZACION, RESERVA_COLECTIVA_ID, CLIENTE_ID) VALUES (133, 0, 2392, TO_DATE('2020-05-03', 'YYYY-MM-DD'), 4, 3);
INSERT INTO OFERTA (ID, DIA, PRECIO, ALOJAMIENTO_ID, RESERVA_ID) VALUES (191, TO_DATE('2020-05-03', 'YYYY-MM-DD'), 3266, 91, 131);
UPDATE ALOJAMIENTO SET ULTIMA_RESERVA = TO_DATE('2020-05-03', 'YYYY-MM-DD') WHERE ID = 91;
INSERT INTO OFERTA (ID, DIA, PRECIO, ALOJAMIENTO_ID, RESERVA_ID) VALUES (192, TO_DATE('2020-05-03', 'YYYY-MM-DD'), 8757, 30, 131);
UPDATE ALOJAMIENTO SET ULTIMA_RESERVA = TO_DATE('2020-05-03', 'YYYY-MM-DD') WHERE ID = 30;
INSERT INTO OFERTA (ID, DIA, PRECIO, ALOJAMIENTO_ID, RESERVA_ID) VALUES (193, TO_DATE('2020-05-03', 'YYYY-MM-DD'), 4622, 3, 132);
UPDATE ALOJAMIENTO SET ULTIMA_RESERVA = TO_DATE('2020-05-03', 'YYYY-MM-DD') WHERE ID = 3;
INSERT INTO OFERTA (ID, DIA, PRECIO, ALOJAMIENTO_ID, RESERVA_ID) VALUES (194, TO_DATE('2020-05-03', 'YYYY-MM-DD'), 3401, 98, 132);
UPDATE ALOJAMIENTO SET ULTIMA_RESERVA = TO_DATE('2020-05-03', 'YYYY-MM-DD') WHERE ID = 98;
INSERT INTO RESERVA (ID, ESTADO, VALOR_TOTAL, FECHA_REALIZACION, RESERVA_COLECTIVA_ID, CLIENTE_ID) VALUES (134, 1, 295, TO_DATE('2020-05-03', 'YYYY-MM-DD'), 3, 34);
INSERT INTO OFERTA (ID, DIA, PRECIO, ALOJAMIENTO_ID, RESERVA_ID) VALUES (195, TO_DATE('2020-05-03', 'YYYY-MM-DD'), 8908, 175, 134);
UPDATE ALOJAMIENTO SET ULTIMA_RESERVA = TO_DATE('2020-05-03', 'YYYY-MM-DD') WHERE ID = 175;
INSERT INTO OFERTA (ID, DIA, PRECIO, ALOJAMIENTO_ID, RESERVA_ID) VALUES (196, TO_DATE('2020-05-03', 'YYYY-MM-DD'), 7432, 69, 134);
UPDATE ALOJAMIENTO SET ULTIMA_RESERVA = TO_DATE('2020-05-03', 'YYYY-MM-DD') WHERE ID = 69;
INSERT INTO OFERTA (ID, DIA, PRECIO, ALOJAMIENTO_ID, RESERVA_ID) VALUES (197, TO_DATE('2020-05-03', 'YYYY-MM-DD'), 1700, 113, 134);
UPDATE ALOJAMIENTO SET ULTIMA_RESERVA = TO_DATE('2020-05-03', 'YYYY-MM-DD') WHERE ID = 113;
INSERT INTO OFERTA (ID, DIA, PRECIO, ALOJAMIENTO_ID, RESERVA_ID) VALUES (198, TO_DATE('2020-05-03', 'YYYY-MM-DD'), 6572, 167, 134);
UPDATE ALOJAMIENTO SET ULTIMA_RESERVA = TO_DATE('2020-05-03', 'YYYY-MM-DD') WHERE ID = 167;
INSERT INTO OFERTA (ID, DIA, PRECIO, ALOJAMIENTO_ID, RESERVA_ID) VALUES (199, TO_DATE('2020-05-03', 'YYYY-MM-DD'), 4175, 61, 134);
UPDATE ALOJAMIENTO SET ULTIMA_RESERVA = TO_DATE('2020-05-03', 'YYYY-MM-DD') WHERE ID = 61;
INSERT INTO OFERTA (ID, DIA, PRECIO, ALOJAMIENTO_ID, RESERVA_ID) VALUES (200, TO_DATE('2020-05-03', 'YYYY-MM-DD'), 4565, 123, 134);
UPDATE ALOJAMIENTO SET ULTIMA_RESERVA = TO_DATE('2020-05-03', 'YYYY-MM-DD') WHERE ID = 123;
INSERT INTO RESERVA (ID, ESTADO, VALOR_TOTAL, FECHA_REALIZACION, RESERVA_COLECTIVA_ID, CLIENTE_ID) VALUES (135, 0, 4030, TO_DATE('2020-05-03', 'YYYY-MM-DD'), 0, 29);
INSERT INTO OFERTA (ID, DIA, PRECIO, ALOJAMIENTO_ID, RESERVA_ID) VALUES (201, TO_DATE('2020-05-03', 'YYYY-MM-DD'), 5314, 35, 135);
UPDATE ALOJAMIENTO SET ULTIMA_RESERVA = TO_DATE('2020-05-03', 'YYYY-MM-DD') WHERE ID = 35;
INSERT INTO RESERVA (ID, ESTADO, VALOR_TOTAL, FECHA_REALIZACION, CLIENTE_ID) VALUES (136, 1, 6405, TO_DATE('2020-05-03', 'YYYY-MM-DD'), 31);
INSERT INTO RESERVA (ID, ESTADO, VALOR_TOTAL, FECHA_REALIZACION, RESERVA_COLECTIVA_ID, CLIENTE_ID) VALUES (137, 0, 3144, TO_DATE('2020-05-03', 'YYYY-MM-DD'), 0, 14);
INSERT INTO RESERVA (ID, ESTADO, VALOR_TOTAL, FECHA_REALIZACION, RESERVA_COLECTIVA_ID, CLIENTE_ID) VALUES (138, 0, 5951, TO_DATE('2020-05-03', 'YYYY-MM-DD'), 9, 27);
INSERT INTO OFERTA (ID, DIA, PRECIO, ALOJAMIENTO_ID, RESERVA_ID) VALUES (202, TO_DATE('2020-05-03', 'YYYY-MM-DD'), 4302, 127, 137);
UPDATE ALOJAMIENTO SET ULTIMA_RESERVA = TO_DATE('2020-05-03', 'YYYY-MM-DD') WHERE ID = 127;
INSERT INTO RESERVA (ID, ESTADO, VALOR_TOTAL, FECHA_REALIZACION, CLIENTE_ID) VALUES (139, 1, 974, TO_DATE('2020-05-03', 'YYYY-MM-DD'), 19);
INSERT INTO RESERVA (ID, ESTADO, VALOR_TOTAL, FECHA_REALIZACION, RESERVA_COLECTIVA_ID, CLIENTE_ID) VALUES (140, 1, 6786, TO_DATE('2020-05-03', 'YYYY-MM-DD'), 9, 17);
INSERT INTO OFERTA (ID, DIA, PRECIO, ALOJAMIENTO_ID, RESERVA_ID) VALUES (203, TO_DATE('2020-05-03', 'YYYY-MM-DD'), 6300, 98, 140);
UPDATE ALOJAMIENTO SET ULTIMA_RESERVA = TO_DATE('2020-05-03', 'YYYY-MM-DD') WHERE ID = 98;
INSERT INTO OFERTA (ID, DIA, PRECIO, ALOJAMIENTO_ID, RESERVA_ID) VALUES (204, TO_DATE('2020-05-03', 'YYYY-MM-DD'), 5704, 157, 139);
UPDATE ALOJAMIENTO SET ULTIMA_RESERVA = TO_DATE('2020-05-03', 'YYYY-MM-DD') WHERE ID = 157;
INSERT INTO OFERTA (ID, DIA, PRECIO, ALOJAMIENTO_ID, RESERVA_ID) VALUES (205, TO_DATE('2020-05-03', 'YYYY-MM-DD'), 4124, 179, 139);
UPDATE ALOJAMIENTO SET ULTIMA_RESERVA = TO_DATE('2020-05-03', 'YYYY-MM-DD') WHERE ID = 179;
INSERT INTO OFERTA (ID, DIA, PRECIO, ALOJAMIENTO_ID, RESERVA_ID) VALUES (206, TO_DATE('2020-05-03', 'YYYY-MM-DD'), 1932, 24, 139);
UPDATE ALOJAMIENTO SET ULTIMA_RESERVA = TO_DATE('2020-05-03', 'YYYY-MM-DD') WHERE ID = 24;
INSERT INTO RESERVA (ID, ESTADO, VALOR_TOTAL, FECHA_REALIZACION, CLIENTE_ID) VALUES (141, 1, 4486, TO_DATE('2020-05-03', 'YYYY-MM-DD'), 36);
INSERT INTO RESERVA (ID, ESTADO, VALOR_TOTAL, FECHA_REALIZACION, RESERVA_COLECTIVA_ID, CLIENTE_ID) VALUES (142, 1, 7045, TO_DATE('2020-05-03', 'YYYY-MM-DD'), 0, 1);
INSERT INTO RESERVA (ID, ESTADO, VALOR_TOTAL, FECHA_REALIZACION, RESERVA_COLECTIVA_ID, CLIENTE_ID) VALUES (143, 1, 4734, TO_DATE('2020-05-03', 'YYYY-MM-DD'), 0, 25);
INSERT INTO OFERTA (ID, DIA, PRECIO, ALOJAMIENTO_ID, RESERVA_ID) VALUES (207, TO_DATE('2020-05-03', 'YYYY-MM-DD'), 5558, 92, 142);
UPDATE ALOJAMIENTO SET ULTIMA_RESERVA = TO_DATE('2020-05-03', 'YYYY-MM-DD') WHERE ID = 92;
INSERT INTO OFERTA (ID, DIA, PRECIO, ALOJAMIENTO_ID, RESERVA_ID) VALUES (208, TO_DATE('2020-05-03', 'YYYY-MM-DD'), 3882, 89, 141);
UPDATE ALOJAMIENTO SET ULTIMA_RESERVA = TO_DATE('2020-05-03', 'YYYY-MM-DD') WHERE ID = 89;
INSERT INTO OFERTA (ID, DIA, PRECIO, ALOJAMIENTO_ID, RESERVA_ID) VALUES (209, TO_DATE('2020-05-03', 'YYYY-MM-DD'), 5866, 186, 141);
UPDATE ALOJAMIENTO SET ULTIMA_RESERVA = TO_DATE('2020-05-03', 'YYYY-MM-DD') WHERE ID = 186;
INSERT INTO OFERTA (ID, DIA, PRECIO, ALOJAMIENTO_ID, RESERVA_ID) VALUES (210, TO_DATE('2020-05-03', 'YYYY-MM-DD'), 7176, 69, 143);
UPDATE ALOJAMIENTO SET ULTIMA_RESERVA = TO_DATE('2020-05-03', 'YYYY-MM-DD') WHERE ID = 69;
INSERT INTO RESERVA (ID, ESTADO, VALOR_TOTAL, FECHA_REALIZACION, RESERVA_COLECTIVA_ID, CLIENTE_ID) VALUES (144, 1, 7648, TO_DATE('2020-05-03', 'YYYY-MM-DD'), 3, 28);
INSERT INTO OFERTA (ID, DIA, PRECIO, ALOJAMIENTO_ID, RESERVA_ID) VALUES (211, TO_DATE('2020-05-03', 'YYYY-MM-DD'), 7868, 89, 144);
UPDATE ALOJAMIENTO SET ULTIMA_RESERVA = TO_DATE('2020-05-03', 'YYYY-MM-DD') WHERE ID = 89;
INSERT INTO OFERTA (ID, DIA, PRECIO, ALOJAMIENTO_ID, RESERVA_ID) VALUES (212, TO_DATE('2020-05-03', 'YYYY-MM-DD'), 5876, 66, 144);
UPDATE ALOJAMIENTO SET ULTIMA_RESERVA = TO_DATE('2020-05-03', 'YYYY-MM-DD') WHERE ID = 66;
INSERT INTO OFERTA (ID, DIA, PRECIO, ALOJAMIENTO_ID, RESERVA_ID) VALUES (213, TO_DATE('2020-05-03', 'YYYY-MM-DD'), 8981, 185, 144);
UPDATE ALOJAMIENTO SET ULTIMA_RESERVA = TO_DATE('2020-05-03', 'YYYY-MM-DD') WHERE ID = 185;
INSERT INTO OFERTA (ID, DIA, PRECIO, ALOJAMIENTO_ID, RESERVA_ID) VALUES (214, TO_DATE('2020-05-03', 'YYYY-MM-DD'), 3440, 17, 144);
UPDATE ALOJAMIENTO SET ULTIMA_RESERVA = TO_DATE('2020-05-03', 'YYYY-MM-DD') WHERE ID = 17;
INSERT INTO OFERTA (ID, DIA, PRECIO, ALOJAMIENTO_ID, RESERVA_ID) VALUES (215, TO_DATE('2020-05-03', 'YYYY-MM-DD'), 5498, 26, 144);
UPDATE ALOJAMIENTO SET ULTIMA_RESERVA = TO_DATE('2020-05-03', 'YYYY-MM-DD') WHERE ID = 26;
INSERT INTO RESERVA (ID, ESTADO, VALOR_TOTAL, FECHA_REALIZACION, RESERVA_COLECTIVA_ID, CLIENTE_ID) VALUES (145, 1, 476, TO_DATE('2020-05-03', 'YYYY-MM-DD'), 2, 15);
INSERT INTO OFERTA (ID, DIA, PRECIO, ALOJAMIENTO_ID, RESERVA_ID) VALUES (216, TO_DATE('2020-05-03', 'YYYY-MM-DD'), 3634, 49, 145);
UPDATE ALOJAMIENTO SET ULTIMA_RESERVA = TO_DATE('2020-05-03', 'YYYY-MM-DD') WHERE ID = 49;
INSERT INTO OFERTA (ID, DIA, PRECIO, ALOJAMIENTO_ID, RESERVA_ID) VALUES (217, TO_DATE('2020-05-03', 'YYYY-MM-DD'), 5613, 13, 145);
UPDATE ALOJAMIENTO SET ULTIMA_RESERVA = TO_DATE('2020-05-03', 'YYYY-MM-DD') WHERE ID = 13;
INSERT INTO RESERVA (ID, ESTADO, VALOR_TOTAL, FECHA_REALIZACION, CLIENTE_ID) VALUES (146, 0, 149, TO_DATE('2020-05-03', 'YYYY-MM-DD'), 11);
INSERT INTO RESERVA (ID, ESTADO, VALOR_TOTAL, FECHA_REALIZACION, RESERVA_COLECTIVA_ID, CLIENTE_ID) VALUES (147, 0, 5194, TO_DATE('2020-05-03', 'YYYY-MM-DD'), 1, 23);
INSERT INTO RESERVA (ID, ESTADO, VALOR_TOTAL, FECHA_REALIZACION, RESERVA_COLECTIVA_ID, CLIENTE_ID) VALUES (148, 0, 1092, TO_DATE('2020-05-03', 'YYYY-MM-DD'), 6, 38);
INSERT INTO OFERTA (ID, DIA, PRECIO, ALOJAMIENTO_ID, RESERVA_ID) VALUES (218, TO_DATE('2020-05-03', 'YYYY-MM-DD'), 5182, 139, 148);
UPDATE ALOJAMIENTO SET ULTIMA_RESERVA = TO_DATE('2020-05-03', 'YYYY-MM-DD') WHERE ID = 139;
INSERT INTO OFERTA (ID, DIA, PRECIO, ALOJAMIENTO_ID, RESERVA_ID) VALUES (219, TO_DATE('2020-05-03', 'YYYY-MM-DD'), 677, 25, 147);
UPDATE ALOJAMIENTO SET ULTIMA_RESERVA = TO_DATE('2020-05-03', 'YYYY-MM-DD') WHERE ID = 25;
INSERT INTO OFERTA (ID, DIA, PRECIO, ALOJAMIENTO_ID, RESERVA_ID) VALUES (220, TO_DATE('2020-05-03', 'YYYY-MM-DD'), 7147, 161, 147);
UPDATE ALOJAMIENTO SET ULTIMA_RESERVA = TO_DATE('2020-05-03', 'YYYY-MM-DD') WHERE ID = 161;
INSERT INTO OFERTA (ID, DIA, PRECIO, ALOJAMIENTO_ID, RESERVA_ID) VALUES (221, TO_DATE('2020-05-03', 'YYYY-MM-DD'), 7181, 186, 148);
UPDATE ALOJAMIENTO SET ULTIMA_RESERVA = TO_DATE('2020-05-03', 'YYYY-MM-DD') WHERE ID = 186;
INSERT INTO RESERVA (ID, ESTADO, VALOR_TOTAL, FECHA_REALIZACION, CLIENTE_ID) VALUES (149, 0, 954, TO_DATE('2020-05-03', 'YYYY-MM-DD'), 38);
INSERT INTO RESERVA (ID, ESTADO, VALOR_TOTAL, FECHA_REALIZACION, RESERVA_COLECTIVA_ID, CLIENTE_ID) VALUES (150, 1, 458, TO_DATE('2020-05-03', 'YYYY-MM-DD'), 7, 8);
INSERT INTO RESERVA (ID, ESTADO, VALOR_TOTAL, FECHA_REALIZACION, RESERVA_COLECTIVA_ID, CLIENTE_ID) VALUES (151, 1, 5264, TO_DATE('2020-05-03', 'YYYY-MM-DD'), 5, 1);
INSERT INTO OFERTA (ID, DIA, PRECIO, ALOJAMIENTO_ID, RESERVA_ID) VALUES (222, TO_DATE('2020-05-03', 'YYYY-MM-DD'), 9495, 149, 151);
UPDATE ALOJAMIENTO SET ULTIMA_RESERVA = TO_DATE('2020-05-03', 'YYYY-MM-DD') WHERE ID = 149;
INSERT INTO OFERTA (ID, DIA, PRECIO, ALOJAMIENTO_ID, RESERVA_ID) VALUES (223, TO_DATE('2020-05-03', 'YYYY-MM-DD'), 6474, 27, 150);
UPDATE ALOJAMIENTO SET ULTIMA_RESERVA = TO_DATE('2020-05-03', 'YYYY-MM-DD') WHERE ID = 27;
INSERT INTO OFERTA (ID, DIA, PRECIO, ALOJAMIENTO_ID, RESERVA_ID) VALUES (224, TO_DATE('2020-05-03', 'YYYY-MM-DD'), 9537, 162, 151);
UPDATE ALOJAMIENTO SET ULTIMA_RESERVA = TO_DATE('2020-05-03', 'YYYY-MM-DD') WHERE ID = 162;
INSERT INTO OFERTA (ID, DIA, PRECIO, ALOJAMIENTO_ID, RESERVA_ID) VALUES (225, TO_DATE('2020-05-03', 'YYYY-MM-DD'), 8076, 176, 150);
UPDATE ALOJAMIENTO SET ULTIMA_RESERVA = TO_DATE('2020-05-03', 'YYYY-MM-DD') WHERE ID = 176;
INSERT INTO RESERVA (ID, ESTADO, VALOR_TOTAL, FECHA_REALIZACION, RESERVA_COLECTIVA_ID, CLIENTE_ID) VALUES (152, 0, 8228, TO_DATE('2020-05-03', 'YYYY-MM-DD'), 2, 0);
INSERT INTO OFERTA (ID, DIA, PRECIO, ALOJAMIENTO_ID, RESERVA_ID) VALUES (226, TO_DATE('2020-05-03', 'YYYY-MM-DD'), 7196, 118, 152);
UPDATE ALOJAMIENTO SET ULTIMA_RESERVA = TO_DATE('2020-05-03', 'YYYY-MM-DD') WHERE ID = 118;
INSERT INTO OFERTA (ID, DIA, PRECIO, ALOJAMIENTO_ID, RESERVA_ID) VALUES (227, TO_DATE('2020-05-03', 'YYYY-MM-DD'), 9522, 91, 152);
UPDATE ALOJAMIENTO SET ULTIMA_RESERVA = TO_DATE('2020-05-03', 'YYYY-MM-DD') WHERE ID = 91;
INSERT INTO OFERTA (ID, DIA, PRECIO, ALOJAMIENTO_ID, RESERVA_ID) VALUES (228, TO_DATE('2020-05-03', 'YYYY-MM-DD'), 7852, 179, 152);
UPDATE ALOJAMIENTO SET ULTIMA_RESERVA = TO_DATE('2020-05-03', 'YYYY-MM-DD') WHERE ID = 179;
INSERT INTO RESERVA (ID, ESTADO, VALOR_TOTAL, FECHA_REALIZACION, RESERVA_COLECTIVA_ID, CLIENTE_ID) VALUES (153, 1, 7250, TO_DATE('2020-05-03', 'YYYY-MM-DD'), 1, 2);
INSERT INTO OFERTA (ID, DIA, PRECIO, ALOJAMIENTO_ID, RESERVA_ID) VALUES (229, TO_DATE('2020-05-03', 'YYYY-MM-DD'), 9756, 44, 153);
UPDATE ALOJAMIENTO SET ULTIMA_RESERVA = TO_DATE('2020-05-03', 'YYYY-MM-DD') WHERE ID = 44;
INSERT INTO OFERTA (ID, DIA, PRECIO, ALOJAMIENTO_ID, RESERVA_ID) VALUES (230, TO_DATE('2020-05-03', 'YYYY-MM-DD'), 7889, 118, 153);
UPDATE ALOJAMIENTO SET ULTIMA_RESERVA = TO_DATE('2020-05-03', 'YYYY-MM-DD') WHERE ID = 118;
INSERT INTO RESERVA (ID, ESTADO, VALOR_TOTAL, FECHA_REALIZACION, CLIENTE_ID) VALUES (154, 0, 1182, TO_DATE('2020-05-03', 'YYYY-MM-DD'), 43);
INSERT INTO RESERVA (ID, ESTADO, VALOR_TOTAL, FECHA_REALIZACION, RESERVA_COLECTIVA_ID, CLIENTE_ID) VALUES (155, 1, 7301, TO_DATE('2020-05-03', 'YYYY-MM-DD'), 2, 19);
INSERT INTO RESERVA (ID, ESTADO, VALOR_TOTAL, FECHA_REALIZACION, RESERVA_COLECTIVA_ID, CLIENTE_ID) VALUES (156, 1, 7366, TO_DATE('2020-05-03', 'YYYY-MM-DD'), 4, 26);
INSERT INTO OFERTA (ID, DIA, PRECIO, ALOJAMIENTO_ID, RESERVA_ID) VALUES (231, TO_DATE('2020-05-03', 'YYYY-MM-DD'), 6161, 125, 154);
UPDATE ALOJAMIENTO SET ULTIMA_RESERVA = TO_DATE('2020-05-03', 'YYYY-MM-DD') WHERE ID = 125;
INSERT INTO OFERTA (ID, DIA, PRECIO, ALOJAMIENTO_ID, RESERVA_ID) VALUES (232, TO_DATE('2020-05-03', 'YYYY-MM-DD'), 8056, 138, 156);
UPDATE ALOJAMIENTO SET ULTIMA_RESERVA = TO_DATE('2020-05-03', 'YYYY-MM-DD') WHERE ID = 138;
INSERT INTO RESERVA (ID, ESTADO, VALOR_TOTAL, FECHA_REALIZACION, CLIENTE_ID) VALUES (157, 0, 5966, TO_DATE('2020-05-03', 'YYYY-MM-DD'), 23);
INSERT INTO RESERVA (ID, ESTADO, VALOR_TOTAL, FECHA_REALIZACION, RESERVA_COLECTIVA_ID, CLIENTE_ID) VALUES (158, 0, 7176, TO_DATE('2020-05-03', 'YYYY-MM-DD'), 5, 31);
INSERT INTO OFERTA (ID, DIA, PRECIO, ALOJAMIENTO_ID, RESERVA_ID) VALUES (233, TO_DATE('2020-05-03', 'YYYY-MM-DD'), 5195, 133, 157);
UPDATE ALOJAMIENTO SET ULTIMA_RESERVA = TO_DATE('2020-05-03', 'YYYY-MM-DD') WHERE ID = 133;
INSERT INTO RESERVA (ID, ESTADO, VALOR_TOTAL, FECHA_REALIZACION, CLIENTE_ID) VALUES (159, 0, 8977, TO_DATE('2020-05-03', 'YYYY-MM-DD'), 36);
INSERT INTO RESERVA (ID, ESTADO, VALOR_TOTAL, FECHA_REALIZACION, RESERVA_COLECTIVA_ID, CLIENTE_ID) VALUES (160, 1, 5044, TO_DATE('2020-05-03', 'YYYY-MM-DD'), 4, 30);
INSERT INTO RESERVA (ID, ESTADO, VALOR_TOTAL, FECHA_REALIZACION, RESERVA_COLECTIVA_ID, CLIENTE_ID) VALUES (161, 1, 6280, TO_DATE('2020-05-03', 'YYYY-MM-DD'), 9, 4);
INSERT INTO OFERTA (ID, DIA, PRECIO, ALOJAMIENTO_ID, RESERVA_ID) VALUES (234, TO_DATE('2020-05-03', 'YYYY-MM-DD'), 2318, 22, 159);
UPDATE ALOJAMIENTO SET ULTIMA_RESERVA = TO_DATE('2020-05-03', 'YYYY-MM-DD') WHERE ID = 22;
INSERT INTO OFERTA (ID, DIA, PRECIO, ALOJAMIENTO_ID, RESERVA_ID) VALUES (235, TO_DATE('2020-05-03', 'YYYY-MM-DD'), 179, 128, 160);
UPDATE ALOJAMIENTO SET ULTIMA_RESERVA = TO_DATE('2020-05-03', 'YYYY-MM-DD') WHERE ID = 128;
INSERT INTO RESERVA (ID, ESTADO, VALOR_TOTAL, FECHA_REALIZACION, CLIENTE_ID) VALUES (162, 0, 4320, TO_DATE('2020-05-03', 'YYYY-MM-DD'), 16);
INSERT INTO RESERVA (ID, ESTADO, VALOR_TOTAL, FECHA_REALIZACION, RESERVA_COLECTIVA_ID, CLIENTE_ID) VALUES (163, 1, 2494, TO_DATE('2020-05-03', 'YYYY-MM-DD'), 6, 49);
INSERT INTO RESERVA (ID, ESTADO, VALOR_TOTAL, FECHA_REALIZACION, RESERVA_COLECTIVA_ID, CLIENTE_ID) VALUES (164, 0, 2201, TO_DATE('2020-05-03', 'YYYY-MM-DD'), 6, 27);
INSERT INTO OFERTA (ID, DIA, PRECIO, ALOJAMIENTO_ID, RESERVA_ID) VALUES (236, TO_DATE('2020-05-03', 'YYYY-MM-DD'), 4766, 20, 163);
UPDATE ALOJAMIENTO SET ULTIMA_RESERVA = TO_DATE('2020-05-03', 'YYYY-MM-DD') WHERE ID = 20;
INSERT INTO OFERTA (ID, DIA, PRECIO, ALOJAMIENTO_ID, RESERVA_ID) VALUES (237, TO_DATE('2020-05-03', 'YYYY-MM-DD'), 1551, 18, 162);
UPDATE ALOJAMIENTO SET ULTIMA_RESERVA = TO_DATE('2020-05-03', 'YYYY-MM-DD') WHERE ID = 18;
INSERT INTO OFERTA (ID, DIA, PRECIO, ALOJAMIENTO_ID, RESERVA_ID) VALUES (238, TO_DATE('2020-05-03', 'YYYY-MM-DD'), 9748, 160, 162);
UPDATE ALOJAMIENTO SET ULTIMA_RESERVA = TO_DATE('2020-05-03', 'YYYY-MM-DD') WHERE ID = 160;
INSERT INTO OFERTA (ID, DIA, PRECIO, ALOJAMIENTO_ID, RESERVA_ID) VALUES (239, TO_DATE('2020-05-03', 'YYYY-MM-DD'), 6289, 41, 162);
UPDATE ALOJAMIENTO SET ULTIMA_RESERVA = TO_DATE('2020-05-03', 'YYYY-MM-DD') WHERE ID = 41;
INSERT INTO OFERTA (ID, DIA, PRECIO, ALOJAMIENTO_ID, RESERVA_ID) VALUES (240, TO_DATE('2020-05-03', 'YYYY-MM-DD'), 6574, 102, 163);
UPDATE ALOJAMIENTO SET ULTIMA_RESERVA = TO_DATE('2020-05-03', 'YYYY-MM-DD') WHERE ID = 102;
INSERT INTO RESERVA (ID, ESTADO, VALOR_TOTAL, FECHA_REALIZACION, RESERVA_COLECTIVA_ID, CLIENTE_ID) VALUES (165, 1, 2, TO_DATE('2020-05-03', 'YYYY-MM-DD'), 4, 0);
INSERT INTO OFERTA (ID, DIA, PRECIO, ALOJAMIENTO_ID, RESERVA_ID) VALUES (241, TO_DATE('2020-05-03', 'YYYY-MM-DD'), 8482, 52, 165);
UPDATE ALOJAMIENTO SET ULTIMA_RESERVA = TO_DATE('2020-05-03', 'YYYY-MM-DD') WHERE ID = 52;
INSERT INTO OFERTA (ID, DIA, PRECIO, ALOJAMIENTO_ID, RESERVA_ID) VALUES (242, TO_DATE('2020-05-03', 'YYYY-MM-DD'), 7289, 149, 165);
UPDATE ALOJAMIENTO SET ULTIMA_RESERVA = TO_DATE('2020-05-03', 'YYYY-MM-DD') WHERE ID = 149;
INSERT INTO OFERTA (ID, DIA, PRECIO, ALOJAMIENTO_ID, RESERVA_ID) VALUES (243, TO_DATE('2020-05-03', 'YYYY-MM-DD'), 2487, 147, 165);
UPDATE ALOJAMIENTO SET ULTIMA_RESERVA = TO_DATE('2020-05-03', 'YYYY-MM-DD') WHERE ID = 147;
INSERT INTO RESERVA (ID, ESTADO, VALOR_TOTAL, FECHA_REALIZACION, CLIENTE_ID) VALUES (166, 1, 4739, TO_DATE('2020-05-03', 'YYYY-MM-DD'), 11);
INSERT INTO RESERVA (ID, ESTADO, VALOR_TOTAL, FECHA_REALIZACION, RESERVA_COLECTIVA_ID, CLIENTE_ID) VALUES (167, 0, 1455, TO_DATE('2020-05-03', 'YYYY-MM-DD'), 8, 28);
INSERT INTO RESERVA (ID, ESTADO, VALOR_TOTAL, FECHA_REALIZACION, RESERVA_COLECTIVA_ID, CLIENTE_ID) VALUES (168, 0, 2230, TO_DATE('2020-05-03', 'YYYY-MM-DD'), 9, 23);
INSERT INTO OFERTA (ID, DIA, PRECIO, ALOJAMIENTO_ID, RESERVA_ID) VALUES (244, TO_DATE('2020-05-03', 'YYYY-MM-DD'), 9760, 154, 166);
UPDATE ALOJAMIENTO SET ULTIMA_RESERVA = TO_DATE('2020-05-03', 'YYYY-MM-DD') WHERE ID = 154;
INSERT INTO OFERTA (ID, DIA, PRECIO, ALOJAMIENTO_ID, RESERVA_ID) VALUES (245, TO_DATE('2020-05-03', 'YYYY-MM-DD'), 466, 78, 167);
UPDATE ALOJAMIENTO SET ULTIMA_RESERVA = TO_DATE('2020-05-03', 'YYYY-MM-DD') WHERE ID = 78;
INSERT INTO RESERVA (ID, ESTADO, VALOR_TOTAL, FECHA_REALIZACION, CLIENTE_ID) VALUES (169, 1, 5340, TO_DATE('2020-05-03', 'YYYY-MM-DD'), 41);
INSERT INTO RESERVA (ID, ESTADO, VALOR_TOTAL, FECHA_REALIZACION, RESERVA_COLECTIVA_ID, CLIENTE_ID) VALUES (170, 1, 832, TO_DATE('2020-05-03', 'YYYY-MM-DD'), 0, 41);
INSERT INTO RESERVA (ID, ESTADO, VALOR_TOTAL, FECHA_REALIZACION, RESERVA_COLECTIVA_ID, CLIENTE_ID) VALUES (171, 0, 5827, TO_DATE('2020-05-03', 'YYYY-MM-DD'), 10, 22);
INSERT INTO OFERTA (ID, DIA, PRECIO, ALOJAMIENTO_ID, RESERVA_ID) VALUES (246, TO_DATE('2020-05-03', 'YYYY-MM-DD'), 6535, 46, 169);
UPDATE ALOJAMIENTO SET ULTIMA_RESERVA = TO_DATE('2020-05-03', 'YYYY-MM-DD') WHERE ID = 46;
INSERT INTO OFERTA (ID, DIA, PRECIO, ALOJAMIENTO_ID, RESERVA_ID) VALUES (247, TO_DATE('2020-05-03', 'YYYY-MM-DD'), 6918, 17, 171);
UPDATE ALOJAMIENTO SET ULTIMA_RESERVA = TO_DATE('2020-05-03', 'YYYY-MM-DD') WHERE ID = 17;
INSERT INTO OFERTA (ID, DIA, PRECIO, ALOJAMIENTO_ID, RESERVA_ID) VALUES (248, TO_DATE('2020-05-03', 'YYYY-MM-DD'), 2024, 125, 169);
UPDATE ALOJAMIENTO SET ULTIMA_RESERVA = TO_DATE('2020-05-03', 'YYYY-MM-DD') WHERE ID = 125;
INSERT INTO OFERTA (ID, DIA, PRECIO, ALOJAMIENTO_ID, RESERVA_ID) VALUES (249, TO_DATE('2020-05-03', 'YYYY-MM-DD'), 3286, 111, 169);
UPDATE ALOJAMIENTO SET ULTIMA_RESERVA = TO_DATE('2020-05-03', 'YYYY-MM-DD') WHERE ID = 111;
INSERT INTO OFERTA (ID, DIA, PRECIO, ALOJAMIENTO_ID, RESERVA_ID) VALUES (250, TO_DATE('2020-05-03', 'YYYY-MM-DD'), 7238, 17, 170);
UPDATE ALOJAMIENTO SET ULTIMA_RESERVA = TO_DATE('2020-05-03', 'YYYY-MM-DD') WHERE ID = 17;
INSERT INTO OFERTA (ID, DIA, PRECIO, ALOJAMIENTO_ID, RESERVA_ID) VALUES (251, TO_DATE('2020-05-03', 'YYYY-MM-DD'), 8622, 121, 170);
UPDATE ALOJAMIENTO SET ULTIMA_RESERVA = TO_DATE('2020-05-03', 'YYYY-MM-DD') WHERE ID = 121;
INSERT INTO RESERVA (ID, ESTADO, VALOR_TOTAL, FECHA_REALIZACION, CLIENTE_ID) VALUES (172, 1, 4559, TO_DATE('2020-05-03', 'YYYY-MM-DD'), 19);
INSERT INTO RESERVA (ID, ESTADO, VALOR_TOTAL, FECHA_REALIZACION, RESERVA_COLECTIVA_ID, CLIENTE_ID) VALUES (173, 0, 771, TO_DATE('2020-05-03', 'YYYY-MM-DD'), 10, 42);
INSERT INTO RESERVA (ID, ESTADO, VALOR_TOTAL, FECHA_REALIZACION, RESERVA_COLECTIVA_ID, CLIENTE_ID) VALUES (174, 0, 5652, TO_DATE('2020-05-03', 'YYYY-MM-DD'), 5, 31);
INSERT INTO OFERTA (ID, DIA, PRECIO, ALOJAMIENTO_ID, RESERVA_ID) VALUES (252, TO_DATE('2020-05-03', 'YYYY-MM-DD'), 1557, 130, 172);
UPDATE ALOJAMIENTO SET ULTIMA_RESERVA = TO_DATE('2020-05-03', 'YYYY-MM-DD') WHERE ID = 130;
INSERT INTO RESERVA (ID, ESTADO, VALOR_TOTAL, FECHA_REALIZACION, CLIENTE_ID) VALUES (175, 0, 3032, TO_DATE('2020-05-03', 'YYYY-MM-DD'), 49);
INSERT INTO RESERVA (ID, ESTADO, VALOR_TOTAL, FECHA_REALIZACION, RESERVA_COLECTIVA_ID, CLIENTE_ID) VALUES (176, 1, 7162, TO_DATE('2020-05-03', 'YYYY-MM-DD'), 10, 47);
INSERT INTO OFERTA (ID, DIA, PRECIO, ALOJAMIENTO_ID, RESERVA_ID) VALUES (253, TO_DATE('2020-05-03', 'YYYY-MM-DD'), 4762, 23, 175);
UPDATE ALOJAMIENTO SET ULTIMA_RESERVA = TO_DATE('2020-05-03', 'YYYY-MM-DD') WHERE ID = 23;
INSERT INTO RESERVA (ID, ESTADO, VALOR_TOTAL, FECHA_REALIZACION, RESERVA_COLECTIVA_ID, CLIENTE_ID) VALUES (177, 1, 3228, TO_DATE('2020-05-03', 'YYYY-MM-DD'), 5, 48);
INSERT INTO OFERTA (ID, DIA, PRECIO, ALOJAMIENTO_ID, RESERVA_ID) VALUES (254, TO_DATE('2020-05-03', 'YYYY-MM-DD'), 1480, 16, 177);
UPDATE ALOJAMIENTO SET ULTIMA_RESERVA = TO_DATE('2020-05-03', 'YYYY-MM-DD') WHERE ID = 16;
INSERT INTO OFERTA (ID, DIA, PRECIO, ALOJAMIENTO_ID, RESERVA_ID) VALUES (255, TO_DATE('2020-05-03', 'YYYY-MM-DD'), 6994, 111, 177);
UPDATE ALOJAMIENTO SET ULTIMA_RESERVA = TO_DATE('2020-05-03', 'YYYY-MM-DD') WHERE ID = 111;
INSERT INTO OFERTA (ID, DIA, PRECIO, ALOJAMIENTO_ID, RESERVA_ID) VALUES (256, TO_DATE('2020-05-03', 'YYYY-MM-DD'), 3365, 129, 177);
UPDATE ALOJAMIENTO SET ULTIMA_RESERVA = TO_DATE('2020-05-03', 'YYYY-MM-DD') WHERE ID = 129;
INSERT INTO RESERVA (ID, ESTADO, VALOR_TOTAL, FECHA_REALIZACION, CLIENTE_ID) VALUES (178, 1, 251, TO_DATE('2020-05-03', 'YYYY-MM-DD'), 2);
INSERT INTO RESERVA (ID, ESTADO, VALOR_TOTAL, FECHA_REALIZACION, RESERVA_COLECTIVA_ID, CLIENTE_ID) VALUES (179, 0, 4486, TO_DATE('2020-05-03', 'YYYY-MM-DD'), 9, 35);
INSERT INTO RESERVA (ID, ESTADO, VALOR_TOTAL, FECHA_REALIZACION, RESERVA_COLECTIVA_ID, CLIENTE_ID) VALUES (180, 1, 6772, TO_DATE('2020-05-03', 'YYYY-MM-DD'), 5, 3);
INSERT INTO OFERTA (ID, DIA, PRECIO, ALOJAMIENTO_ID, RESERVA_ID) VALUES (257, TO_DATE('2020-05-03', 'YYYY-MM-DD'), 3458, 110, 180);
UPDATE ALOJAMIENTO SET ULTIMA_RESERVA = TO_DATE('2020-05-03', 'YYYY-MM-DD') WHERE ID = 110;
INSERT INTO OFERTA (ID, DIA, PRECIO, ALOJAMIENTO_ID, RESERVA_ID) VALUES (258, TO_DATE('2020-05-03', 'YYYY-MM-DD'), 3744, 101, 178);
UPDATE ALOJAMIENTO SET ULTIMA_RESERVA = TO_DATE('2020-05-03', 'YYYY-MM-DD') WHERE ID = 101;
INSERT INTO RESERVA (ID, ESTADO, VALOR_TOTAL, FECHA_REALIZACION, CLIENTE_ID) VALUES (181, 1, 4889, TO_DATE('2020-05-03', 'YYYY-MM-DD'), 0);
INSERT INTO RESERVA (ID, ESTADO, VALOR_TOTAL, FECHA_REALIZACION, RESERVA_COLECTIVA_ID, CLIENTE_ID) VALUES (182, 0, 4935, TO_DATE('2020-05-03', 'YYYY-MM-DD'), 4, 9);
INSERT INTO OFERTA (ID, DIA, PRECIO, ALOJAMIENTO_ID, RESERVA_ID) VALUES (259, TO_DATE('2020-05-03', 'YYYY-MM-DD'), 3934, 158, 181);
UPDATE ALOJAMIENTO SET ULTIMA_RESERVA = TO_DATE('2020-05-03', 'YYYY-MM-DD') WHERE ID = 158;
INSERT INTO OFERTA (ID, DIA, PRECIO, ALOJAMIENTO_ID, RESERVA_ID) VALUES (260, TO_DATE('2020-05-03', 'YYYY-MM-DD'), 320, 18, 182);
UPDATE ALOJAMIENTO SET ULTIMA_RESERVA = TO_DATE('2020-05-03', 'YYYY-MM-DD') WHERE ID = 18;
INSERT INTO RESERVA (ID, ESTADO, VALOR_TOTAL, FECHA_REALIZACION, CLIENTE_ID) VALUES (183, 1, 6745, TO_DATE('2020-05-03', 'YYYY-MM-DD'), 6);
INSERT INTO RESERVA (ID, ESTADO, VALOR_TOTAL, FECHA_REALIZACION, RESERVA_COLECTIVA_ID, CLIENTE_ID) VALUES (184, 1, 6532, TO_DATE('2020-05-03', 'YYYY-MM-DD'), 0, 5);
INSERT INTO OFERTA (ID, DIA, PRECIO, ALOJAMIENTO_ID, RESERVA_ID) VALUES (261, TO_DATE('2020-05-03', 'YYYY-MM-DD'), 5652, 52, 183);
UPDATE ALOJAMIENTO SET ULTIMA_RESERVA = TO_DATE('2020-05-03', 'YYYY-MM-DD') WHERE ID = 52;
INSERT INTO OFERTA (ID, DIA, PRECIO, ALOJAMIENTO_ID, RESERVA_ID) VALUES (262, TO_DATE('2020-05-03', 'YYYY-MM-DD'), 6552, 30, 184);
UPDATE ALOJAMIENTO SET ULTIMA_RESERVA = TO_DATE('2020-05-03', 'YYYY-MM-DD') WHERE ID = 30;
INSERT INTO OFERTA (ID, DIA, PRECIO, ALOJAMIENTO_ID, RESERVA_ID) VALUES (263, TO_DATE('2020-05-03', 'YYYY-MM-DD'), 2861, 179, 184);
UPDATE ALOJAMIENTO SET ULTIMA_RESERVA = TO_DATE('2020-05-03', 'YYYY-MM-DD') WHERE ID = 179;
INSERT INTO OFERTA (ID, DIA, PRECIO, ALOJAMIENTO_ID, RESERVA_ID) VALUES (264, TO_DATE('2020-05-03', 'YYYY-MM-DD'), 4207, 116, 184);
UPDATE ALOJAMIENTO SET ULTIMA_RESERVA = TO_DATE('2020-05-03', 'YYYY-MM-DD') WHERE ID = 116;
INSERT INTO RESERVA (ID, ESTADO, VALOR_TOTAL, FECHA_REALIZACION, RESERVA_COLECTIVA_ID, CLIENTE_ID) VALUES (185, 1, 535, TO_DATE('2020-05-03', 'YYYY-MM-DD'), 1, 49);
INSERT INTO OFERTA (ID, DIA, PRECIO, ALOJAMIENTO_ID, RESERVA_ID) VALUES (265, TO_DATE('2020-05-03', 'YYYY-MM-DD'), 6942, 54, 185);
UPDATE ALOJAMIENTO SET ULTIMA_RESERVA = TO_DATE('2020-05-03', 'YYYY-MM-DD') WHERE ID = 54;
INSERT INTO OFERTA (ID, DIA, PRECIO, ALOJAMIENTO_ID, RESERVA_ID) VALUES (266, TO_DATE('2020-05-03', 'YYYY-MM-DD'), 9657, 67, 185);
UPDATE ALOJAMIENTO SET ULTIMA_RESERVA = TO_DATE('2020-05-03', 'YYYY-MM-DD') WHERE ID = 67;
INSERT INTO OFERTA (ID, DIA, PRECIO, ALOJAMIENTO_ID, RESERVA_ID) VALUES (267, TO_DATE('2020-05-03', 'YYYY-MM-DD'), 4936, 18, 185);
UPDATE ALOJAMIENTO SET ULTIMA_RESERVA = TO_DATE('2020-05-03', 'YYYY-MM-DD') WHERE ID = 18;
INSERT INTO OFERTA (ID, DIA, PRECIO, ALOJAMIENTO_ID, RESERVA_ID) VALUES (268, TO_DATE('2020-05-03', 'YYYY-MM-DD'), 8322, 177, 185);
UPDATE ALOJAMIENTO SET ULTIMA_RESERVA = TO_DATE('2020-05-03', 'YYYY-MM-DD') WHERE ID = 177;
INSERT INTO OFERTA (ID, DIA, PRECIO, ALOJAMIENTO_ID, RESERVA_ID) VALUES (269, TO_DATE('2020-05-03', 'YYYY-MM-DD'), 9433, 142, 185);
UPDATE ALOJAMIENTO SET ULTIMA_RESERVA = TO_DATE('2020-05-03', 'YYYY-MM-DD') WHERE ID = 142;
INSERT INTO OFERTA (ID, DIA, PRECIO, ALOJAMIENTO_ID, RESERVA_ID) VALUES (270, TO_DATE('2020-05-03', 'YYYY-MM-DD'), 9398, 103, 185);
UPDATE ALOJAMIENTO SET ULTIMA_RESERVA = TO_DATE('2020-05-03', 'YYYY-MM-DD') WHERE ID = 103;
INSERT INTO RESERVA (ID, ESTADO, VALOR_TOTAL, FECHA_REALIZACION, CLIENTE_ID) VALUES (186, 0, 1261, TO_DATE('2020-05-03', 'YYYY-MM-DD'), 26);
INSERT INTO RESERVA (ID, ESTADO, VALOR_TOTAL, FECHA_REALIZACION, RESERVA_COLECTIVA_ID, CLIENTE_ID) VALUES (187, 1, 6361, TO_DATE('2020-05-03', 'YYYY-MM-DD'), 5, 49);
INSERT INTO OFERTA (ID, DIA, PRECIO, ALOJAMIENTO_ID, RESERVA_ID) VALUES (271, TO_DATE('2020-05-03', 'YYYY-MM-DD'), 8327, 151, 186);
UPDATE ALOJAMIENTO SET ULTIMA_RESERVA = TO_DATE('2020-05-03', 'YYYY-MM-DD') WHERE ID = 151;
INSERT INTO OFERTA (ID, DIA, PRECIO, ALOJAMIENTO_ID, RESERVA_ID) VALUES (272, TO_DATE('2020-05-03', 'YYYY-MM-DD'), 1962, 153, 187);
UPDATE ALOJAMIENTO SET ULTIMA_RESERVA = TO_DATE('2020-05-03', 'YYYY-MM-DD') WHERE ID = 153;
INSERT INTO OFERTA (ID, DIA, PRECIO, ALOJAMIENTO_ID, RESERVA_ID) VALUES (273, TO_DATE('2020-05-03', 'YYYY-MM-DD'), 4435, 165, 187);
UPDATE ALOJAMIENTO SET ULTIMA_RESERVA = TO_DATE('2020-05-03', 'YYYY-MM-DD') WHERE ID = 165;
INSERT INTO RESERVA (ID, ESTADO, VALOR_TOTAL, FECHA_REALIZACION, CLIENTE_ID) VALUES (188, 1, 2089, TO_DATE('2020-05-03', 'YYYY-MM-DD'), 21);
INSERT INTO RESERVA (ID, ESTADO, VALOR_TOTAL, FECHA_REALIZACION, RESERVA_COLECTIVA_ID, CLIENTE_ID) VALUES (189, 1, 8555, TO_DATE('2020-05-03', 'YYYY-MM-DD'), 9, 34);
INSERT INTO OFERTA (ID, DIA, PRECIO, ALOJAMIENTO_ID, RESERVA_ID) VALUES (274, TO_DATE('2020-05-03', 'YYYY-MM-DD'), 5982, 125, 189);
UPDATE ALOJAMIENTO SET ULTIMA_RESERVA = TO_DATE('2020-05-03', 'YYYY-MM-DD') WHERE ID = 125;
INSERT INTO RESERVA (ID, ESTADO, VALOR_TOTAL, FECHA_REALIZACION, CLIENTE_ID) VALUES (190, 0, 1785, TO_DATE('2020-05-03', 'YYYY-MM-DD'), 45);
INSERT INTO RESERVA (ID, ESTADO, VALOR_TOTAL, FECHA_REALIZACION, RESERVA_COLECTIVA_ID, CLIENTE_ID) VALUES (191, 0, 142, TO_DATE('2020-05-03', 'YYYY-MM-DD'), 8, 35);
INSERT INTO RESERVA (ID, ESTADO, VALOR_TOTAL, FECHA_REALIZACION, RESERVA_COLECTIVA_ID, CLIENTE_ID) VALUES (192, 1, 4514, TO_DATE('2020-05-03', 'YYYY-MM-DD'), 0, 9);
INSERT INTO OFERTA (ID, DIA, PRECIO, ALOJAMIENTO_ID, RESERVA_ID) VALUES (275, TO_DATE('2020-05-03', 'YYYY-MM-DD'), 2831, 175, 192);
UPDATE ALOJAMIENTO SET ULTIMA_RESERVA = TO_DATE('2020-05-03', 'YYYY-MM-DD') WHERE ID = 175;
INSERT INTO RESERVA (ID, ESTADO, VALOR_TOTAL, FECHA_REALIZACION, CLIENTE_ID) VALUES (193, 0, 3728, TO_DATE('2020-05-03', 'YYYY-MM-DD'), 26);
INSERT INTO RESERVA (ID, ESTADO, VALOR_TOTAL, FECHA_REALIZACION, RESERVA_COLECTIVA_ID, CLIENTE_ID) VALUES (194, 0, 7103, TO_DATE('2020-05-03', 'YYYY-MM-DD'), 6, 21);
INSERT INTO OFERTA (ID, DIA, PRECIO, ALOJAMIENTO_ID, RESERVA_ID) VALUES (276, TO_DATE('2020-05-03', 'YYYY-MM-DD'), 7366, 148, 194);
UPDATE ALOJAMIENTO SET ULTIMA_RESERVA = TO_DATE('2020-05-03', 'YYYY-MM-DD') WHERE ID = 148;
INSERT INTO OFERTA (ID, DIA, PRECIO, ALOJAMIENTO_ID, RESERVA_ID) VALUES (277, TO_DATE('2020-05-03', 'YYYY-MM-DD'), 1588, 122, 193);
UPDATE ALOJAMIENTO SET ULTIMA_RESERVA = TO_DATE('2020-05-03', 'YYYY-MM-DD') WHERE ID = 122;
INSERT INTO OFERTA (ID, DIA, PRECIO, ALOJAMIENTO_ID, RESERVA_ID) VALUES (278, TO_DATE('2020-05-03', 'YYYY-MM-DD'), 3930, 98, 194);
UPDATE ALOJAMIENTO SET ULTIMA_RESERVA = TO_DATE('2020-05-03', 'YYYY-MM-DD') WHERE ID = 98;
INSERT INTO OFERTA (ID, DIA, PRECIO, ALOJAMIENTO_ID, RESERVA_ID) VALUES (279, TO_DATE('2020-05-03', 'YYYY-MM-DD'), 6658, 59, 193);
UPDATE ALOJAMIENTO SET ULTIMA_RESERVA = TO_DATE('2020-05-03', 'YYYY-MM-DD') WHERE ID = 59;
INSERT INTO OFERTA (ID, DIA, PRECIO, ALOJAMIENTO_ID, RESERVA_ID) VALUES (280, TO_DATE('2020-05-03', 'YYYY-MM-DD'), 8237, 54, 193);
UPDATE ALOJAMIENTO SET ULTIMA_RESERVA = TO_DATE('2020-05-03', 'YYYY-MM-DD') WHERE ID = 54;
INSERT INTO RESERVA (ID, ESTADO, VALOR_TOTAL, FECHA_REALIZACION, RESERVA_COLECTIVA_ID, CLIENTE_ID) VALUES (195, 1, 1241, TO_DATE('2020-05-03', 'YYYY-MM-DD'), 4, 25);
INSERT INTO OFERTA (ID, DIA, PRECIO, ALOJAMIENTO_ID, RESERVA_ID) VALUES (281, TO_DATE('2020-05-03', 'YYYY-MM-DD'), 6177, 11, 195);
UPDATE ALOJAMIENTO SET ULTIMA_RESERVA = TO_DATE('2020-05-03', 'YYYY-MM-DD') WHERE ID = 11;
INSERT INTO OFERTA (ID, DIA, PRECIO, ALOJAMIENTO_ID, RESERVA_ID) VALUES (282, TO_DATE('2020-05-03', 'YYYY-MM-DD'), 3489, 112, 195);
UPDATE ALOJAMIENTO SET ULTIMA_RESERVA = TO_DATE('2020-05-03', 'YYYY-MM-DD') WHERE ID = 112;
INSERT INTO RESERVA (ID, ESTADO, VALOR_TOTAL, FECHA_REALIZACION, RESERVA_COLECTIVA_ID, CLIENTE_ID) VALUES (196, 1, 6698, TO_DATE('2020-05-03', 'YYYY-MM-DD'), 9, 29);
INSERT INTO OFERTA (ID, DIA, PRECIO, ALOJAMIENTO_ID, RESERVA_ID) VALUES (283, TO_DATE('2020-05-03', 'YYYY-MM-DD'), 1338, 37, 196);
UPDATE ALOJAMIENTO SET ULTIMA_RESERVA = TO_DATE('2020-05-03', 'YYYY-MM-DD') WHERE ID = 37;
INSERT INTO OFERTA (ID, DIA, PRECIO, ALOJAMIENTO_ID, RESERVA_ID) VALUES (284, TO_DATE('2020-05-03', 'YYYY-MM-DD'), 6774, 160, 196);
UPDATE ALOJAMIENTO SET ULTIMA_RESERVA = TO_DATE('2020-05-03', 'YYYY-MM-DD') WHERE ID = 160;
INSERT INTO OFERTA (ID, DIA, PRECIO, ALOJAMIENTO_ID, RESERVA_ID) VALUES (285, TO_DATE('2020-05-03', 'YYYY-MM-DD'), 7395, 122, 196);
UPDATE ALOJAMIENTO SET ULTIMA_RESERVA = TO_DATE('2020-05-03', 'YYYY-MM-DD') WHERE ID = 122;
INSERT INTO OFERTA (ID, DIA, PRECIO, ALOJAMIENTO_ID, RESERVA_ID) VALUES (286, TO_DATE('2020-05-03', 'YYYY-MM-DD'), 9712, 51, 196);
UPDATE ALOJAMIENTO SET ULTIMA_RESERVA = TO_DATE('2020-05-03', 'YYYY-MM-DD') WHERE ID = 51;
INSERT INTO RESERVA (ID, ESTADO, VALOR_TOTAL, FECHA_REALIZACION, CLIENTE_ID) VALUES (197, 1, 639, TO_DATE('2020-05-03', 'YYYY-MM-DD'), 13);
INSERT INTO RESERVA (ID, ESTADO, VALOR_TOTAL, FECHA_REALIZACION, RESERVA_COLECTIVA_ID, CLIENTE_ID) VALUES (198, 1, 6768, TO_DATE('2020-05-03', 'YYYY-MM-DD'), 0, 36);
INSERT INTO RESERVA (ID, ESTADO, VALOR_TOTAL, FECHA_REALIZACION, RESERVA_COLECTIVA_ID, CLIENTE_ID) VALUES (199, 1, 3780, TO_DATE('2020-05-03', 'YYYY-MM-DD'), 1, 16);
INSERT INTO OFERTA (ID, DIA, PRECIO, ALOJAMIENTO_ID, RESERVA_ID) VALUES (287, TO_DATE('2020-05-03', 'YYYY-MM-DD'), 4906, 80, 197);
UPDATE ALOJAMIENTO SET ULTIMA_RESERVA = TO_DATE('2020-05-03', 'YYYY-MM-DD') WHERE ID = 80;
INSERT INTO OFERTA (ID, DIA, PRECIO, ALOJAMIENTO_ID, RESERVA_ID) VALUES (288, TO_DATE('2020-05-03', 'YYYY-MM-DD'), 447, 183, 197);
UPDATE ALOJAMIENTO SET ULTIMA_RESERVA = TO_DATE('2020-05-03', 'YYYY-MM-DD') WHERE ID = 183;
INSERT INTO OFERTA (ID, DIA, PRECIO, ALOJAMIENTO_ID, RESERVA_ID) VALUES (289, TO_DATE('2020-05-03', 'YYYY-MM-DD'), 7647, 9, 198);
UPDATE ALOJAMIENTO SET ULTIMA_RESERVA = TO_DATE('2020-05-03', 'YYYY-MM-DD') WHERE ID = 9;
INSERT INTO OFERTA (ID, DIA, PRECIO, ALOJAMIENTO_ID, RESERVA_ID) VALUES (290, TO_DATE('2020-05-03', 'YYYY-MM-DD'), 5733, 180, 198);
UPDATE ALOJAMIENTO SET ULTIMA_RESERVA = TO_DATE('2020-05-03', 'YYYY-MM-DD') WHERE ID = 180;
INSERT INTO OFERTA (ID, DIA, PRECIO, ALOJAMIENTO_ID, RESERVA_ID) VALUES (291, TO_DATE('2020-05-03', 'YYYY-MM-DD'), 5718, 130, 199);
UPDATE ALOJAMIENTO SET ULTIMA_RESERVA = TO_DATE('2020-05-03', 'YYYY-MM-DD') WHERE ID = 130;
INSERT INTO RESERVA (ID, ESTADO, VALOR_TOTAL, FECHA_REALIZACION, CLIENTE_ID) VALUES (200, 0, 9752, TO_DATE('2020-05-03', 'YYYY-MM-DD'), 22);
INSERT INTO RESERVA (ID, ESTADO, VALOR_TOTAL, FECHA_REALIZACION, RESERVA_COLECTIVA_ID, CLIENTE_ID) VALUES (201, 1, 1157, TO_DATE('2020-05-03', 'YYYY-MM-DD'), 0, 28);
INSERT INTO RESERVA (ID, ESTADO, VALOR_TOTAL, FECHA_REALIZACION, RESERVA_COLECTIVA_ID, CLIENTE_ID) VALUES (202, 0, 5902, TO_DATE('2020-05-03', 'YYYY-MM-DD'), 3, 30);
INSERT INTO OFERTA (ID, DIA, PRECIO, ALOJAMIENTO_ID, RESERVA_ID) VALUES (292, TO_DATE('2020-05-03', 'YYYY-MM-DD'), 7946, 139, 201);
UPDATE ALOJAMIENTO SET ULTIMA_RESERVA = TO_DATE('2020-05-03', 'YYYY-MM-DD') WHERE ID = 139;
INSERT INTO OFERTA (ID, DIA, PRECIO, ALOJAMIENTO_ID, RESERVA_ID) VALUES (293, TO_DATE('2020-05-03', 'YYYY-MM-DD'), 980, 152, 201);
UPDATE ALOJAMIENTO SET ULTIMA_RESERVA = TO_DATE('2020-05-03', 'YYYY-MM-DD') WHERE ID = 152;
INSERT INTO OFERTA (ID, DIA, PRECIO, ALOJAMIENTO_ID, RESERVA_ID) VALUES (294, TO_DATE('2020-05-03', 'YYYY-MM-DD'), 9918, 84, 200);
UPDATE ALOJAMIENTO SET ULTIMA_RESERVA = TO_DATE('2020-05-03', 'YYYY-MM-DD') WHERE ID = 84;
INSERT INTO OFERTA (ID, DIA, PRECIO, ALOJAMIENTO_ID, RESERVA_ID) VALUES (295, TO_DATE('2020-05-03', 'YYYY-MM-DD'), 9271, 65, 200);
UPDATE ALOJAMIENTO SET ULTIMA_RESERVA = TO_DATE('2020-05-03', 'YYYY-MM-DD') WHERE ID = 65;
INSERT INTO OFERTA (ID, DIA, PRECIO, ALOJAMIENTO_ID, RESERVA_ID) VALUES (296, TO_DATE('2020-05-03', 'YYYY-MM-DD'), 3086, 46, 200);
UPDATE ALOJAMIENTO SET ULTIMA_RESERVA = TO_DATE('2020-05-03', 'YYYY-MM-DD') WHERE ID = 46;
INSERT INTO RESERVA (ID, ESTADO, VALOR_TOTAL, FECHA_REALIZACION, RESERVA_COLECTIVA_ID, CLIENTE_ID) VALUES (203, 1, 7800, TO_DATE('2020-05-03', 'YYYY-MM-DD'), 6, 17);
INSERT INTO OFERTA (ID, DIA, PRECIO, ALOJAMIENTO_ID, RESERVA_ID) VALUES (297, TO_DATE('2020-05-03', 'YYYY-MM-DD'), 1759, 33, 203);
UPDATE ALOJAMIENTO SET ULTIMA_RESERVA = TO_DATE('2020-05-03', 'YYYY-MM-DD') WHERE ID = 33;
INSERT INTO RESERVA (ID, ESTADO, VALOR_TOTAL, FECHA_REALIZACION, CLIENTE_ID) VALUES (204, 1, 8642, TO_DATE('2020-05-03', 'YYYY-MM-DD'), 16);
INSERT INTO RESERVA (ID, ESTADO, VALOR_TOTAL, FECHA_REALIZACION, RESERVA_COLECTIVA_ID, CLIENTE_ID) VALUES (205, 0, 6961, TO_DATE('2020-05-03', 'YYYY-MM-DD'), 5, 28);
INSERT INTO RESERVA (ID, ESTADO, VALOR_TOTAL, FECHA_REALIZACION, RESERVA_COLECTIVA_ID, CLIENTE_ID) VALUES (206, 1, 3356, TO_DATE('2020-05-03', 'YYYY-MM-DD'), 6, 23);
INSERT INTO OFERTA (ID, DIA, PRECIO, ALOJAMIENTO_ID, RESERVA_ID) VALUES (298, TO_DATE('2020-05-03', 'YYYY-MM-DD'), 7172, 104, 205);
UPDATE ALOJAMIENTO SET ULTIMA_RESERVA = TO_DATE('2020-05-03', 'YYYY-MM-DD') WHERE ID = 104;
INSERT INTO OFERTA (ID, DIA, PRECIO, ALOJAMIENTO_ID, RESERVA_ID) VALUES (299, TO_DATE('2020-05-03', 'YYYY-MM-DD'), 639, 127, 205);
UPDATE ALOJAMIENTO SET ULTIMA_RESERVA = TO_DATE('2020-05-03', 'YYYY-MM-DD') WHERE ID = 127;
INSERT INTO RESERVA (ID, ESTADO, VALOR_TOTAL, FECHA_REALIZACION, RESERVA_COLECTIVA_ID, CLIENTE_ID) VALUES (207, 0, 168, TO_DATE('2020-05-03', 'YYYY-MM-DD'), 3, 27);
INSERT INTO OFERTA (ID, DIA, PRECIO, ALOJAMIENTO_ID, RESERVA_ID) VALUES (300, TO_DATE('2020-05-03', 'YYYY-MM-DD'), 6167, 91, 207);
UPDATE ALOJAMIENTO SET ULTIMA_RESERVA = TO_DATE('2020-05-03', 'YYYY-MM-DD') WHERE ID = 91;
INSERT INTO OFERTA (ID, DIA, PRECIO, ALOJAMIENTO_ID, RESERVA_ID) VALUES (301, TO_DATE('2020-05-03', 'YYYY-MM-DD'), 9414, 14, 207);
UPDATE ALOJAMIENTO SET ULTIMA_RESERVA = TO_DATE('2020-05-03', 'YYYY-MM-DD') WHERE ID = 14;
INSERT INTO OFERTA (ID, DIA, PRECIO, ALOJAMIENTO_ID, RESERVA_ID) VALUES (302, TO_DATE('2020-05-03', 'YYYY-MM-DD'), 9784, 114, 207);
UPDATE ALOJAMIENTO SET ULTIMA_RESERVA = TO_DATE('2020-05-03', 'YYYY-MM-DD') WHERE ID = 114;
INSERT INTO RESERVA (ID, ESTADO, VALOR_TOTAL, FECHA_REALIZACION, RESERVA_COLECTIVA_ID, CLIENTE_ID) VALUES (208, 1, 2736, TO_DATE('2020-05-03', 'YYYY-MM-DD'), 1, 13);
INSERT INTO OFERTA (ID, DIA, PRECIO, ALOJAMIENTO_ID, RESERVA_ID) VALUES (303, TO_DATE('2020-05-03', 'YYYY-MM-DD'), 9998, 124, 208);
UPDATE ALOJAMIENTO SET ULTIMA_RESERVA = TO_DATE('2020-05-03', 'YYYY-MM-DD') WHERE ID = 124;
INSERT INTO OFERTA (ID, DIA, PRECIO, ALOJAMIENTO_ID, RESERVA_ID) VALUES (304, TO_DATE('2020-05-03', 'YYYY-MM-DD'), 8799, 56, 208);
UPDATE ALOJAMIENTO SET ULTIMA_RESERVA = TO_DATE('2020-05-03', 'YYYY-MM-DD') WHERE ID = 56;
INSERT INTO OFERTA (ID, DIA, PRECIO, ALOJAMIENTO_ID, RESERVA_ID) VALUES (305, TO_DATE('2020-05-03', 'YYYY-MM-DD'), 1107, 49, 208);
UPDATE ALOJAMIENTO SET ULTIMA_RESERVA = TO_DATE('2020-05-03', 'YYYY-MM-DD') WHERE ID = 49;
INSERT INTO RESERVA (ID, ESTADO, VALOR_TOTAL, FECHA_REALIZACION, CLIENTE_ID) VALUES (209, 1, 4733, TO_DATE('2020-05-03', 'YYYY-MM-DD'), 48);
INSERT INTO RESERVA (ID, ESTADO, VALOR_TOTAL, FECHA_REALIZACION, RESERVA_COLECTIVA_ID, CLIENTE_ID) VALUES (210, 1, 5605, TO_DATE('2020-05-03', 'YYYY-MM-DD'), 3, 12);
INSERT INTO OFERTA (ID, DIA, PRECIO, ALOJAMIENTO_ID, RESERVA_ID) VALUES (306, TO_DATE('2020-05-03', 'YYYY-MM-DD'), 2188, 71, 209);
UPDATE ALOJAMIENTO SET ULTIMA_RESERVA = TO_DATE('2020-05-03', 'YYYY-MM-DD') WHERE ID = 71;
INSERT INTO OFERTA (ID, DIA, PRECIO, ALOJAMIENTO_ID, RESERVA_ID) VALUES (307, TO_DATE('2020-05-03', 'YYYY-MM-DD'), 7713, 35, 209);
UPDATE ALOJAMIENTO SET ULTIMA_RESERVA = TO_DATE('2020-05-03', 'YYYY-MM-DD') WHERE ID = 35;
INSERT INTO OFERTA (ID, DIA, PRECIO, ALOJAMIENTO_ID, RESERVA_ID) VALUES (308, TO_DATE('2020-05-03', 'YYYY-MM-DD'), 8717, 38, 209);
UPDATE ALOJAMIENTO SET ULTIMA_RESERVA = TO_DATE('2020-05-03', 'YYYY-MM-DD') WHERE ID = 38;
INSERT INTO RESERVA (ID, ESTADO, VALOR_TOTAL, FECHA_REALIZACION, RESERVA_COLECTIVA_ID, CLIENTE_ID) VALUES (211, 1, 4080, TO_DATE('2020-05-03', 'YYYY-MM-DD'), 4, 20);
INSERT INTO OFERTA (ID, DIA, PRECIO, ALOJAMIENTO_ID, RESERVA_ID) VALUES (309, TO_DATE('2020-05-03', 'YYYY-MM-DD'), 1663, 125, 211);
UPDATE ALOJAMIENTO SET ULTIMA_RESERVA = TO_DATE('2020-05-03', 'YYYY-MM-DD') WHERE ID = 125;
INSERT INTO OFERTA (ID, DIA, PRECIO, ALOJAMIENTO_ID, RESERVA_ID) VALUES (310, TO_DATE('2020-05-03', 'YYYY-MM-DD'), 9481, 113, 211);
UPDATE ALOJAMIENTO SET ULTIMA_RESERVA = TO_DATE('2020-05-03', 'YYYY-MM-DD') WHERE ID = 113;
INSERT INTO RESERVA (ID, ESTADO, VALOR_TOTAL, FECHA_REALIZACION, RESERVA_COLECTIVA_ID, CLIENTE_ID) VALUES (212, 1, 2938, TO_DATE('2020-05-03', 'YYYY-MM-DD'), 9, 39);
INSERT INTO OFERTA (ID, DIA, PRECIO, ALOJAMIENTO_ID, RESERVA_ID) VALUES (311, TO_DATE('2020-05-03', 'YYYY-MM-DD'), 3906, 108, 212);
UPDATE ALOJAMIENTO SET ULTIMA_RESERVA = TO_DATE('2020-05-03', 'YYYY-MM-DD') WHERE ID = 108;
INSERT INTO OFERTA (ID, DIA, PRECIO, ALOJAMIENTO_ID, RESERVA_ID) VALUES (312, TO_DATE('2020-05-03', 'YYYY-MM-DD'), 3363, 39, 212);
UPDATE ALOJAMIENTO SET ULTIMA_RESERVA = TO_DATE('2020-05-03', 'YYYY-MM-DD') WHERE ID = 39;
INSERT INTO OFERTA (ID, DIA, PRECIO, ALOJAMIENTO_ID, RESERVA_ID) VALUES (313, TO_DATE('2020-05-03', 'YYYY-MM-DD'), 8237, 102, 212);
UPDATE ALOJAMIENTO SET ULTIMA_RESERVA = TO_DATE('2020-05-03', 'YYYY-MM-DD') WHERE ID = 102;
INSERT INTO OFERTA (ID, DIA, PRECIO, ALOJAMIENTO_ID, RESERVA_ID) VALUES (314, TO_DATE('2020-05-03', 'YYYY-MM-DD'), 6403, 110, 212);
UPDATE ALOJAMIENTO SET ULTIMA_RESERVA = TO_DATE('2020-05-03', 'YYYY-MM-DD') WHERE ID = 110;
INSERT INTO OFERTA (ID, DIA, PRECIO, ALOJAMIENTO_ID, RESERVA_ID) VALUES (315, TO_DATE('2020-05-03', 'YYYY-MM-DD'), 773, 12, 212);
UPDATE ALOJAMIENTO SET ULTIMA_RESERVA = TO_DATE('2020-05-03', 'YYYY-MM-DD') WHERE ID = 12;
INSERT INTO OFERTA (ID, DIA, PRECIO, ALOJAMIENTO_ID, RESERVA_ID) VALUES (316, TO_DATE('2020-05-03', 'YYYY-MM-DD'), 3873, 124, 212);
UPDATE ALOJAMIENTO SET ULTIMA_RESERVA = TO_DATE('2020-05-03', 'YYYY-MM-DD') WHERE ID = 124;
INSERT INTO RESERVA (ID, ESTADO, VALOR_TOTAL, FECHA_REALIZACION, CLIENTE_ID) VALUES (213, 0, 2663, TO_DATE('2020-05-03', 'YYYY-MM-DD'), 49);
INSERT INTO RESERVA (ID, ESTADO, VALOR_TOTAL, FECHA_REALIZACION, RESERVA_COLECTIVA_ID, CLIENTE_ID) VALUES (214, 0, 7927, TO_DATE('2020-05-03', 'YYYY-MM-DD'), 9, 21);
INSERT INTO OFERTA (ID, DIA, PRECIO, ALOJAMIENTO_ID, RESERVA_ID) VALUES (317, TO_DATE('2020-05-03', 'YYYY-MM-DD'), 3499, 74, 214);
UPDATE ALOJAMIENTO SET ULTIMA_RESERVA = TO_DATE('2020-05-03', 'YYYY-MM-DD') WHERE ID = 74;
INSERT INTO OFERTA (ID, DIA, PRECIO, ALOJAMIENTO_ID, RESERVA_ID) VALUES (318, TO_DATE('2020-05-03', 'YYYY-MM-DD'), 8687, 35, 213);
UPDATE ALOJAMIENTO SET ULTIMA_RESERVA = TO_DATE('2020-05-03', 'YYYY-MM-DD') WHERE ID = 35;
INSERT INTO OFERTA (ID, DIA, PRECIO, ALOJAMIENTO_ID, RESERVA_ID) VALUES (319, TO_DATE('2020-05-03', 'YYYY-MM-DD'), 2834, 177, 214);
UPDATE ALOJAMIENTO SET ULTIMA_RESERVA = TO_DATE('2020-05-03', 'YYYY-MM-DD') WHERE ID = 177;
INSERT INTO OFERTA (ID, DIA, PRECIO, ALOJAMIENTO_ID, RESERVA_ID) VALUES (320, TO_DATE('2020-05-03', 'YYYY-MM-DD'), 1174, 177, 214);
UPDATE ALOJAMIENTO SET ULTIMA_RESERVA = TO_DATE('2020-05-03', 'YYYY-MM-DD') WHERE ID = 177;
INSERT INTO RESERVA (ID, ESTADO, VALOR_TOTAL, FECHA_REALIZACION, RESERVA_COLECTIVA_ID, CLIENTE_ID) VALUES (215, 1, 8356, TO_DATE('2020-05-03', 'YYYY-MM-DD'), 6, 41);
INSERT INTO OFERTA (ID, DIA, PRECIO, ALOJAMIENTO_ID, RESERVA_ID) VALUES (321, TO_DATE('2020-05-03', 'YYYY-MM-DD'), 1705, 100, 215);
UPDATE ALOJAMIENTO SET ULTIMA_RESERVA = TO_DATE('2020-05-03', 'YYYY-MM-DD') WHERE ID = 100;
INSERT INTO OFERTA (ID, DIA, PRECIO, ALOJAMIENTO_ID, RESERVA_ID) VALUES (322, TO_DATE('2020-05-03', 'YYYY-MM-DD'), 725, 94, 215);
UPDATE ALOJAMIENTO SET ULTIMA_RESERVA = TO_DATE('2020-05-03', 'YYYY-MM-DD') WHERE ID = 94;
INSERT INTO RESERVA (ID, ESTADO, VALOR_TOTAL, FECHA_REALIZACION, RESERVA_COLECTIVA_ID, CLIENTE_ID) VALUES (216, 0, 2475, TO_DATE('2020-05-03', 'YYYY-MM-DD'), 5, 18);
INSERT INTO OFERTA (ID, DIA, PRECIO, ALOJAMIENTO_ID, RESERVA_ID) VALUES (323, TO_DATE('2020-05-03', 'YYYY-MM-DD'), 1462, 8, 216);
UPDATE ALOJAMIENTO SET ULTIMA_RESERVA = TO_DATE('2020-05-03', 'YYYY-MM-DD') WHERE ID = 8;
INSERT INTO RESERVA (ID, ESTADO, VALOR_TOTAL, FECHA_REALIZACION, CLIENTE_ID) VALUES (217, 0, 5260, TO_DATE('2020-05-03', 'YYYY-MM-DD'), 0);
INSERT INTO RESERVA (ID, ESTADO, VALOR_TOTAL, FECHA_REALIZACION, RESERVA_COLECTIVA_ID, CLIENTE_ID) VALUES (218, 1, 4678, TO_DATE('2020-05-03', 'YYYY-MM-DD'), 2, 36);
INSERT INTO RESERVA (ID, ESTADO, VALOR_TOTAL, FECHA_REALIZACION, RESERVA_COLECTIVA_ID, CLIENTE_ID) VALUES (219, 0, 5762, TO_DATE('2020-05-03', 'YYYY-MM-DD'), 7, 40);
INSERT INTO OFERTA (ID, DIA, PRECIO, ALOJAMIENTO_ID, RESERVA_ID) VALUES (324, TO_DATE('2020-05-03', 'YYYY-MM-DD'), 3904, 92, 218);
UPDATE ALOJAMIENTO SET ULTIMA_RESERVA = TO_DATE('2020-05-03', 'YYYY-MM-DD') WHERE ID = 92;
INSERT INTO RESERVA (ID, ESTADO, VALOR_TOTAL, FECHA_REALIZACION, CLIENTE_ID) VALUES (220, 0, 1455, TO_DATE('2020-05-03', 'YYYY-MM-DD'), 35);
INSERT INTO RESERVA (ID, ESTADO, VALOR_TOTAL, FECHA_REALIZACION, RESERVA_COLECTIVA_ID, CLIENTE_ID) VALUES (221, 1, 3143, TO_DATE('2020-05-03', 'YYYY-MM-DD'), 7, 34);
INSERT INTO OFERTA (ID, DIA, PRECIO, ALOJAMIENTO_ID, RESERVA_ID) VALUES (325, TO_DATE('2020-05-03', 'YYYY-MM-DD'), 1862, 150, 220);
UPDATE ALOJAMIENTO SET ULTIMA_RESERVA = TO_DATE('2020-05-03', 'YYYY-MM-DD') WHERE ID = 150;
INSERT INTO OFERTA (ID, DIA, PRECIO, ALOJAMIENTO_ID, RESERVA_ID) VALUES (326, TO_DATE('2020-05-03', 'YYYY-MM-DD'), 5584, 165, 221);
UPDATE ALOJAMIENTO SET ULTIMA_RESERVA = TO_DATE('2020-05-03', 'YYYY-MM-DD') WHERE ID = 165;
INSERT INTO OFERTA (ID, DIA, PRECIO, ALOJAMIENTO_ID, RESERVA_ID) VALUES (327, TO_DATE('2020-05-03', 'YYYY-MM-DD'), 5720, 2, 221);
UPDATE ALOJAMIENTO SET ULTIMA_RESERVA = TO_DATE('2020-05-03', 'YYYY-MM-DD') WHERE ID = 2;
INSERT INTO OFERTA (ID, DIA, PRECIO, ALOJAMIENTO_ID, RESERVA_ID) VALUES (328, TO_DATE('2020-05-03', 'YYYY-MM-DD'), 6223, 16, 220);
UPDATE ALOJAMIENTO SET ULTIMA_RESERVA = TO_DATE('2020-05-03', 'YYYY-MM-DD') WHERE ID = 16;
INSERT INTO OFERTA (ID, DIA, PRECIO, ALOJAMIENTO_ID, RESERVA_ID) VALUES (329, TO_DATE('2020-05-03', 'YYYY-MM-DD'), 5641, 55, 220);
UPDATE ALOJAMIENTO SET ULTIMA_RESERVA = TO_DATE('2020-05-03', 'YYYY-MM-DD') WHERE ID = 55;
INSERT INTO OFERTA (ID, DIA, PRECIO, ALOJAMIENTO_ID, RESERVA_ID) VALUES (330, TO_DATE('2020-05-03', 'YYYY-MM-DD'), 211, 41, 221);
UPDATE ALOJAMIENTO SET ULTIMA_RESERVA = TO_DATE('2020-05-03', 'YYYY-MM-DD') WHERE ID = 41;
INSERT INTO RESERVA (ID, ESTADO, VALOR_TOTAL, FECHA_REALIZACION, CLIENTE_ID) VALUES (222, 1, 5240, TO_DATE('2020-05-03', 'YYYY-MM-DD'), 11);
INSERT INTO RESERVA (ID, ESTADO, VALOR_TOTAL, FECHA_REALIZACION, RESERVA_COLECTIVA_ID, CLIENTE_ID) VALUES (223, 1, 3613, TO_DATE('2020-05-03', 'YYYY-MM-DD'), 4, 37);
INSERT INTO OFERTA (ID, DIA, PRECIO, ALOJAMIENTO_ID, RESERVA_ID) VALUES (331, TO_DATE('2020-05-03', 'YYYY-MM-DD'), 3256, 27, 222);
UPDATE ALOJAMIENTO SET ULTIMA_RESERVA = TO_DATE('2020-05-03', 'YYYY-MM-DD') WHERE ID = 27;
INSERT INTO OFERTA (ID, DIA, PRECIO, ALOJAMIENTO_ID, RESERVA_ID) VALUES (332, TO_DATE('2020-05-03', 'YYYY-MM-DD'), 7809, 111, 223);
UPDATE ALOJAMIENTO SET ULTIMA_RESERVA = TO_DATE('2020-05-03', 'YYYY-MM-DD') WHERE ID = 111;
INSERT INTO OFERTA (ID, DIA, PRECIO, ALOJAMIENTO_ID, RESERVA_ID) VALUES (333, TO_DATE('2020-05-03', 'YYYY-MM-DD'), 8541, 58, 223);
UPDATE ALOJAMIENTO SET ULTIMA_RESERVA = TO_DATE('2020-05-03', 'YYYY-MM-DD') WHERE ID = 58;
INSERT INTO OFERTA (ID, DIA, PRECIO, ALOJAMIENTO_ID, RESERVA_ID) VALUES (334, TO_DATE('2020-05-03', 'YYYY-MM-DD'), 2244, 36, 222);
UPDATE ALOJAMIENTO SET ULTIMA_RESERVA = TO_DATE('2020-05-03', 'YYYY-MM-DD') WHERE ID = 36;
INSERT INTO OFERTA (ID, DIA, PRECIO, ALOJAMIENTO_ID, RESERVA_ID) VALUES (335, TO_DATE('2020-05-03', 'YYYY-MM-DD'), 6858, 16, 223);
UPDATE ALOJAMIENTO SET ULTIMA_RESERVA = TO_DATE('2020-05-03', 'YYYY-MM-DD') WHERE ID = 16;
INSERT INTO RESERVA (ID, ESTADO, VALOR_TOTAL, FECHA_REALIZACION, RESERVA_COLECTIVA_ID, CLIENTE_ID) VALUES (224, 0, 1549, TO_DATE('2020-05-03', 'YYYY-MM-DD'), 5, 44);
INSERT INTO OFERTA (ID, DIA, PRECIO, ALOJAMIENTO_ID, RESERVA_ID) VALUES (336, TO_DATE('2020-05-03', 'YYYY-MM-DD'), 9915, 4, 224);
UPDATE ALOJAMIENTO SET ULTIMA_RESERVA = TO_DATE('2020-05-03', 'YYYY-MM-DD') WHERE ID = 4;
INSERT INTO RESERVA (ID, ESTADO, VALOR_TOTAL, FECHA_REALIZACION, CLIENTE_ID) VALUES (225, 1, 6254, TO_DATE('2020-05-03', 'YYYY-MM-DD'), 16);
INSERT INTO RESERVA (ID, ESTADO, VALOR_TOTAL, FECHA_REALIZACION, RESERVA_COLECTIVA_ID, CLIENTE_ID) VALUES (226, 1, 3419, TO_DATE('2020-05-03', 'YYYY-MM-DD'), 9, 33);
INSERT INTO RESERVA (ID, ESTADO, VALOR_TOTAL, FECHA_REALIZACION, RESERVA_COLECTIVA_ID, CLIENTE_ID) VALUES (227, 1, 4288, TO_DATE('2020-05-03', 'YYYY-MM-DD'), 7, 0);
INSERT INTO OFERTA (ID, DIA, PRECIO, ALOJAMIENTO_ID, RESERVA_ID) VALUES (337, TO_DATE('2020-05-03', 'YYYY-MM-DD'), 3562, 19, 225);
UPDATE ALOJAMIENTO SET ULTIMA_RESERVA = TO_DATE('2020-05-03', 'YYYY-MM-DD') WHERE ID = 19;
INSERT INTO OFERTA (ID, DIA, PRECIO, ALOJAMIENTO_ID, RESERVA_ID) VALUES (338, TO_DATE('2020-05-03', 'YYYY-MM-DD'), 7162, 50, 226);
UPDATE ALOJAMIENTO SET ULTIMA_RESERVA = TO_DATE('2020-05-03', 'YYYY-MM-DD') WHERE ID = 50;
INSERT INTO OFERTA (ID, DIA, PRECIO, ALOJAMIENTO_ID, RESERVA_ID) VALUES (339, TO_DATE('2020-05-03', 'YYYY-MM-DD'), 2073, 42, 225);
UPDATE ALOJAMIENTO SET ULTIMA_RESERVA = TO_DATE('2020-05-03', 'YYYY-MM-DD') WHERE ID = 42;
INSERT INTO OFERTA (ID, DIA, PRECIO, ALOJAMIENTO_ID, RESERVA_ID) VALUES (340, TO_DATE('2020-05-03', 'YYYY-MM-DD'), 6082, 77, 226);
UPDATE ALOJAMIENTO SET ULTIMA_RESERVA = TO_DATE('2020-05-03', 'YYYY-MM-DD') WHERE ID = 77;
INSERT INTO RESERVA (ID, ESTADO, VALOR_TOTAL, FECHA_REALIZACION, CLIENTE_ID) VALUES (228, 1, 9651, TO_DATE('2020-05-03', 'YYYY-MM-DD'), 47);
INSERT INTO RESERVA (ID, ESTADO, VALOR_TOTAL, FECHA_REALIZACION, RESERVA_COLECTIVA_ID, CLIENTE_ID) VALUES (229, 1, 7739, TO_DATE('2020-05-03', 'YYYY-MM-DD'), 3, 27);
INSERT INTO OFERTA (ID, DIA, PRECIO, ALOJAMIENTO_ID, RESERVA_ID) VALUES (341, TO_DATE('2020-05-03', 'YYYY-MM-DD'), 1709, 93, 229);
UPDATE ALOJAMIENTO SET ULTIMA_RESERVA = TO_DATE('2020-05-03', 'YYYY-MM-DD') WHERE ID = 93;
INSERT INTO OFERTA (ID, DIA, PRECIO, ALOJAMIENTO_ID, RESERVA_ID) VALUES (342, TO_DATE('2020-05-03', 'YYYY-MM-DD'), 5264, 129, 229);
UPDATE ALOJAMIENTO SET ULTIMA_RESERVA = TO_DATE('2020-05-03', 'YYYY-MM-DD') WHERE ID = 129;
INSERT INTO OFERTA (ID, DIA, PRECIO, ALOJAMIENTO_ID, RESERVA_ID) VALUES (343, TO_DATE('2020-05-03', 'YYYY-MM-DD'), 4084, 22, 229);
UPDATE ALOJAMIENTO SET ULTIMA_RESERVA = TO_DATE('2020-05-03', 'YYYY-MM-DD') WHERE ID = 22;
INSERT INTO RESERVA (ID, ESTADO, VALOR_TOTAL, FECHA_REALIZACION, CLIENTE_ID) VALUES (230, 1, 466, TO_DATE('2020-05-03', 'YYYY-MM-DD'), 9);
INSERT INTO RESERVA (ID, ESTADO, VALOR_TOTAL, FECHA_REALIZACION, RESERVA_COLECTIVA_ID, CLIENTE_ID) VALUES (231, 1, 661, TO_DATE('2020-05-03', 'YYYY-MM-DD'), 6, 40);
INSERT INTO RESERVA (ID, ESTADO, VALOR_TOTAL, FECHA_REALIZACION, RESERVA_COLECTIVA_ID, CLIENTE_ID) VALUES (232, 0, 1376, TO_DATE('2020-05-03', 'YYYY-MM-DD'), 7, 28);
INSERT INTO OFERTA (ID, DIA, PRECIO, ALOJAMIENTO_ID, RESERVA_ID) VALUES (344, TO_DATE('2020-05-03', 'YYYY-MM-DD'), 9085, 108, 231);
UPDATE ALOJAMIENTO SET ULTIMA_RESERVA = TO_DATE('2020-05-03', 'YYYY-MM-DD') WHERE ID = 108;
INSERT INTO OFERTA (ID, DIA, PRECIO, ALOJAMIENTO_ID, RESERVA_ID) VALUES (345, TO_DATE('2020-05-03', 'YYYY-MM-DD'), 3112, 104, 231);
UPDATE ALOJAMIENTO SET ULTIMA_RESERVA = TO_DATE('2020-05-03', 'YYYY-MM-DD') WHERE ID = 104;
INSERT INTO OFERTA (ID, DIA, PRECIO, ALOJAMIENTO_ID, RESERVA_ID) VALUES (346, TO_DATE('2020-05-03', 'YYYY-MM-DD'), 293, 176, 232);
UPDATE ALOJAMIENTO SET ULTIMA_RESERVA = TO_DATE('2020-05-03', 'YYYY-MM-DD') WHERE ID = 176;
INSERT INTO OFERTA (ID, DIA, PRECIO, ALOJAMIENTO_ID, RESERVA_ID) VALUES (347, TO_DATE('2020-05-03', 'YYYY-MM-DD'), 6739, 135, 231);
UPDATE ALOJAMIENTO SET ULTIMA_RESERVA = TO_DATE('2020-05-03', 'YYYY-MM-DD') WHERE ID = 135;
INSERT INTO OFERTA (ID, DIA, PRECIO, ALOJAMIENTO_ID, RESERVA_ID) VALUES (348, TO_DATE('2020-05-03', 'YYYY-MM-DD'), 7934, 177, 230);
UPDATE ALOJAMIENTO SET ULTIMA_RESERVA = TO_DATE('2020-05-03', 'YYYY-MM-DD') WHERE ID = 177;
INSERT INTO RESERVA (ID, ESTADO, VALOR_TOTAL, FECHA_REALIZACION, CLIENTE_ID) VALUES (233, 0, 3871, TO_DATE('2020-05-03', 'YYYY-MM-DD'), 20);
INSERT INTO RESERVA (ID, ESTADO, VALOR_TOTAL, FECHA_REALIZACION, RESERVA_COLECTIVA_ID, CLIENTE_ID) VALUES (234, 1, 5784, TO_DATE('2020-05-03', 'YYYY-MM-DD'), 8, 32);
INSERT INTO OFERTA (ID, DIA, PRECIO, ALOJAMIENTO_ID, RESERVA_ID) VALUES (349, TO_DATE('2020-05-03', 'YYYY-MM-DD'), 4965, 83, 234);
UPDATE ALOJAMIENTO SET ULTIMA_RESERVA = TO_DATE('2020-05-03', 'YYYY-MM-DD') WHERE ID = 83;
INSERT INTO OFERTA (ID, DIA, PRECIO, ALOJAMIENTO_ID, RESERVA_ID) VALUES (350, TO_DATE('2020-05-03', 'YYYY-MM-DD'), 3337, 77, 233);
UPDATE ALOJAMIENTO SET ULTIMA_RESERVA = TO_DATE('2020-05-03', 'YYYY-MM-DD') WHERE ID = 77;
INSERT INTO OFERTA (ID, DIA, PRECIO, ALOJAMIENTO_ID, RESERVA_ID) VALUES (351, TO_DATE('2020-05-03', 'YYYY-MM-DD'), 4058, 120, 234);
UPDATE ALOJAMIENTO SET ULTIMA_RESERVA = TO_DATE('2020-05-03', 'YYYY-MM-DD') WHERE ID = 120;
INSERT INTO RESERVA (ID, ESTADO, VALOR_TOTAL, FECHA_REALIZACION, CLIENTE_ID) VALUES (235, 1, 3251, TO_DATE('2020-05-03', 'YYYY-MM-DD'), 11);
INSERT INTO RESERVA (ID, ESTADO, VALOR_TOTAL, FECHA_REALIZACION, RESERVA_COLECTIVA_ID, CLIENTE_ID) VALUES (236, 0, 9247, TO_DATE('2020-05-03', 'YYYY-MM-DD'), 2, 49);
INSERT INTO RESERVA (ID, ESTADO, VALOR_TOTAL, FECHA_REALIZACION, RESERVA_COLECTIVA_ID, CLIENTE_ID) VALUES (237, 1, 4823, TO_DATE('2020-05-03', 'YYYY-MM-DD'), 1, 6);
INSERT INTO OFERTA (ID, DIA, PRECIO, ALOJAMIENTO_ID, RESERVA_ID) VALUES (352, TO_DATE('2020-05-03', 'YYYY-MM-DD'), 6223, 77, 236);
UPDATE ALOJAMIENTO SET ULTIMA_RESERVA = TO_DATE('2020-05-03', 'YYYY-MM-DD') WHERE ID = 77;
INSERT INTO OFERTA (ID, DIA, PRECIO, ALOJAMIENTO_ID, RESERVA_ID) VALUES (353, TO_DATE('2020-05-03', 'YYYY-MM-DD'), 1504, 178, 237);
UPDATE ALOJAMIENTO SET ULTIMA_RESERVA = TO_DATE('2020-05-03', 'YYYY-MM-DD') WHERE ID = 178;
INSERT INTO RESERVA (ID, ESTADO, VALOR_TOTAL, FECHA_REALIZACION, RESERVA_COLECTIVA_ID, CLIENTE_ID) VALUES (238, 1, 2060, TO_DATE('2020-05-03', 'YYYY-MM-DD'), 7, 46);
INSERT INTO OFERTA (ID, DIA, PRECIO, ALOJAMIENTO_ID, RESERVA_ID) VALUES (354, TO_DATE('2020-05-03', 'YYYY-MM-DD'), 4186, 69, 238);
UPDATE ALOJAMIENTO SET ULTIMA_RESERVA = TO_DATE('2020-05-03', 'YYYY-MM-DD') WHERE ID = 69;
INSERT INTO OFERTA (ID, DIA, PRECIO, ALOJAMIENTO_ID, RESERVA_ID) VALUES (355, TO_DATE('2020-05-03', 'YYYY-MM-DD'), 4171, 167, 238);
UPDATE ALOJAMIENTO SET ULTIMA_RESERVA = TO_DATE('2020-05-03', 'YYYY-MM-DD') WHERE ID = 167;
INSERT INTO OFERTA (ID, DIA, PRECIO, ALOJAMIENTO_ID, RESERVA_ID) VALUES (356, TO_DATE('2020-05-03', 'YYYY-MM-DD'), 882, 129, 238);
UPDATE ALOJAMIENTO SET ULTIMA_RESERVA = TO_DATE('2020-05-03', 'YYYY-MM-DD') WHERE ID = 129;
INSERT INTO OFERTA (ID, DIA, PRECIO, ALOJAMIENTO_ID, RESERVA_ID) VALUES (357, TO_DATE('2020-05-03', 'YYYY-MM-DD'), 5419, 20, 238);
UPDATE ALOJAMIENTO SET ULTIMA_RESERVA = TO_DATE('2020-05-03', 'YYYY-MM-DD') WHERE ID = 20;
INSERT INTO OFERTA (ID, DIA, PRECIO, ALOJAMIENTO_ID, RESERVA_ID) VALUES (358, TO_DATE('2020-05-03', 'YYYY-MM-DD'), 679, 54, 238);
UPDATE ALOJAMIENTO SET ULTIMA_RESERVA = TO_DATE('2020-05-03', 'YYYY-MM-DD') WHERE ID = 54;
INSERT INTO OFERTA (ID, DIA, PRECIO, ALOJAMIENTO_ID, RESERVA_ID) VALUES (359, TO_DATE('2020-05-03', 'YYYY-MM-DD'), 7121, 162, 238);
UPDATE ALOJAMIENTO SET ULTIMA_RESERVA = TO_DATE('2020-05-03', 'YYYY-MM-DD') WHERE ID = 162;
INSERT INTO RESERVA (ID, ESTADO, VALOR_TOTAL, FECHA_REALIZACION, CLIENTE_ID) VALUES (239, 0, 5249, TO_DATE('2020-05-03', 'YYYY-MM-DD'), 47);
INSERT INTO RESERVA (ID, ESTADO, VALOR_TOTAL, FECHA_REALIZACION, RESERVA_COLECTIVA_ID, CLIENTE_ID) VALUES (240, 0, 5300, TO_DATE('2020-05-03', 'YYYY-MM-DD'), 4, 40);
INSERT INTO RESERVA (ID, ESTADO, VALOR_TOTAL, FECHA_REALIZACION, RESERVA_COLECTIVA_ID, CLIENTE_ID) VALUES (241, 0, 3305, TO_DATE('2020-05-03', 'YYYY-MM-DD'), 0, 41);
INSERT INTO OFERTA (ID, DIA, PRECIO, ALOJAMIENTO_ID, RESERVA_ID) VALUES (360, TO_DATE('2020-05-03', 'YYYY-MM-DD'), 1729, 5, 241);
UPDATE ALOJAMIENTO SET ULTIMA_RESERVA = TO_DATE('2020-05-03', 'YYYY-MM-DD') WHERE ID = 5;
INSERT INTO OFERTA (ID, DIA, PRECIO, ALOJAMIENTO_ID, RESERVA_ID) VALUES (361, TO_DATE('2020-05-03', 'YYYY-MM-DD'), 394, 162, 239);
UPDATE ALOJAMIENTO SET ULTIMA_RESERVA = TO_DATE('2020-05-03', 'YYYY-MM-DD') WHERE ID = 162;
INSERT INTO OFERTA (ID, DIA, PRECIO, ALOJAMIENTO_ID, RESERVA_ID) VALUES (362, TO_DATE('2020-05-03', 'YYYY-MM-DD'), 3862, 62, 239);
UPDATE ALOJAMIENTO SET ULTIMA_RESERVA = TO_DATE('2020-05-03', 'YYYY-MM-DD') WHERE ID = 62;
INSERT INTO OFERTA (ID, DIA, PRECIO, ALOJAMIENTO_ID, RESERVA_ID) VALUES (363, TO_DATE('2020-05-03', 'YYYY-MM-DD'), 2180, 45, 241);
UPDATE ALOJAMIENTO SET ULTIMA_RESERVA = TO_DATE('2020-05-03', 'YYYY-MM-DD') WHERE ID = 45;
INSERT INTO RESERVA (ID, ESTADO, VALOR_TOTAL, FECHA_REALIZACION, CLIENTE_ID) VALUES (242, 1, 8265, TO_DATE('2020-05-03', 'YYYY-MM-DD'), 36);
INSERT INTO RESERVA (ID, ESTADO, VALOR_TOTAL, FECHA_REALIZACION, RESERVA_COLECTIVA_ID, CLIENTE_ID) VALUES (243, 0, 7593, TO_DATE('2020-05-03', 'YYYY-MM-DD'), 8, 32);
INSERT INTO OFERTA (ID, DIA, PRECIO, ALOJAMIENTO_ID, RESERVA_ID) VALUES (364, TO_DATE('2020-05-03', 'YYYY-MM-DD'), 4943, 170, 242);
UPDATE ALOJAMIENTO SET ULTIMA_RESERVA = TO_DATE('2020-05-03', 'YYYY-MM-DD') WHERE ID = 170;
INSERT INTO OFERTA (ID, DIA, PRECIO, ALOJAMIENTO_ID, RESERVA_ID) VALUES (365, TO_DATE('2020-05-03', 'YYYY-MM-DD'), 4284, 2, 242);
UPDATE ALOJAMIENTO SET ULTIMA_RESERVA = TO_DATE('2020-05-03', 'YYYY-MM-DD') WHERE ID = 2;
INSERT INTO OFERTA (ID, DIA, PRECIO, ALOJAMIENTO_ID, RESERVA_ID) VALUES (366, TO_DATE('2020-05-03', 'YYYY-MM-DD'), 9921, 44, 243);
UPDATE ALOJAMIENTO SET ULTIMA_RESERVA = TO_DATE('2020-05-03', 'YYYY-MM-DD') WHERE ID = 44;
INSERT INTO OFERTA (ID, DIA, PRECIO, ALOJAMIENTO_ID, RESERVA_ID) VALUES (367, TO_DATE('2020-05-03', 'YYYY-MM-DD'), 1260, 78, 243);
UPDATE ALOJAMIENTO SET ULTIMA_RESERVA = TO_DATE('2020-05-03', 'YYYY-MM-DD') WHERE ID = 78;
INSERT INTO OFERTA (ID, DIA, PRECIO, ALOJAMIENTO_ID, RESERVA_ID) VALUES (368, TO_DATE('2020-05-03', 'YYYY-MM-DD'), 3950, 127, 243);
UPDATE ALOJAMIENTO SET ULTIMA_RESERVA = TO_DATE('2020-05-03', 'YYYY-MM-DD') WHERE ID = 127;
INSERT INTO OFERTA (ID, DIA, PRECIO, ALOJAMIENTO_ID, RESERVA_ID) VALUES (369, TO_DATE('2020-05-03', 'YYYY-MM-DD'), 1050, 123, 242);
UPDATE ALOJAMIENTO SET ULTIMA_RESERVA = TO_DATE('2020-05-03', 'YYYY-MM-DD') WHERE ID = 123;
INSERT INTO RESERVA (ID, ESTADO, VALOR_TOTAL, FECHA_REALIZACION, CLIENTE_ID) VALUES (244, 1, 9722, TO_DATE('2020-05-03', 'YYYY-MM-DD'), 45);
INSERT INTO RESERVA (ID, ESTADO, VALOR_TOTAL, FECHA_REALIZACION, RESERVA_COLECTIVA_ID, CLIENTE_ID) VALUES (245, 1, 8750, TO_DATE('2020-05-03', 'YYYY-MM-DD'), 3, 1);
INSERT INTO OFERTA (ID, DIA, PRECIO, ALOJAMIENTO_ID, RESERVA_ID) VALUES (370, TO_DATE('2020-05-03', 'YYYY-MM-DD'), 452, 156, 245);
UPDATE ALOJAMIENTO SET ULTIMA_RESERVA = TO_DATE('2020-05-03', 'YYYY-MM-DD') WHERE ID = 156;
INSERT INTO OFERTA (ID, DIA, PRECIO, ALOJAMIENTO_ID, RESERVA_ID) VALUES (371, TO_DATE('2020-05-03', 'YYYY-MM-DD'), 8454, 135, 244);
UPDATE ALOJAMIENTO SET ULTIMA_RESERVA = TO_DATE('2020-05-03', 'YYYY-MM-DD') WHERE ID = 135;
INSERT INTO OFERTA (ID, DIA, PRECIO, ALOJAMIENTO_ID, RESERVA_ID) VALUES (372, TO_DATE('2020-05-03', 'YYYY-MM-DD'), 4760, 186, 244);
UPDATE ALOJAMIENTO SET ULTIMA_RESERVA = TO_DATE('2020-05-03', 'YYYY-MM-DD') WHERE ID = 186;
INSERT INTO OFERTA (ID, DIA, PRECIO, ALOJAMIENTO_ID, RESERVA_ID) VALUES (373, TO_DATE('2020-05-03', 'YYYY-MM-DD'), 5624, 64, 245);
UPDATE ALOJAMIENTO SET ULTIMA_RESERVA = TO_DATE('2020-05-03', 'YYYY-MM-DD') WHERE ID = 64;
INSERT INTO RESERVA (ID, ESTADO, VALOR_TOTAL, FECHA_REALIZACION, RESERVA_COLECTIVA_ID, CLIENTE_ID) VALUES (246, 1, 6932, TO_DATE('2020-05-03', 'YYYY-MM-DD'), 4, 0);
INSERT INTO OFERTA (ID, DIA, PRECIO, ALOJAMIENTO_ID, RESERVA_ID) VALUES (374, TO_DATE('2020-05-03', 'YYYY-MM-DD'), 3566, 31, 246);
UPDATE ALOJAMIENTO SET ULTIMA_RESERVA = TO_DATE('2020-05-03', 'YYYY-MM-DD') WHERE ID = 31;
INSERT INTO OFERTA (ID, DIA, PRECIO, ALOJAMIENTO_ID, RESERVA_ID) VALUES (375, TO_DATE('2020-05-03', 'YYYY-MM-DD'), 9790, 129, 246);
UPDATE ALOJAMIENTO SET ULTIMA_RESERVA = TO_DATE('2020-05-03', 'YYYY-MM-DD') WHERE ID = 129;
INSERT INTO OFERTA (ID, DIA, PRECIO, ALOJAMIENTO_ID, RESERVA_ID) VALUES (376, TO_DATE('2020-05-03', 'YYYY-MM-DD'), 7923, 25, 246);
UPDATE ALOJAMIENTO SET ULTIMA_RESERVA = TO_DATE('2020-05-03', 'YYYY-MM-DD') WHERE ID = 25;
INSERT INTO OFERTA (ID, DIA, PRECIO, ALOJAMIENTO_ID, RESERVA_ID) VALUES (377, TO_DATE('2020-05-03', 'YYYY-MM-DD'), 7482, 74, 246);
UPDATE ALOJAMIENTO SET ULTIMA_RESERVA = TO_DATE('2020-05-03', 'YYYY-MM-DD') WHERE ID = 74;
INSERT INTO OFERTA (ID, DIA, PRECIO, ALOJAMIENTO_ID, RESERVA_ID) VALUES (378, TO_DATE('2020-05-03', 'YYYY-MM-DD'), 9111, 58, 246);
UPDATE ALOJAMIENTO SET ULTIMA_RESERVA = TO_DATE('2020-05-03', 'YYYY-MM-DD') WHERE ID = 58;
INSERT INTO RESERVA (ID, ESTADO, VALOR_TOTAL, FECHA_REALIZACION, CLIENTE_ID) VALUES (247, 0, 8524, TO_DATE('2020-05-03', 'YYYY-MM-DD'), 47);
INSERT INTO RESERVA (ID, ESTADO, VALOR_TOTAL, FECHA_REALIZACION, RESERVA_COLECTIVA_ID, CLIENTE_ID) VALUES (248, 0, 5547, TO_DATE('2020-05-03', 'YYYY-MM-DD'), 5, 5);
INSERT INTO RESERVA (ID, ESTADO, VALOR_TOTAL, FECHA_REALIZACION, RESERVA_COLECTIVA_ID, CLIENTE_ID) VALUES (249, 1, 9099, TO_DATE('2020-05-03', 'YYYY-MM-DD'), 6, 39);
INSERT INTO OFERTA (ID, DIA, PRECIO, ALOJAMIENTO_ID, RESERVA_ID) VALUES (379, TO_DATE('2020-05-03', 'YYYY-MM-DD'), 9105, 178, 249);
UPDATE ALOJAMIENTO SET ULTIMA_RESERVA = TO_DATE('2020-05-03', 'YYYY-MM-DD') WHERE ID = 178;
INSERT INTO RESERVA (ID, ESTADO, VALOR_TOTAL, FECHA_REALIZACION, RESERVA_COLECTIVA_ID, CLIENTE_ID) VALUES (250, 1, 7262, TO_DATE('2020-05-03', 'YYYY-MM-DD'), 7, 35);
INSERT INTO OFERTA (ID, DIA, PRECIO, ALOJAMIENTO_ID, RESERVA_ID) VALUES (380, TO_DATE('2020-05-03', 'YYYY-MM-DD'), 8741, 40, 250);
UPDATE ALOJAMIENTO SET ULTIMA_RESERVA = TO_DATE('2020-05-03', 'YYYY-MM-DD') WHERE ID = 40;
INSERT INTO OFERTA (ID, DIA, PRECIO, ALOJAMIENTO_ID, RESERVA_ID) VALUES (381, TO_DATE('2020-05-03', 'YYYY-MM-DD'), 390, 164, 250);
UPDATE ALOJAMIENTO SET ULTIMA_RESERVA = TO_DATE('2020-05-03', 'YYYY-MM-DD') WHERE ID = 164;
INSERT INTO OFERTA (ID, DIA, PRECIO, ALOJAMIENTO_ID, RESERVA_ID) VALUES (382, TO_DATE('2020-05-03', 'YYYY-MM-DD'), 7610, 63, 250);
UPDATE ALOJAMIENTO SET ULTIMA_RESERVA = TO_DATE('2020-05-03', 'YYYY-MM-DD') WHERE ID = 63;
INSERT INTO OFERTA (ID, DIA, PRECIO, ALOJAMIENTO_ID, RESERVA_ID) VALUES (383, TO_DATE('2020-05-03', 'YYYY-MM-DD'), 3888, 180, 250);
UPDATE ALOJAMIENTO SET ULTIMA_RESERVA = TO_DATE('2020-05-03', 'YYYY-MM-DD') WHERE ID = 180;
INSERT INTO OFERTA (ID, DIA, PRECIO, ALOJAMIENTO_ID, RESERVA_ID) VALUES (384, TO_DATE('2020-05-03', 'YYYY-MM-DD'), 6357, 43, 250);
UPDATE ALOJAMIENTO SET ULTIMA_RESERVA = TO_DATE('2020-05-03', 'YYYY-MM-DD') WHERE ID = 43;
INSERT INTO OFERTA (ID, DIA, PRECIO, ALOJAMIENTO_ID, RESERVA_ID) VALUES (385, TO_DATE('2020-05-03', 'YYYY-MM-DD'), 3092, 95, 250);
UPDATE ALOJAMIENTO SET ULTIMA_RESERVA = TO_DATE('2020-05-03', 'YYYY-MM-DD') WHERE ID = 95;
INSERT INTO RESERVA (ID, ESTADO, VALOR_TOTAL, FECHA_REALIZACION, CLIENTE_ID) VALUES (251, 0, 9268, TO_DATE('2020-05-03', 'YYYY-MM-DD'), 6);
INSERT INTO RESERVA (ID, ESTADO, VALOR_TOTAL, FECHA_REALIZACION, RESERVA_COLECTIVA_ID, CLIENTE_ID) VALUES (252, 0, 9544, TO_DATE('2020-05-03', 'YYYY-MM-DD'), 9, 37);
INSERT INTO RESERVA (ID, ESTADO, VALOR_TOTAL, FECHA_REALIZACION, RESERVA_COLECTIVA_ID, CLIENTE_ID) VALUES (253, 1, 840, TO_DATE('2020-05-03', 'YYYY-MM-DD'), 8, 25);
INSERT INTO OFERTA (ID, DIA, PRECIO, ALOJAMIENTO_ID, RESERVA_ID) VALUES (386, TO_DATE('2020-05-03', 'YYYY-MM-DD'), 6133, 136, 251);
UPDATE ALOJAMIENTO SET ULTIMA_RESERVA = TO_DATE('2020-05-03', 'YYYY-MM-DD') WHERE ID = 136;
INSERT INTO OFERTA (ID, DIA, PRECIO, ALOJAMIENTO_ID, RESERVA_ID) VALUES (387, TO_DATE('2020-05-03', 'YYYY-MM-DD'), 6938, 30, 252);
UPDATE ALOJAMIENTO SET ULTIMA_RESERVA = TO_DATE('2020-05-03', 'YYYY-MM-DD') WHERE ID = 30;
INSERT INTO RESERVA (ID, ESTADO, VALOR_TOTAL, FECHA_REALIZACION, RESERVA_COLECTIVA_ID, CLIENTE_ID) VALUES (254, 0, 4483, TO_DATE('2020-05-03', 'YYYY-MM-DD'), 6, 25);
INSERT INTO OFERTA (ID, DIA, PRECIO, ALOJAMIENTO_ID, RESERVA_ID) VALUES (388, TO_DATE('2020-05-03', 'YYYY-MM-DD'), 9570, 133, 254);
UPDATE ALOJAMIENTO SET ULTIMA_RESERVA = TO_DATE('2020-05-03', 'YYYY-MM-DD') WHERE ID = 133;
INSERT INTO OFERTA (ID, DIA, PRECIO, ALOJAMIENTO_ID, RESERVA_ID) VALUES (389, TO_DATE('2020-05-03', 'YYYY-MM-DD'), 5703, 82, 254);
UPDATE ALOJAMIENTO SET ULTIMA_RESERVA = TO_DATE('2020-05-03', 'YYYY-MM-DD') WHERE ID = 82;
INSERT INTO OFERTA (ID, DIA, PRECIO, ALOJAMIENTO_ID, RESERVA_ID) VALUES (390, TO_DATE('2020-05-03', 'YYYY-MM-DD'), 1486, 47, 254);
UPDATE ALOJAMIENTO SET ULTIMA_RESERVA = TO_DATE('2020-05-03', 'YYYY-MM-DD') WHERE ID = 47;
INSERT INTO OFERTA (ID, DIA, PRECIO, ALOJAMIENTO_ID, RESERVA_ID) VALUES (391, TO_DATE('2020-05-03', 'YYYY-MM-DD'), 4751, 147, 254);
UPDATE ALOJAMIENTO SET ULTIMA_RESERVA = TO_DATE('2020-05-03', 'YYYY-MM-DD') WHERE ID = 147;
INSERT INTO RESERVA (ID, ESTADO, VALOR_TOTAL, FECHA_REALIZACION, CLIENTE_ID) VALUES (255, 0, 4939, TO_DATE('2020-05-03', 'YYYY-MM-DD'), 45);
INSERT INTO RESERVA (ID, ESTADO, VALOR_TOTAL, FECHA_REALIZACION, RESERVA_COLECTIVA_ID, CLIENTE_ID) VALUES (256, 1, 5850, TO_DATE('2020-05-03', 'YYYY-MM-DD'), 3, 28);
INSERT INTO OFERTA (ID, DIA, PRECIO, ALOJAMIENTO_ID, RESERVA_ID) VALUES (392, TO_DATE('2020-05-03', 'YYYY-MM-DD'), 8, 103, 256);
UPDATE ALOJAMIENTO SET ULTIMA_RESERVA = TO_DATE('2020-05-03', 'YYYY-MM-DD') WHERE ID = 103;
INSERT INTO OFERTA (ID, DIA, PRECIO, ALOJAMIENTO_ID, RESERVA_ID) VALUES (393, TO_DATE('2020-05-03', 'YYYY-MM-DD'), 2094, 183, 255);
UPDATE ALOJAMIENTO SET ULTIMA_RESERVA = TO_DATE('2020-05-03', 'YYYY-MM-DD') WHERE ID = 183;
INSERT INTO OFERTA (ID, DIA, PRECIO, ALOJAMIENTO_ID, RESERVA_ID) VALUES (394, TO_DATE('2020-05-03', 'YYYY-MM-DD'), 2432, 107, 255);
UPDATE ALOJAMIENTO SET ULTIMA_RESERVA = TO_DATE('2020-05-03', 'YYYY-MM-DD') WHERE ID = 107;
INSERT INTO OFERTA (ID, DIA, PRECIO, ALOJAMIENTO_ID, RESERVA_ID) VALUES (395, TO_DATE('2020-05-03', 'YYYY-MM-DD'), 1497, 41, 256);
UPDATE ALOJAMIENTO SET ULTIMA_RESERVA = TO_DATE('2020-05-03', 'YYYY-MM-DD') WHERE ID = 41;
INSERT INTO OFERTA (ID, DIA, PRECIO, ALOJAMIENTO_ID, RESERVA_ID) VALUES (396, TO_DATE('2020-05-03', 'YYYY-MM-DD'), 3492, 149, 256);
UPDATE ALOJAMIENTO SET ULTIMA_RESERVA = TO_DATE('2020-05-03', 'YYYY-MM-DD') WHERE ID = 149;
INSERT INTO RESERVA (ID, ESTADO, VALOR_TOTAL, FECHA_REALIZACION, RESERVA_COLECTIVA_ID, CLIENTE_ID) VALUES (257, 1, 3079, TO_DATE('2020-05-03', 'YYYY-MM-DD'), 0, 47);
INSERT INTO OFERTA (ID, DIA, PRECIO, ALOJAMIENTO_ID, RESERVA_ID) VALUES (397, TO_DATE('2020-05-03', 'YYYY-MM-DD'), 9119, 42, 257);
UPDATE ALOJAMIENTO SET ULTIMA_RESERVA = TO_DATE('2020-05-03', 'YYYY-MM-DD') WHERE ID = 42;
INSERT INTO RESERVA (ID, ESTADO, VALOR_TOTAL, FECHA_REALIZACION, RESERVA_COLECTIVA_ID, CLIENTE_ID) VALUES (258, 0, 1787, TO_DATE('2020-05-03', 'YYYY-MM-DD'), 7, 7);
INSERT INTO OFERTA (ID, DIA, PRECIO, ALOJAMIENTO_ID, RESERVA_ID) VALUES (398, TO_DATE('2020-05-03', 'YYYY-MM-DD'), 3159, 143, 258);
UPDATE ALOJAMIENTO SET ULTIMA_RESERVA = TO_DATE('2020-05-03', 'YYYY-MM-DD') WHERE ID = 143;
INSERT INTO RESERVA (ID, ESTADO, VALOR_TOTAL, FECHA_REALIZACION, CLIENTE_ID) VALUES (259, 0, 3619, TO_DATE('2020-05-03', 'YYYY-MM-DD'), 5);
INSERT INTO RESERVA (ID, ESTADO, VALOR_TOTAL, FECHA_REALIZACION, RESERVA_COLECTIVA_ID, CLIENTE_ID) VALUES (260, 0, 5059, TO_DATE('2020-05-03', 'YYYY-MM-DD'), 9, 37);
INSERT INTO OFERTA (ID, DIA, PRECIO, ALOJAMIENTO_ID, RESERVA_ID) VALUES (399, TO_DATE('2020-05-03', 'YYYY-MM-DD'), 9043, 75, 260);
UPDATE ALOJAMIENTO SET ULTIMA_RESERVA = TO_DATE('2020-05-03', 'YYYY-MM-DD') WHERE ID = 75;
INSERT INTO OFERTA (ID, DIA, PRECIO, ALOJAMIENTO_ID, RESERVA_ID) VALUES (400, TO_DATE('2020-05-03', 'YYYY-MM-DD'), 112, 99, 260);
UPDATE ALOJAMIENTO SET ULTIMA_RESERVA = TO_DATE('2020-05-03', 'YYYY-MM-DD') WHERE ID = 99;
INSERT INTO OFERTA (ID, DIA, PRECIO, ALOJAMIENTO_ID, RESERVA_ID) VALUES (401, TO_DATE('2020-05-03', 'YYYY-MM-DD'), 9700, 159, 260);
UPDATE ALOJAMIENTO SET ULTIMA_RESERVA = TO_DATE('2020-05-03', 'YYYY-MM-DD') WHERE ID = 159;
INSERT INTO OFERTA (ID, DIA, PRECIO, ALOJAMIENTO_ID, RESERVA_ID) VALUES (402, TO_DATE('2020-05-03', 'YYYY-MM-DD'), 3752, 104, 259);
UPDATE ALOJAMIENTO SET ULTIMA_RESERVA = TO_DATE('2020-05-03', 'YYYY-MM-DD') WHERE ID = 104;
INSERT INTO RESERVA (ID, ESTADO, VALOR_TOTAL, FECHA_REALIZACION, RESERVA_COLECTIVA_ID, CLIENTE_ID) VALUES (261, 0, 7070, TO_DATE('2020-05-03', 'YYYY-MM-DD'), 9, 23);
INSERT INTO OFERTA (ID, DIA, PRECIO, ALOJAMIENTO_ID, RESERVA_ID) VALUES (403, TO_DATE('2020-05-03', 'YYYY-MM-DD'), 2538, 29, 261);
UPDATE ALOJAMIENTO SET ULTIMA_RESERVA = TO_DATE('2020-05-03', 'YYYY-MM-DD') WHERE ID = 29;
INSERT INTO RESERVA (ID, ESTADO, VALOR_TOTAL, FECHA_REALIZACION, RESERVA_COLECTIVA_ID, CLIENTE_ID) VALUES (262, 0, 6580, TO_DATE('2020-05-03', 'YYYY-MM-DD'), 5, 39);
INSERT INTO OFERTA (ID, DIA, PRECIO, ALOJAMIENTO_ID, RESERVA_ID) VALUES (404, TO_DATE('2020-05-03', 'YYYY-MM-DD'), 8189, 25, 262);
UPDATE ALOJAMIENTO SET ULTIMA_RESERVA = TO_DATE('2020-05-03', 'YYYY-MM-DD') WHERE ID = 25;
INSERT INTO OFERTA (ID, DIA, PRECIO, ALOJAMIENTO_ID, RESERVA_ID) VALUES (405, TO_DATE('2020-05-03', 'YYYY-MM-DD'), 2254, 134, 262);
UPDATE ALOJAMIENTO SET ULTIMA_RESERVA = TO_DATE('2020-05-03', 'YYYY-MM-DD') WHERE ID = 134;
INSERT INTO OFERTA (ID, DIA, PRECIO, ALOJAMIENTO_ID, RESERVA_ID) VALUES (406, TO_DATE('2020-05-03', 'YYYY-MM-DD'), 9838, 129, 262);
UPDATE ALOJAMIENTO SET ULTIMA_RESERVA = TO_DATE('2020-05-03', 'YYYY-MM-DD') WHERE ID = 129;
INSERT INTO OFERTA (ID, DIA, PRECIO, ALOJAMIENTO_ID, RESERVA_ID) VALUES (407, TO_DATE('2020-05-03', 'YYYY-MM-DD'), 1054, 120, 262);
UPDATE ALOJAMIENTO SET ULTIMA_RESERVA = TO_DATE('2020-05-03', 'YYYY-MM-DD') WHERE ID = 120;
INSERT INTO OFERTA (ID, DIA, PRECIO, ALOJAMIENTO_ID, RESERVA_ID) VALUES (408, TO_DATE('2020-05-03', 'YYYY-MM-DD'), 8726, 173, 262);
UPDATE ALOJAMIENTO SET ULTIMA_RESERVA = TO_DATE('2020-05-03', 'YYYY-MM-DD') WHERE ID = 173;
INSERT INTO RESERVA (ID, ESTADO, VALOR_TOTAL, FECHA_REALIZACION, CLIENTE_ID) VALUES (263, 0, 9822, TO_DATE('2020-05-03', 'YYYY-MM-DD'), 12);
INSERT INTO RESERVA (ID, ESTADO, VALOR_TOTAL, FECHA_REALIZACION, RESERVA_COLECTIVA_ID, CLIENTE_ID) VALUES (264, 0, 9199, TO_DATE('2020-05-03', 'YYYY-MM-DD'), 10, 13);
INSERT INTO RESERVA (ID, ESTADO, VALOR_TOTAL, FECHA_REALIZACION, RESERVA_COLECTIVA_ID, CLIENTE_ID) VALUES (265, 1, 3860, TO_DATE('2020-05-03', 'YYYY-MM-DD'), 1, 15);
INSERT INTO OFERTA (ID, DIA, PRECIO, ALOJAMIENTO_ID, RESERVA_ID) VALUES (409, TO_DATE('2020-05-03', 'YYYY-MM-DD'), 2487, 159, 263);
UPDATE ALOJAMIENTO SET ULTIMA_RESERVA = TO_DATE('2020-05-03', 'YYYY-MM-DD') WHERE ID = 159;
INSERT INTO OFERTA (ID, DIA, PRECIO, ALOJAMIENTO_ID, RESERVA_ID) VALUES (410, TO_DATE('2020-05-03', 'YYYY-MM-DD'), 3851, 9, 264);
UPDATE ALOJAMIENTO SET ULTIMA_RESERVA = TO_DATE('2020-05-03', 'YYYY-MM-DD') WHERE ID = 9;
INSERT INTO OFERTA (ID, DIA, PRECIO, ALOJAMIENTO_ID, RESERVA_ID) VALUES (411, TO_DATE('2020-05-03', 'YYYY-MM-DD'), 8309, 108, 263);
UPDATE ALOJAMIENTO SET ULTIMA_RESERVA = TO_DATE('2020-05-03', 'YYYY-MM-DD') WHERE ID = 108;
INSERT INTO OFERTA (ID, DIA, PRECIO, ALOJAMIENTO_ID, RESERVA_ID) VALUES (412, TO_DATE('2020-05-03', 'YYYY-MM-DD'), 7991, 52, 265);
UPDATE ALOJAMIENTO SET ULTIMA_RESERVA = TO_DATE('2020-05-03', 'YYYY-MM-DD') WHERE ID = 52;
INSERT INTO OFERTA (ID, DIA, PRECIO, ALOJAMIENTO_ID, RESERVA_ID) VALUES (413, TO_DATE('2020-05-03', 'YYYY-MM-DD'), 8246, 176, 264);
UPDATE ALOJAMIENTO SET ULTIMA_RESERVA = TO_DATE('2020-05-03', 'YYYY-MM-DD') WHERE ID = 176;
INSERT INTO OFERTA (ID, DIA, PRECIO, ALOJAMIENTO_ID, RESERVA_ID) VALUES (414, TO_DATE('2020-05-03', 'YYYY-MM-DD'), 3349, 28, 263);
UPDATE ALOJAMIENTO SET ULTIMA_RESERVA = TO_DATE('2020-05-03', 'YYYY-MM-DD') WHERE ID = 28;
INSERT INTO RESERVA (ID, ESTADO, VALOR_TOTAL, FECHA_REALIZACION, CLIENTE_ID) VALUES (266, 1, 2553, TO_DATE('2020-05-03', 'YYYY-MM-DD'), 18);
INSERT INTO RESERVA (ID, ESTADO, VALOR_TOTAL, FECHA_REALIZACION, RESERVA_COLECTIVA_ID, CLIENTE_ID) VALUES (267, 1, 9608, TO_DATE('2020-05-03', 'YYYY-MM-DD'), 1, 29);
INSERT INTO OFERTA (ID, DIA, PRECIO, ALOJAMIENTO_ID, RESERVA_ID) VALUES (415, TO_DATE('2020-05-03', 'YYYY-MM-DD'), 316, 129, 267);
UPDATE ALOJAMIENTO SET ULTIMA_RESERVA = TO_DATE('2020-05-03', 'YYYY-MM-DD') WHERE ID = 129;
INSERT INTO OFERTA (ID, DIA, PRECIO, ALOJAMIENTO_ID, RESERVA_ID) VALUES (416, TO_DATE('2020-05-03', 'YYYY-MM-DD'), 3768, 155, 267);
UPDATE ALOJAMIENTO SET ULTIMA_RESERVA = TO_DATE('2020-05-03', 'YYYY-MM-DD') WHERE ID = 155;
INSERT INTO OFERTA (ID, DIA, PRECIO, ALOJAMIENTO_ID, RESERVA_ID) VALUES (417, TO_DATE('2020-05-03', 'YYYY-MM-DD'), 188, 96, 266);
UPDATE ALOJAMIENTO SET ULTIMA_RESERVA = TO_DATE('2020-05-03', 'YYYY-MM-DD') WHERE ID = 96;
INSERT INTO RESERVA (ID, ESTADO, VALOR_TOTAL, FECHA_REALIZACION, CLIENTE_ID) VALUES (268, 1, 2362, TO_DATE('2020-05-03', 'YYYY-MM-DD'), 12);
INSERT INTO RESERVA (ID, ESTADO, VALOR_TOTAL, FECHA_REALIZACION, RESERVA_COLECTIVA_ID, CLIENTE_ID) VALUES (269, 0, 6958, TO_DATE('2020-05-03', 'YYYY-MM-DD'), 5, 7);
INSERT INTO OFERTA (ID, DIA, PRECIO, ALOJAMIENTO_ID, RESERVA_ID) VALUES (418, TO_DATE('2020-05-03', 'YYYY-MM-DD'), 5296, 95, 268);
UPDATE ALOJAMIENTO SET ULTIMA_RESERVA = TO_DATE('2020-05-03', 'YYYY-MM-DD') WHERE ID = 95;
INSERT INTO OFERTA (ID, DIA, PRECIO, ALOJAMIENTO_ID, RESERVA_ID) VALUES (419, TO_DATE('2020-05-03', 'YYYY-MM-DD'), 5551, 131, 269);
UPDATE ALOJAMIENTO SET ULTIMA_RESERVA = TO_DATE('2020-05-03', 'YYYY-MM-DD') WHERE ID = 131;
INSERT INTO OFERTA (ID, DIA, PRECIO, ALOJAMIENTO_ID, RESERVA_ID) VALUES (420, TO_DATE('2020-05-03', 'YYYY-MM-DD'), 1334, 14, 269);
UPDATE ALOJAMIENTO SET ULTIMA_RESERVA = TO_DATE('2020-05-03', 'YYYY-MM-DD') WHERE ID = 14;
INSERT INTO OFERTA (ID, DIA, PRECIO, ALOJAMIENTO_ID, RESERVA_ID) VALUES (421, TO_DATE('2020-05-03', 'YYYY-MM-DD'), 1748, 86, 269);
UPDATE ALOJAMIENTO SET ULTIMA_RESERVA = TO_DATE('2020-05-03', 'YYYY-MM-DD') WHERE ID = 86;
INSERT INTO OFERTA (ID, DIA, PRECIO, ALOJAMIENTO_ID, RESERVA_ID) VALUES (422, TO_DATE('2020-05-03', 'YYYY-MM-DD'), 8374, 43, 269);
UPDATE ALOJAMIENTO SET ULTIMA_RESERVA = TO_DATE('2020-05-03', 'YYYY-MM-DD') WHERE ID = 43;
INSERT INTO RESERVA (ID, ESTADO, VALOR_TOTAL, FECHA_REALIZACION, CLIENTE_ID) VALUES (270, 0, 7123, TO_DATE('2020-05-03', 'YYYY-MM-DD'), 37);
INSERT INTO RESERVA (ID, ESTADO, VALOR_TOTAL, FECHA_REALIZACION, RESERVA_COLECTIVA_ID, CLIENTE_ID) VALUES (271, 0, 1302, TO_DATE('2020-05-03', 'YYYY-MM-DD'), 10, 12);
INSERT INTO OFERTA (ID, DIA, PRECIO, ALOJAMIENTO_ID, RESERVA_ID) VALUES (423, TO_DATE('2020-05-03', 'YYYY-MM-DD'), 6382, 174, 270);
UPDATE ALOJAMIENTO SET ULTIMA_RESERVA = TO_DATE('2020-05-03', 'YYYY-MM-DD') WHERE ID = 174;
INSERT INTO OFERTA (ID, DIA, PRECIO, ALOJAMIENTO_ID, RESERVA_ID) VALUES (424, TO_DATE('2020-05-03', 'YYYY-MM-DD'), 5278, 166, 270);
UPDATE ALOJAMIENTO SET ULTIMA_RESERVA = TO_DATE('2020-05-03', 'YYYY-MM-DD') WHERE ID = 166;
INSERT INTO RESERVA (ID, ESTADO, VALOR_TOTAL, FECHA_REALIZACION, RESERVA_COLECTIVA_ID, CLIENTE_ID) VALUES (272, 1, 6041, TO_DATE('2020-05-03', 'YYYY-MM-DD'), 10, 6);
INSERT INTO OFERTA (ID, DIA, PRECIO, ALOJAMIENTO_ID, RESERVA_ID) VALUES (425, TO_DATE('2020-05-03', 'YYYY-MM-DD'), 1316, 46, 272);
UPDATE ALOJAMIENTO SET ULTIMA_RESERVA = TO_DATE('2020-05-03', 'YYYY-MM-DD') WHERE ID = 46;
INSERT INTO RESERVA (ID, ESTADO, VALOR_TOTAL, FECHA_REALIZACION, CLIENTE_ID) VALUES (273, 1, 6165, TO_DATE('2020-05-03', 'YYYY-MM-DD'), 42);
INSERT INTO RESERVA (ID, ESTADO, VALOR_TOTAL, FECHA_REALIZACION, RESERVA_COLECTIVA_ID, CLIENTE_ID) VALUES (274, 1, 8290, TO_DATE('2020-05-03', 'YYYY-MM-DD'), 5, 3);
INSERT INTO OFERTA (ID, DIA, PRECIO, ALOJAMIENTO_ID, RESERVA_ID) VALUES (426, TO_DATE('2020-05-03', 'YYYY-MM-DD'), 9449, 36, 274);
UPDATE ALOJAMIENTO SET ULTIMA_RESERVA = TO_DATE('2020-05-03', 'YYYY-MM-DD') WHERE ID = 36;
INSERT INTO OFERTA (ID, DIA, PRECIO, ALOJAMIENTO_ID, RESERVA_ID) VALUES (427, TO_DATE('2020-05-03', 'YYYY-MM-DD'), 6957, 8, 274);
UPDATE ALOJAMIENTO SET ULTIMA_RESERVA = TO_DATE('2020-05-03', 'YYYY-MM-DD') WHERE ID = 8;
INSERT INTO OFERTA (ID, DIA, PRECIO, ALOJAMIENTO_ID, RESERVA_ID) VALUES (428, TO_DATE('2020-05-03', 'YYYY-MM-DD'), 7521, 133, 274);
UPDATE ALOJAMIENTO SET ULTIMA_RESERVA = TO_DATE('2020-05-03', 'YYYY-MM-DD') WHERE ID = 133;
INSERT INTO OFERTA (ID, DIA, PRECIO, ALOJAMIENTO_ID, RESERVA_ID) VALUES (429, TO_DATE('2020-05-03', 'YYYY-MM-DD'), 2412, 29, 274);
UPDATE ALOJAMIENTO SET ULTIMA_RESERVA = TO_DATE('2020-05-03', 'YYYY-MM-DD') WHERE ID = 29;
INSERT INTO RESERVA (ID, ESTADO, VALOR_TOTAL, FECHA_REALIZACION, RESERVA_COLECTIVA_ID, CLIENTE_ID) VALUES (275, 0, 2402, TO_DATE('2020-05-03', 'YYYY-MM-DD'), 0, 45);
INSERT INTO OFERTA (ID, DIA, PRECIO, ALOJAMIENTO_ID, RESERVA_ID) VALUES (430, TO_DATE('2020-05-03', 'YYYY-MM-DD'), 1058, 126, 275);
UPDATE ALOJAMIENTO SET ULTIMA_RESERVA = TO_DATE('2020-05-03', 'YYYY-MM-DD') WHERE ID = 126;
INSERT INTO RESERVA (ID, ESTADO, VALOR_TOTAL, FECHA_REALIZACION, CLIENTE_ID) VALUES (276, 1, 8315, TO_DATE('2020-05-03', 'YYYY-MM-DD'), 8);
INSERT INTO RESERVA (ID, ESTADO, VALOR_TOTAL, FECHA_REALIZACION, RESERVA_COLECTIVA_ID, CLIENTE_ID) VALUES (277, 0, 6143, TO_DATE('2020-05-03', 'YYYY-MM-DD'), 2, 13);
INSERT INTO RESERVA (ID, ESTADO, VALOR_TOTAL, FECHA_REALIZACION, RESERVA_COLECTIVA_ID, CLIENTE_ID) VALUES (278, 0, 9665, TO_DATE('2020-05-03', 'YYYY-MM-DD'), 1, 21);
INSERT INTO OFERTA (ID, DIA, PRECIO, ALOJAMIENTO_ID, RESERVA_ID) VALUES (431, TO_DATE('2020-05-03', 'YYYY-MM-DD'), 8891, 167, 276);
UPDATE ALOJAMIENTO SET ULTIMA_RESERVA = TO_DATE('2020-05-03', 'YYYY-MM-DD') WHERE ID = 167;
INSERT INTO OFERTA (ID, DIA, PRECIO, ALOJAMIENTO_ID, RESERVA_ID) VALUES (432, TO_DATE('2020-05-03', 'YYYY-MM-DD'), 5222, 145, 276);
UPDATE ALOJAMIENTO SET ULTIMA_RESERVA = TO_DATE('2020-05-03', 'YYYY-MM-DD') WHERE ID = 145;
INSERT INTO OFERTA (ID, DIA, PRECIO, ALOJAMIENTO_ID, RESERVA_ID) VALUES (433, TO_DATE('2020-05-03', 'YYYY-MM-DD'), 5383, 30, 277);
UPDATE ALOJAMIENTO SET ULTIMA_RESERVA = TO_DATE('2020-05-03', 'YYYY-MM-DD') WHERE ID = 30;
INSERT INTO RESERVA (ID, ESTADO, VALOR_TOTAL, FECHA_REALIZACION, CLIENTE_ID) VALUES (279, 1, 8708, TO_DATE('2020-05-03', 'YYYY-MM-DD'), 12);
INSERT INTO RESERVA (ID, ESTADO, VALOR_TOTAL, FECHA_REALIZACION, RESERVA_COLECTIVA_ID, CLIENTE_ID) VALUES (280, 0, 3574, TO_DATE('2020-05-03', 'YYYY-MM-DD'), 7, 31);
INSERT INTO OFERTA (ID, DIA, PRECIO, ALOJAMIENTO_ID, RESERVA_ID) VALUES (434, TO_DATE('2020-05-03', 'YYYY-MM-DD'), 3288, 186, 279);
UPDATE ALOJAMIENTO SET ULTIMA_RESERVA = TO_DATE('2020-05-03', 'YYYY-MM-DD') WHERE ID = 186;
INSERT INTO OFERTA (ID, DIA, PRECIO, ALOJAMIENTO_ID, RESERVA_ID) VALUES (435, TO_DATE('2020-05-03', 'YYYY-MM-DD'), 7099, 86, 280);
UPDATE ALOJAMIENTO SET ULTIMA_RESERVA = TO_DATE('2020-05-03', 'YYYY-MM-DD') WHERE ID = 86;
INSERT INTO RESERVA (ID, ESTADO, VALOR_TOTAL, FECHA_REALIZACION, RESERVA_COLECTIVA_ID, CLIENTE_ID) VALUES (281, 1, 7226, TO_DATE('2020-05-03', 'YYYY-MM-DD'), 5, 29);
INSERT INTO OFERTA (ID, DIA, PRECIO, ALOJAMIENTO_ID, RESERVA_ID) VALUES (436, TO_DATE('2020-05-03', 'YYYY-MM-DD'), 1439, 132, 281);
UPDATE ALOJAMIENTO SET ULTIMA_RESERVA = TO_DATE('2020-05-03', 'YYYY-MM-DD') WHERE ID = 132;
INSERT INTO OFERTA (ID, DIA, PRECIO, ALOJAMIENTO_ID, RESERVA_ID) VALUES (437, TO_DATE('2020-05-03', 'YYYY-MM-DD'), 9934, 146, 281);
UPDATE ALOJAMIENTO SET ULTIMA_RESERVA = TO_DATE('2020-05-03', 'YYYY-MM-DD') WHERE ID = 146;
INSERT INTO OFERTA (ID, DIA, PRECIO, ALOJAMIENTO_ID, RESERVA_ID) VALUES (438, TO_DATE('2020-05-03', 'YYYY-MM-DD'), 2633, 113, 281);
UPDATE ALOJAMIENTO SET ULTIMA_RESERVA = TO_DATE('2020-05-03', 'YYYY-MM-DD') WHERE ID = 113;
INSERT INTO OFERTA (ID, DIA, PRECIO, ALOJAMIENTO_ID, RESERVA_ID) VALUES (439, TO_DATE('2020-05-03', 'YYYY-MM-DD'), 671, 132, 281);
UPDATE ALOJAMIENTO SET ULTIMA_RESERVA = TO_DATE('2020-05-03', 'YYYY-MM-DD') WHERE ID = 132;
INSERT INTO OFERTA (ID, DIA, PRECIO, ALOJAMIENTO_ID, RESERVA_ID) VALUES (440, TO_DATE('2020-05-03', 'YYYY-MM-DD'), 3390, 85, 281);
UPDATE ALOJAMIENTO SET ULTIMA_RESERVA = TO_DATE('2020-05-03', 'YYYY-MM-DD') WHERE ID = 85;
INSERT INTO OFERTA (ID, DIA, PRECIO, ALOJAMIENTO_ID, RESERVA_ID) VALUES (441, TO_DATE('2020-05-03', 'YYYY-MM-DD'), 3743, 145, 281);
UPDATE ALOJAMIENTO SET ULTIMA_RESERVA = TO_DATE('2020-05-03', 'YYYY-MM-DD') WHERE ID = 145;
INSERT INTO RESERVA (ID, ESTADO, VALOR_TOTAL, FECHA_REALIZACION, RESERVA_COLECTIVA_ID, CLIENTE_ID) VALUES (282, 0, 7325, TO_DATE('2020-05-03', 'YYYY-MM-DD'), 6, 43);
INSERT INTO OFERTA (ID, DIA, PRECIO, ALOJAMIENTO_ID, RESERVA_ID) VALUES (442, TO_DATE('2020-05-03', 'YYYY-MM-DD'), 7443, 68, 282);
UPDATE ALOJAMIENTO SET ULTIMA_RESERVA = TO_DATE('2020-05-03', 'YYYY-MM-DD') WHERE ID = 68;
INSERT INTO OFERTA (ID, DIA, PRECIO, ALOJAMIENTO_ID, RESERVA_ID) VALUES (443, TO_DATE('2020-05-03', 'YYYY-MM-DD'), 1381, 109, 282);
UPDATE ALOJAMIENTO SET ULTIMA_RESERVA = TO_DATE('2020-05-03', 'YYYY-MM-DD') WHERE ID = 109;
INSERT INTO OFERTA (ID, DIA, PRECIO, ALOJAMIENTO_ID, RESERVA_ID) VALUES (444, TO_DATE('2020-05-03', 'YYYY-MM-DD'), 8281, 148, 282);
UPDATE ALOJAMIENTO SET ULTIMA_RESERVA = TO_DATE('2020-05-03', 'YYYY-MM-DD') WHERE ID = 148;
INSERT INTO RESERVA (ID, ESTADO, VALOR_TOTAL, FECHA_REALIZACION, CLIENTE_ID) VALUES (283, 1, 6024, TO_DATE('2020-05-03', 'YYYY-MM-DD'), 5);
INSERT INTO RESERVA (ID, ESTADO, VALOR_TOTAL, FECHA_REALIZACION, RESERVA_COLECTIVA_ID, CLIENTE_ID) VALUES (284, 1, 2935, TO_DATE('2020-05-03', 'YYYY-MM-DD'), 9, 10);
INSERT INTO RESERVA (ID, ESTADO, VALOR_TOTAL, FECHA_REALIZACION, RESERVA_COLECTIVA_ID, CLIENTE_ID) VALUES (285, 1, 6886, TO_DATE('2020-05-03', 'YYYY-MM-DD'), 5, 12);
INSERT INTO OFERTA (ID, DIA, PRECIO, ALOJAMIENTO_ID, RESERVA_ID) VALUES (445, TO_DATE('2020-05-03', 'YYYY-MM-DD'), 6873, 129, 284);
UPDATE ALOJAMIENTO SET ULTIMA_RESERVA = TO_DATE('2020-05-03', 'YYYY-MM-DD') WHERE ID = 129;
INSERT INTO OFERTA (ID, DIA, PRECIO, ALOJAMIENTO_ID, RESERVA_ID) VALUES (446, TO_DATE('2020-05-03', 'YYYY-MM-DD'), 1212, 119, 285);
UPDATE ALOJAMIENTO SET ULTIMA_RESERVA = TO_DATE('2020-05-03', 'YYYY-MM-DD') WHERE ID = 119;
INSERT INTO OFERTA (ID, DIA, PRECIO, ALOJAMIENTO_ID, RESERVA_ID) VALUES (447, TO_DATE('2020-05-03', 'YYYY-MM-DD'), 1796, 174, 285);
UPDATE ALOJAMIENTO SET ULTIMA_RESERVA = TO_DATE('2020-05-03', 'YYYY-MM-DD') WHERE ID = 174;
INSERT INTO OFERTA (ID, DIA, PRECIO, ALOJAMIENTO_ID, RESERVA_ID) VALUES (448, TO_DATE('2020-05-03', 'YYYY-MM-DD'), 8426, 170, 284);
UPDATE ALOJAMIENTO SET ULTIMA_RESERVA = TO_DATE('2020-05-03', 'YYYY-MM-DD') WHERE ID = 170;
INSERT INTO OFERTA (ID, DIA, PRECIO, ALOJAMIENTO_ID, RESERVA_ID) VALUES (449, TO_DATE('2020-05-03', 'YYYY-MM-DD'), 8834, 150, 285);
UPDATE ALOJAMIENTO SET ULTIMA_RESERVA = TO_DATE('2020-05-03', 'YYYY-MM-DD') WHERE ID = 150;
INSERT INTO RESERVA (ID, ESTADO, VALOR_TOTAL, FECHA_REALIZACION, CLIENTE_ID) VALUES (286, 1, 9417, TO_DATE('2020-05-03', 'YYYY-MM-DD'), 19);
INSERT INTO RESERVA (ID, ESTADO, VALOR_TOTAL, FECHA_REALIZACION, RESERVA_COLECTIVA_ID, CLIENTE_ID) VALUES (287, 0, 743, TO_DATE('2020-05-03', 'YYYY-MM-DD'), 1, 21);
INSERT INTO RESERVA (ID, ESTADO, VALOR_TOTAL, FECHA_REALIZACION, RESERVA_COLECTIVA_ID, CLIENTE_ID) VALUES (288, 0, 5435, TO_DATE('2020-05-03', 'YYYY-MM-DD'), 2, 34);
INSERT INTO OFERTA (ID, DIA, PRECIO, ALOJAMIENTO_ID, RESERVA_ID) VALUES (450, TO_DATE('2020-05-03', 'YYYY-MM-DD'), 9203, 75, 288);
UPDATE ALOJAMIENTO SET ULTIMA_RESERVA = TO_DATE('2020-05-03', 'YYYY-MM-DD') WHERE ID = 75;
INSERT INTO OFERTA (ID, DIA, PRECIO, ALOJAMIENTO_ID, RESERVA_ID) VALUES (451, TO_DATE('2020-05-03', 'YYYY-MM-DD'), 5925, 137, 288);
UPDATE ALOJAMIENTO SET ULTIMA_RESERVA = TO_DATE('2020-05-03', 'YYYY-MM-DD') WHERE ID = 137;
INSERT INTO OFERTA (ID, DIA, PRECIO, ALOJAMIENTO_ID, RESERVA_ID) VALUES (452, TO_DATE('2020-05-03', 'YYYY-MM-DD'), 7641, 17, 287);
UPDATE ALOJAMIENTO SET ULTIMA_RESERVA = TO_DATE('2020-05-03', 'YYYY-MM-DD') WHERE ID = 17;
INSERT INTO OFERTA (ID, DIA, PRECIO, ALOJAMIENTO_ID, RESERVA_ID) VALUES (453, TO_DATE('2020-05-03', 'YYYY-MM-DD'), 9338, 157, 288);
UPDATE ALOJAMIENTO SET ULTIMA_RESERVA = TO_DATE('2020-05-03', 'YYYY-MM-DD') WHERE ID = 157;
INSERT INTO RESERVA (ID, ESTADO, VALOR_TOTAL, FECHA_REALIZACION, RESERVA_COLECTIVA_ID, CLIENTE_ID) VALUES (289, 0, 6814, TO_DATE('2020-05-03', 'YYYY-MM-DD'), 2, 2);
INSERT INTO OFERTA (ID, DIA, PRECIO, ALOJAMIENTO_ID, RESERVA_ID) VALUES (454, TO_DATE('2020-05-03', 'YYYY-MM-DD'), 4850, 141, 289);
UPDATE ALOJAMIENTO SET ULTIMA_RESERVA = TO_DATE('2020-05-03', 'YYYY-MM-DD') WHERE ID = 141;
INSERT INTO OFERTA (ID, DIA, PRECIO, ALOJAMIENTO_ID, RESERVA_ID) VALUES (455, TO_DATE('2020-05-03', 'YYYY-MM-DD'), 3532, 85, 289);
UPDATE ALOJAMIENTO SET ULTIMA_RESERVA = TO_DATE('2020-05-03', 'YYYY-MM-DD') WHERE ID = 85;
INSERT INTO OFERTA (ID, DIA, PRECIO, ALOJAMIENTO_ID, RESERVA_ID) VALUES (456, TO_DATE('2020-05-03', 'YYYY-MM-DD'), 4626, 131, 289);
UPDATE ALOJAMIENTO SET ULTIMA_RESERVA = TO_DATE('2020-05-03', 'YYYY-MM-DD') WHERE ID = 131;
INSERT INTO OFERTA (ID, DIA, PRECIO, ALOJAMIENTO_ID, RESERVA_ID) VALUES (457, TO_DATE('2020-05-03', 'YYYY-MM-DD'), 4648, 140, 289);
UPDATE ALOJAMIENTO SET ULTIMA_RESERVA = TO_DATE('2020-05-03', 'YYYY-MM-DD') WHERE ID = 140;
INSERT INTO OFERTA (ID, DIA, PRECIO, ALOJAMIENTO_ID, RESERVA_ID) VALUES (458, TO_DATE('2020-05-03', 'YYYY-MM-DD'), 5340, 136, 289);
UPDATE ALOJAMIENTO SET ULTIMA_RESERVA = TO_DATE('2020-05-03', 'YYYY-MM-DD') WHERE ID = 136;
INSERT INTO OFERTA (ID, DIA, PRECIO, ALOJAMIENTO_ID, RESERVA_ID) VALUES (459, TO_DATE('2020-05-03', 'YYYY-MM-DD'), 2086, 108, 289);
UPDATE ALOJAMIENTO SET ULTIMA_RESERVA = TO_DATE('2020-05-03', 'YYYY-MM-DD') WHERE ID = 108;
INSERT INTO RESERVA (ID, ESTADO, VALOR_TOTAL, FECHA_REALIZACION, RESERVA_COLECTIVA_ID, CLIENTE_ID) VALUES (290, 0, 9387, TO_DATE('2020-05-03', 'YYYY-MM-DD'), 8, 26);
INSERT INTO OFERTA (ID, DIA, PRECIO, ALOJAMIENTO_ID, RESERVA_ID) VALUES (460, TO_DATE('2020-05-03', 'YYYY-MM-DD'), 3661, 4, 290);
UPDATE ALOJAMIENTO SET ULTIMA_RESERVA = TO_DATE('2020-05-03', 'YYYY-MM-DD') WHERE ID = 4;
INSERT INTO OFERTA (ID, DIA, PRECIO, ALOJAMIENTO_ID, RESERVA_ID) VALUES (461, TO_DATE('2020-05-03', 'YYYY-MM-DD'), 5185, 109, 290);
UPDATE ALOJAMIENTO SET ULTIMA_RESERVA = TO_DATE('2020-05-03', 'YYYY-MM-DD') WHERE ID = 109;
INSERT INTO OFERTA (ID, DIA, PRECIO, ALOJAMIENTO_ID, RESERVA_ID) VALUES (462, TO_DATE('2020-05-03', 'YYYY-MM-DD'), 2697, 152, 290);
UPDATE ALOJAMIENTO SET ULTIMA_RESERVA = TO_DATE('2020-05-03', 'YYYY-MM-DD') WHERE ID = 152;
INSERT INTO OFERTA (ID, DIA, PRECIO, ALOJAMIENTO_ID, RESERVA_ID) VALUES (463, TO_DATE('2020-05-03', 'YYYY-MM-DD'), 579, 77, 290);
UPDATE ALOJAMIENTO SET ULTIMA_RESERVA = TO_DATE('2020-05-03', 'YYYY-MM-DD') WHERE ID = 77;
INSERT INTO OFERTA (ID, DIA, PRECIO, ALOJAMIENTO_ID, RESERVA_ID) VALUES (464, TO_DATE('2020-05-03', 'YYYY-MM-DD'), 2215, 159, 290);
UPDATE ALOJAMIENTO SET ULTIMA_RESERVA = TO_DATE('2020-05-03', 'YYYY-MM-DD') WHERE ID = 159;
INSERT INTO OFERTA (ID, DIA, PRECIO, ALOJAMIENTO_ID, RESERVA_ID) VALUES (465, TO_DATE('2020-05-03', 'YYYY-MM-DD'), 3596, 175, 290);
UPDATE ALOJAMIENTO SET ULTIMA_RESERVA = TO_DATE('2020-05-03', 'YYYY-MM-DD') WHERE ID = 175;
INSERT INTO RESERVA (ID, ESTADO, VALOR_TOTAL, FECHA_REALIZACION, RESERVA_COLECTIVA_ID, CLIENTE_ID) VALUES (291, 0, 9185, TO_DATE('2020-05-03', 'YYYY-MM-DD'), 5, 1);
INSERT INTO OFERTA (ID, DIA, PRECIO, ALOJAMIENTO_ID, RESERVA_ID) VALUES (466, TO_DATE('2020-05-03', 'YYYY-MM-DD'), 3197, 49, 291);
UPDATE ALOJAMIENTO SET ULTIMA_RESERVA = TO_DATE('2020-05-03', 'YYYY-MM-DD') WHERE ID = 49;
INSERT INTO OFERTA (ID, DIA, PRECIO, ALOJAMIENTO_ID, RESERVA_ID) VALUES (467, TO_DATE('2020-05-03', 'YYYY-MM-DD'), 2844, 23, 291);
UPDATE ALOJAMIENTO SET ULTIMA_RESERVA = TO_DATE('2020-05-03', 'YYYY-MM-DD') WHERE ID = 23;
INSERT INTO RESERVA (ID, ESTADO, VALOR_TOTAL, FECHA_REALIZACION, RESERVA_COLECTIVA_ID, CLIENTE_ID) VALUES (292, 0, 9338, TO_DATE('2020-05-03', 'YYYY-MM-DD'), 9, 24);
INSERT INTO OFERTA (ID, DIA, PRECIO, ALOJAMIENTO_ID, RESERVA_ID) VALUES (468, TO_DATE('2020-05-03', 'YYYY-MM-DD'), 2679, 111, 292);
UPDATE ALOJAMIENTO SET ULTIMA_RESERVA = TO_DATE('2020-05-03', 'YYYY-MM-DD') WHERE ID = 111;
INSERT INTO OFERTA (ID, DIA, PRECIO, ALOJAMIENTO_ID, RESERVA_ID) VALUES (469, TO_DATE('2020-05-03', 'YYYY-MM-DD'), 2542, 134, 292);
UPDATE ALOJAMIENTO SET ULTIMA_RESERVA = TO_DATE('2020-05-03', 'YYYY-MM-DD') WHERE ID = 134;
INSERT INTO OFERTA (ID, DIA, PRECIO, ALOJAMIENTO_ID, RESERVA_ID) VALUES (470, TO_DATE('2020-05-03', 'YYYY-MM-DD'), 1147, 80, 292);
UPDATE ALOJAMIENTO SET ULTIMA_RESERVA = TO_DATE('2020-05-03', 'YYYY-MM-DD') WHERE ID = 80;
INSERT INTO RESERVA (ID, ESTADO, VALOR_TOTAL, FECHA_REALIZACION, CLIENTE_ID) VALUES (293, 1, 9752, TO_DATE('2020-05-03', 'YYYY-MM-DD'), 18);
INSERT INTO RESERVA (ID, ESTADO, VALOR_TOTAL, FECHA_REALIZACION, RESERVA_COLECTIVA_ID, CLIENTE_ID) VALUES (294, 0, 1475, TO_DATE('2020-05-03', 'YYYY-MM-DD'), 8, 16);
INSERT INTO OFERTA (ID, DIA, PRECIO, ALOJAMIENTO_ID, RESERVA_ID) VALUES (471, TO_DATE('2020-05-03', 'YYYY-MM-DD'), 12, 96, 294);
UPDATE ALOJAMIENTO SET ULTIMA_RESERVA = TO_DATE('2020-05-03', 'YYYY-MM-DD') WHERE ID = 96;
INSERT INTO OFERTA (ID, DIA, PRECIO, ALOJAMIENTO_ID, RESERVA_ID) VALUES (472, TO_DATE('2020-05-03', 'YYYY-MM-DD'), 5738, 93, 294);
UPDATE ALOJAMIENTO SET ULTIMA_RESERVA = TO_DATE('2020-05-03', 'YYYY-MM-DD') WHERE ID = 93;
INSERT INTO OFERTA (ID, DIA, PRECIO, ALOJAMIENTO_ID, RESERVA_ID) VALUES (473, TO_DATE('2020-05-03', 'YYYY-MM-DD'), 9368, 140, 293);
UPDATE ALOJAMIENTO SET ULTIMA_RESERVA = TO_DATE('2020-05-03', 'YYYY-MM-DD') WHERE ID = 140;
INSERT INTO OFERTA (ID, DIA, PRECIO, ALOJAMIENTO_ID, RESERVA_ID) VALUES (474, TO_DATE('2020-05-03', 'YYYY-MM-DD'), 5455, 63, 293);
UPDATE ALOJAMIENTO SET ULTIMA_RESERVA = TO_DATE('2020-05-03', 'YYYY-MM-DD') WHERE ID = 63;
INSERT INTO OFERTA (ID, DIA, PRECIO, ALOJAMIENTO_ID, RESERVA_ID) VALUES (475, TO_DATE('2020-05-03', 'YYYY-MM-DD'), 5743, 140, 293);
UPDATE ALOJAMIENTO SET ULTIMA_RESERVA = TO_DATE('2020-05-03', 'YYYY-MM-DD') WHERE ID = 140;
INSERT INTO OFERTA (ID, DIA, PRECIO, ALOJAMIENTO_ID, RESERVA_ID) VALUES (476, TO_DATE('2020-05-03', 'YYYY-MM-DD'), 9355, 160, 294);
UPDATE ALOJAMIENTO SET ULTIMA_RESERVA = TO_DATE('2020-05-03', 'YYYY-MM-DD') WHERE ID = 160;
INSERT INTO RESERVA (ID, ESTADO, VALOR_TOTAL, FECHA_REALIZACION, CLIENTE_ID) VALUES (295, 1, 7390, TO_DATE('2020-05-03', 'YYYY-MM-DD'), 2);
INSERT INTO RESERVA (ID, ESTADO, VALOR_TOTAL, FECHA_REALIZACION, RESERVA_COLECTIVA_ID, CLIENTE_ID) VALUES (296, 1, 7307, TO_DATE('2020-05-03', 'YYYY-MM-DD'), 9, 19);
INSERT INTO OFERTA (ID, DIA, PRECIO, ALOJAMIENTO_ID, RESERVA_ID) VALUES (477, TO_DATE('2020-05-03', 'YYYY-MM-DD'), 7532, 67, 295);
UPDATE ALOJAMIENTO SET ULTIMA_RESERVA = TO_DATE('2020-05-03', 'YYYY-MM-DD') WHERE ID = 67;
INSERT INTO OFERTA (ID, DIA, PRECIO, ALOJAMIENTO_ID, RESERVA_ID) VALUES (478, TO_DATE('2020-05-03', 'YYYY-MM-DD'), 4470, 67, 295);
UPDATE ALOJAMIENTO SET ULTIMA_RESERVA = TO_DATE('2020-05-03', 'YYYY-MM-DD') WHERE ID = 67;
INSERT INTO OFERTA (ID, DIA, PRECIO, ALOJAMIENTO_ID, RESERVA_ID) VALUES (479, TO_DATE('2020-05-03', 'YYYY-MM-DD'), 4859, 97, 296);
UPDATE ALOJAMIENTO SET ULTIMA_RESERVA = TO_DATE('2020-05-03', 'YYYY-MM-DD') WHERE ID = 97;
INSERT INTO OFERTA (ID, DIA, PRECIO, ALOJAMIENTO_ID, RESERVA_ID) VALUES (480, TO_DATE('2020-05-03', 'YYYY-MM-DD'), 9589, 179, 296);
UPDATE ALOJAMIENTO SET ULTIMA_RESERVA = TO_DATE('2020-05-03', 'YYYY-MM-DD') WHERE ID = 179;
INSERT INTO OFERTA (ID, DIA, PRECIO, ALOJAMIENTO_ID, RESERVA_ID) VALUES (481, TO_DATE('2020-05-03', 'YYYY-MM-DD'), 8271, 142, 296);
UPDATE ALOJAMIENTO SET ULTIMA_RESERVA = TO_DATE('2020-05-03', 'YYYY-MM-DD') WHERE ID = 142;
INSERT INTO RESERVA (ID, ESTADO, VALOR_TOTAL, FECHA_REALIZACION, CLIENTE_ID) VALUES (297, 1, 5709, TO_DATE('2020-05-03', 'YYYY-MM-DD'), 11);
INSERT INTO RESERVA (ID, ESTADO, VALOR_TOTAL, FECHA_REALIZACION, RESERVA_COLECTIVA_ID, CLIENTE_ID) VALUES (298, 0, 7945, TO_DATE('2020-05-03', 'YYYY-MM-DD'), 5, 6);
INSERT INTO RESERVA (ID, ESTADO, VALOR_TOTAL, FECHA_REALIZACION, RESERVA_COLECTIVA_ID, CLIENTE_ID) VALUES (299, 0, 4217, TO_DATE('2020-05-03', 'YYYY-MM-DD'), 1, 7);
INSERT INTO OFERTA (ID, DIA, PRECIO, ALOJAMIENTO_ID, RESERVA_ID) VALUES (482, TO_DATE('2020-05-03', 'YYYY-MM-DD'), 3477, 109, 297);
UPDATE ALOJAMIENTO SET ULTIMA_RESERVA = TO_DATE('2020-05-03', 'YYYY-MM-DD') WHERE ID = 109;
INSERT INTO OFERTA (ID, DIA, PRECIO, ALOJAMIENTO_ID, RESERVA_ID) VALUES (483, TO_DATE('2020-05-03', 'YYYY-MM-DD'), 6770, 1, 298);
UPDATE ALOJAMIENTO SET ULTIMA_RESERVA = TO_DATE('2020-05-03', 'YYYY-MM-DD') WHERE ID = 1;
INSERT INTO OFERTA (ID, DIA, PRECIO, ALOJAMIENTO_ID, RESERVA_ID) VALUES (484, TO_DATE('2020-05-03', 'YYYY-MM-DD'), 8883, 64, 298);
UPDATE ALOJAMIENTO SET ULTIMA_RESERVA = TO_DATE('2020-05-03', 'YYYY-MM-DD') WHERE ID = 64;
INSERT INTO OFERTA (ID, DIA, PRECIO, ALOJAMIENTO_ID, RESERVA_ID) VALUES (485, TO_DATE('2020-05-03', 'YYYY-MM-DD'), 6536, 91, 297);
UPDATE ALOJAMIENTO SET ULTIMA_RESERVA = TO_DATE('2020-05-03', 'YYYY-MM-DD') WHERE ID = 91;
INSERT INTO OFERTA (ID, DIA, PRECIO, ALOJAMIENTO_ID, RESERVA_ID) VALUES (486, TO_DATE('2020-05-03', 'YYYY-MM-DD'), 6354, 147, 299);
UPDATE ALOJAMIENTO SET ULTIMA_RESERVA = TO_DATE('2020-05-03', 'YYYY-MM-DD') WHERE ID = 147;
INSERT INTO RESERVA (ID, ESTADO, VALOR_TOTAL, FECHA_REALIZACION, RESERVA_COLECTIVA_ID, CLIENTE_ID) VALUES (300, 1, 5390, TO_DATE('2020-05-03', 'YYYY-MM-DD'), 1, 17);
INSERT INTO OFERTA (ID, DIA, PRECIO, ALOJAMIENTO_ID, RESERVA_ID) VALUES (487, TO_DATE('2020-05-03', 'YYYY-MM-DD'), 4969, 90, 300);
UPDATE ALOJAMIENTO SET ULTIMA_RESERVA = TO_DATE('2020-05-03', 'YYYY-MM-DD') WHERE ID = 90;
INSERT INTO OFERTA (ID, DIA, PRECIO, ALOJAMIENTO_ID, RESERVA_ID) VALUES (488, TO_DATE('2020-05-03', 'YYYY-MM-DD'), 9877, 41, 300);
UPDATE ALOJAMIENTO SET ULTIMA_RESERVA = TO_DATE('2020-05-03', 'YYYY-MM-DD') WHERE ID = 41;
INSERT INTO OFERTA (ID, DIA, PRECIO, ALOJAMIENTO_ID, RESERVA_ID) VALUES (489, TO_DATE('2020-05-03', 'YYYY-MM-DD'), 9135, 29, 300);
UPDATE ALOJAMIENTO SET ULTIMA_RESERVA = TO_DATE('2020-05-03', 'YYYY-MM-DD') WHERE ID = 29;
INSERT INTO OFERTA (ID, DIA, PRECIO, ALOJAMIENTO_ID, RESERVA_ID) VALUES (490, TO_DATE('2020-05-03', 'YYYY-MM-DD'), 9096, 95, 300);
UPDATE ALOJAMIENTO SET ULTIMA_RESERVA = TO_DATE('2020-05-03', 'YYYY-MM-DD') WHERE ID = 95;
INSERT INTO OFERTA (ID, DIA, PRECIO, ALOJAMIENTO_ID, RESERVA_ID) VALUES (491, TO_DATE('2020-05-03', 'YYYY-MM-DD'), 8075, 59, 300);
UPDATE ALOJAMIENTO SET ULTIMA_RESERVA = TO_DATE('2020-05-03', 'YYYY-MM-DD') WHERE ID = 59;
INSERT INTO RESERVA (ID, ESTADO, VALOR_TOTAL, FECHA_REALIZACION, RESERVA_COLECTIVA_ID, CLIENTE_ID) VALUES (301, 0, 2046, TO_DATE('2020-05-03', 'YYYY-MM-DD'), 6, 27);
INSERT INTO OFERTA (ID, DIA, PRECIO, ALOJAMIENTO_ID, RESERVA_ID) VALUES (492, TO_DATE('2020-05-03', 'YYYY-MM-DD'), 224, 184, 301);
UPDATE ALOJAMIENTO SET ULTIMA_RESERVA = TO_DATE('2020-05-03', 'YYYY-MM-DD') WHERE ID = 184;
INSERT INTO OFERTA (ID, DIA, PRECIO, ALOJAMIENTO_ID, RESERVA_ID) VALUES (493, TO_DATE('2020-05-03', 'YYYY-MM-DD'), 7672, 181, 301);
UPDATE ALOJAMIENTO SET ULTIMA_RESERVA = TO_DATE('2020-05-03', 'YYYY-MM-DD') WHERE ID = 181;
INSERT INTO OFERTA (ID, DIA, PRECIO, ALOJAMIENTO_ID, RESERVA_ID) VALUES (494, TO_DATE('2020-05-03', 'YYYY-MM-DD'), 4381, 69, 301);
UPDATE ALOJAMIENTO SET ULTIMA_RESERVA = TO_DATE('2020-05-03', 'YYYY-MM-DD') WHERE ID = 69;
INSERT INTO RESERVA (ID, ESTADO, VALOR_TOTAL, FECHA_REALIZACION, RESERVA_COLECTIVA_ID, CLIENTE_ID) VALUES (302, 0, 3478, TO_DATE('2020-05-03', 'YYYY-MM-DD'), 10, 40);
INSERT INTO OFERTA (ID, DIA, PRECIO, ALOJAMIENTO_ID, RESERVA_ID) VALUES (495, TO_DATE('2020-05-03', 'YYYY-MM-DD'), 3329, 153, 302);
UPDATE ALOJAMIENTO SET ULTIMA_RESERVA = TO_DATE('2020-05-03', 'YYYY-MM-DD') WHERE ID = 153;
INSERT INTO RESERVA (ID, ESTADO, VALOR_TOTAL, FECHA_REALIZACION, RESERVA_COLECTIVA_ID, CLIENTE_ID) VALUES (303, 0, 2211, TO_DATE('2020-05-03', 'YYYY-MM-DD'), 9, 1);
INSERT INTO OFERTA (ID, DIA, PRECIO, ALOJAMIENTO_ID, RESERVA_ID) VALUES (496, TO_DATE('2020-05-03', 'YYYY-MM-DD'), 5932, 31, 303);
UPDATE ALOJAMIENTO SET ULTIMA_RESERVA = TO_DATE('2020-05-03', 'YYYY-MM-DD') WHERE ID = 31;
INSERT INTO RESERVA (ID, ESTADO, VALOR_TOTAL, FECHA_REALIZACION, RESERVA_COLECTIVA_ID, CLIENTE_ID) VALUES (304, 1, 8065, TO_DATE('2020-05-03', 'YYYY-MM-DD'), 8, 36);
INSERT INTO OFERTA (ID, DIA, PRECIO, ALOJAMIENTO_ID, RESERVA_ID) VALUES (497, TO_DATE('2020-05-03', 'YYYY-MM-DD'), 3603, 153, 304);
UPDATE ALOJAMIENTO SET ULTIMA_RESERVA = TO_DATE('2020-05-03', 'YYYY-MM-DD') WHERE ID = 153;
INSERT INTO OFERTA (ID, DIA, PRECIO, ALOJAMIENTO_ID, RESERVA_ID) VALUES (498, TO_DATE('2020-05-03', 'YYYY-MM-DD'), 5330, 132, 304);
UPDATE ALOJAMIENTO SET ULTIMA_RESERVA = TO_DATE('2020-05-03', 'YYYY-MM-DD') WHERE ID = 132;
INSERT INTO OFERTA (ID, DIA, PRECIO, ALOJAMIENTO_ID, RESERVA_ID) VALUES (499, TO_DATE('2020-05-03', 'YYYY-MM-DD'), 2897, 28, 304);
UPDATE ALOJAMIENTO SET ULTIMA_RESERVA = TO_DATE('2020-05-03', 'YYYY-MM-DD') WHERE ID = 28;
INSERT INTO RESERVA (ID, ESTADO, VALOR_TOTAL, FECHA_REALIZACION, RESERVA_COLECTIVA_ID, CLIENTE_ID) VALUES (305, 0, 5273, TO_DATE('2020-05-03', 'YYYY-MM-DD'), 0, 15);
INSERT INTO OFERTA (ID, DIA, PRECIO, ALOJAMIENTO_ID, RESERVA_ID) VALUES (500, TO_DATE('2020-05-03', 'YYYY-MM-DD'), 9098, 14, 305);
UPDATE ALOJAMIENTO SET ULTIMA_RESERVA = TO_DATE('2020-05-03', 'YYYY-MM-DD') WHERE ID = 14;
INSERT INTO OFERTA (ID, DIA, PRECIO, ALOJAMIENTO_ID, RESERVA_ID) VALUES (501, TO_DATE('2020-05-03', 'YYYY-MM-DD'), 8747, 136, 305);
UPDATE ALOJAMIENTO SET ULTIMA_RESERVA = TO_DATE('2020-05-03', 'YYYY-MM-DD') WHERE ID = 136;
INSERT INTO OFERTA (ID, DIA, PRECIO, ALOJAMIENTO_ID, RESERVA_ID) VALUES (502, TO_DATE('2020-05-03', 'YYYY-MM-DD'), 9047, 18, 305);
UPDATE ALOJAMIENTO SET ULTIMA_RESERVA = TO_DATE('2020-05-03', 'YYYY-MM-DD') WHERE ID = 18;
INSERT INTO OFERTA (ID, DIA, PRECIO, ALOJAMIENTO_ID, RESERVA_ID) VALUES (503, TO_DATE('2020-05-03', 'YYYY-MM-DD'), 8471, 149, 305);
UPDATE ALOJAMIENTO SET ULTIMA_RESERVA = TO_DATE('2020-05-03', 'YYYY-MM-DD') WHERE ID = 149;
INSERT INTO RESERVA (ID, ESTADO, VALOR_TOTAL, FECHA_REALIZACION, CLIENTE_ID) VALUES (306, 1, 8867, TO_DATE('2020-05-03', 'YYYY-MM-DD'), 9);
INSERT INTO RESERVA (ID, ESTADO, VALOR_TOTAL, FECHA_REALIZACION, RESERVA_COLECTIVA_ID, CLIENTE_ID) VALUES (307, 1, 1607, TO_DATE('2020-05-03', 'YYYY-MM-DD'), 4, 29);
INSERT INTO RESERVA (ID, ESTADO, VALOR_TOTAL, FECHA_REALIZACION, RESERVA_COLECTIVA_ID, CLIENTE_ID) VALUES (308, 1, 4918, TO_DATE('2020-05-03', 'YYYY-MM-DD'), 7, 21);
INSERT INTO OFERTA (ID, DIA, PRECIO, ALOJAMIENTO_ID, RESERVA_ID) VALUES (504, TO_DATE('2020-05-03', 'YYYY-MM-DD'), 6931, 127, 306);
UPDATE ALOJAMIENTO SET ULTIMA_RESERVA = TO_DATE('2020-05-03', 'YYYY-MM-DD') WHERE ID = 127;
INSERT INTO OFERTA (ID, DIA, PRECIO, ALOJAMIENTO_ID, RESERVA_ID) VALUES (505, TO_DATE('2020-05-03', 'YYYY-MM-DD'), 5838, 158, 308);
UPDATE ALOJAMIENTO SET ULTIMA_RESERVA = TO_DATE('2020-05-03', 'YYYY-MM-DD') WHERE ID = 158;
INSERT INTO RESERVA (ID, ESTADO, VALOR_TOTAL, FECHA_REALIZACION, CLIENTE_ID) VALUES (309, 0, 2737, TO_DATE('2020-05-03', 'YYYY-MM-DD'), 24);
INSERT INTO RESERVA (ID, ESTADO, VALOR_TOTAL, FECHA_REALIZACION, RESERVA_COLECTIVA_ID, CLIENTE_ID) VALUES (310, 1, 2745, TO_DATE('2020-05-03', 'YYYY-MM-DD'), 9, 21);
INSERT INTO RESERVA (ID, ESTADO, VALOR_TOTAL, FECHA_REALIZACION, RESERVA_COLECTIVA_ID, CLIENTE_ID) VALUES (311, 1, 1483, TO_DATE('2020-05-03', 'YYYY-MM-DD'), 5, 18);
INSERT INTO OFERTA (ID, DIA, PRECIO, ALOJAMIENTO_ID, RESERVA_ID) VALUES (506, TO_DATE('2020-05-03', 'YYYY-MM-DD'), 3031, 152, 309);
UPDATE ALOJAMIENTO SET ULTIMA_RESERVA = TO_DATE('2020-05-03', 'YYYY-MM-DD') WHERE ID = 152;
INSERT INTO RESERVA (ID, ESTADO, VALOR_TOTAL, FECHA_REALIZACION, CLIENTE_ID) VALUES (312, 1, 6009, TO_DATE('2020-05-03', 'YYYY-MM-DD'), 41);
INSERT INTO RESERVA (ID, ESTADO, VALOR_TOTAL, FECHA_REALIZACION, RESERVA_COLECTIVA_ID, CLIENTE_ID) VALUES (313, 0, 7196, TO_DATE('2020-05-03', 'YYYY-MM-DD'), 8, 8);
INSERT INTO OFERTA (ID, DIA, PRECIO, ALOJAMIENTO_ID, RESERVA_ID) VALUES (507, TO_DATE('2020-05-03', 'YYYY-MM-DD'), 8619, 64, 312);
UPDATE ALOJAMIENTO SET ULTIMA_RESERVA = TO_DATE('2020-05-03', 'YYYY-MM-DD') WHERE ID = 64;
INSERT INTO OFERTA (ID, DIA, PRECIO, ALOJAMIENTO_ID, RESERVA_ID) VALUES (508, TO_DATE('2020-05-03', 'YYYY-MM-DD'), 4245, 42, 313);
UPDATE ALOJAMIENTO SET ULTIMA_RESERVA = TO_DATE('2020-05-03', 'YYYY-MM-DD') WHERE ID = 42;
INSERT INTO RESERVA (ID, ESTADO, VALOR_TOTAL, FECHA_REALIZACION, RESERVA_COLECTIVA_ID, CLIENTE_ID) VALUES (314, 1, 3962, TO_DATE('2020-05-03', 'YYYY-MM-DD'), 2, 36);
INSERT INTO OFERTA (ID, DIA, PRECIO, ALOJAMIENTO_ID, RESERVA_ID) VALUES (509, TO_DATE('2020-05-03', 'YYYY-MM-DD'), 9208, 75, 314);
UPDATE ALOJAMIENTO SET ULTIMA_RESERVA = TO_DATE('2020-05-03', 'YYYY-MM-DD') WHERE ID = 75;
INSERT INTO OFERTA (ID, DIA, PRECIO, ALOJAMIENTO_ID, RESERVA_ID) VALUES (510, TO_DATE('2020-05-03', 'YYYY-MM-DD'), 4813, 159, 314);
UPDATE ALOJAMIENTO SET ULTIMA_RESERVA = TO_DATE('2020-05-03', 'YYYY-MM-DD') WHERE ID = 159;
INSERT INTO OFERTA (ID, DIA, PRECIO, ALOJAMIENTO_ID, RESERVA_ID) VALUES (511, TO_DATE('2020-05-03', 'YYYY-MM-DD'), 5716, 185, 314);
UPDATE ALOJAMIENTO SET ULTIMA_RESERVA = TO_DATE('2020-05-03', 'YYYY-MM-DD') WHERE ID = 185;
INSERT INTO RESERVA (ID, ESTADO, VALOR_TOTAL, FECHA_REALIZACION, CLIENTE_ID) VALUES (315, 1, 9586, TO_DATE('2020-05-03', 'YYYY-MM-DD'), 16);
INSERT INTO RESERVA (ID, ESTADO, VALOR_TOTAL, FECHA_REALIZACION, RESERVA_COLECTIVA_ID, CLIENTE_ID) VALUES (316, 1, 1049, TO_DATE('2020-05-03', 'YYYY-MM-DD'), 7, 15);
INSERT INTO RESERVA (ID, ESTADO, VALOR_TOTAL, FECHA_REALIZACION, RESERVA_COLECTIVA_ID, CLIENTE_ID) VALUES (317, 0, 289, TO_DATE('2020-05-03', 'YYYY-MM-DD'), 0, 47);
INSERT INTO OFERTA (ID, DIA, PRECIO, ALOJAMIENTO_ID, RESERVA_ID) VALUES (512, TO_DATE('2020-05-03', 'YYYY-MM-DD'), 2374, 71, 316);
UPDATE ALOJAMIENTO SET ULTIMA_RESERVA = TO_DATE('2020-05-03', 'YYYY-MM-DD') WHERE ID = 71;
INSERT INTO RESERVA (ID, ESTADO, VALOR_TOTAL, FECHA_REALIZACION, CLIENTE_ID) VALUES (318, 1, 7107, TO_DATE('2020-05-03', 'YYYY-MM-DD'), 12);
INSERT INTO RESERVA (ID, ESTADO, VALOR_TOTAL, FECHA_REALIZACION, RESERVA_COLECTIVA_ID, CLIENTE_ID) VALUES (319, 0, 8956, TO_DATE('2020-05-03', 'YYYY-MM-DD'), 10, 31);
INSERT INTO OFERTA (ID, DIA, PRECIO, ALOJAMIENTO_ID, RESERVA_ID) VALUES (513, TO_DATE('2020-05-03', 'YYYY-MM-DD'), 5736, 8, 319);
UPDATE ALOJAMIENTO SET ULTIMA_RESERVA = TO_DATE('2020-05-03', 'YYYY-MM-DD') WHERE ID = 8;
INSERT INTO RESERVA (ID, ESTADO, VALOR_TOTAL, FECHA_REALIZACION, RESERVA_COLECTIVA_ID, CLIENTE_ID) VALUES (320, 0, 6672, TO_DATE('2020-05-03', 'YYYY-MM-DD'), 3, 34);
INSERT INTO OFERTA (ID, DIA, PRECIO, ALOJAMIENTO_ID, RESERVA_ID) VALUES (514, TO_DATE('2020-05-03', 'YYYY-MM-DD'), 6635, 132, 320);
UPDATE ALOJAMIENTO SET ULTIMA_RESERVA = TO_DATE('2020-05-03', 'YYYY-MM-DD') WHERE ID = 132;
INSERT INTO OFERTA (ID, DIA, PRECIO, ALOJAMIENTO_ID, RESERVA_ID) VALUES (515, TO_DATE('2020-05-03', 'YYYY-MM-DD'), 468, 35, 320);
UPDATE ALOJAMIENTO SET ULTIMA_RESERVA = TO_DATE('2020-05-03', 'YYYY-MM-DD') WHERE ID = 35;
INSERT INTO OFERTA (ID, DIA, PRECIO, ALOJAMIENTO_ID, RESERVA_ID) VALUES (516, TO_DATE('2020-05-03', 'YYYY-MM-DD'), 7372, 144, 320);
UPDATE ALOJAMIENTO SET ULTIMA_RESERVA = TO_DATE('2020-05-03', 'YYYY-MM-DD') WHERE ID = 144;
INSERT INTO OFERTA (ID, DIA, PRECIO, ALOJAMIENTO_ID, RESERVA_ID) VALUES (517, TO_DATE('2020-05-03', 'YYYY-MM-DD'), 7443, 145, 320);
UPDATE ALOJAMIENTO SET ULTIMA_RESERVA = TO_DATE('2020-05-03', 'YYYY-MM-DD') WHERE ID = 145;
INSERT INTO OFERTA (ID, DIA, PRECIO, ALOJAMIENTO_ID, RESERVA_ID) VALUES (518, TO_DATE('2020-05-03', 'YYYY-MM-DD'), 5640, 30, 320);
UPDATE ALOJAMIENTO SET ULTIMA_RESERVA = TO_DATE('2020-05-03', 'YYYY-MM-DD') WHERE ID = 30;
INSERT INTO RESERVA (ID, ESTADO, VALOR_TOTAL, FECHA_REALIZACION, CLIENTE_ID) VALUES (321, 1, 6730, TO_DATE('2020-05-03', 'YYYY-MM-DD'), 20);
INSERT INTO RESERVA (ID, ESTADO, VALOR_TOTAL, FECHA_REALIZACION, RESERVA_COLECTIVA_ID, CLIENTE_ID) VALUES (322, 1, 6413, TO_DATE('2020-05-03', 'YYYY-MM-DD'), 2, 24);
INSERT INTO RESERVA (ID, ESTADO, VALOR_TOTAL, FECHA_REALIZACION, RESERVA_COLECTIVA_ID, CLIENTE_ID) VALUES (323, 0, 9551, TO_DATE('2020-05-03', 'YYYY-MM-DD'), 10, 29);
INSERT INTO OFERTA (ID, DIA, PRECIO, ALOJAMIENTO_ID, RESERVA_ID) VALUES (519, TO_DATE('2020-05-03', 'YYYY-MM-DD'), 1459, 9, 323);
UPDATE ALOJAMIENTO SET ULTIMA_RESERVA = TO_DATE('2020-05-03', 'YYYY-MM-DD') WHERE ID = 9;
INSERT INTO OFERTA (ID, DIA, PRECIO, ALOJAMIENTO_ID, RESERVA_ID) VALUES (520, TO_DATE('2020-05-03', 'YYYY-MM-DD'), 6886, 68, 323);
UPDATE ALOJAMIENTO SET ULTIMA_RESERVA = TO_DATE('2020-05-03', 'YYYY-MM-DD') WHERE ID = 68;
INSERT INTO OFERTA (ID, DIA, PRECIO, ALOJAMIENTO_ID, RESERVA_ID) VALUES (521, TO_DATE('2020-05-03', 'YYYY-MM-DD'), 2160, 35, 323);
UPDATE ALOJAMIENTO SET ULTIMA_RESERVA = TO_DATE('2020-05-03', 'YYYY-MM-DD') WHERE ID = 35;
INSERT INTO RESERVA (ID, ESTADO, VALOR_TOTAL, FECHA_REALIZACION, CLIENTE_ID) VALUES (324, 0, 6675, TO_DATE('2020-05-03', 'YYYY-MM-DD'), 17);
INSERT INTO RESERVA (ID, ESTADO, VALOR_TOTAL, FECHA_REALIZACION, RESERVA_COLECTIVA_ID, CLIENTE_ID) VALUES (325, 0, 1496, TO_DATE('2020-05-03', 'YYYY-MM-DD'), 10, 0);
INSERT INTO RESERVA (ID, ESTADO, VALOR_TOTAL, FECHA_REALIZACION, RESERVA_COLECTIVA_ID, CLIENTE_ID) VALUES (326, 0, 2126, TO_DATE('2020-05-03', 'YYYY-MM-DD'), 2, 13);
INSERT INTO OFERTA (ID, DIA, PRECIO, ALOJAMIENTO_ID, RESERVA_ID) VALUES (522, TO_DATE('2020-05-03', 'YYYY-MM-DD'), 1368, 3, 324);
UPDATE ALOJAMIENTO SET ULTIMA_RESERVA = TO_DATE('2020-05-03', 'YYYY-MM-DD') WHERE ID = 3;
INSERT INTO OFERTA (ID, DIA, PRECIO, ALOJAMIENTO_ID, RESERVA_ID) VALUES (523, TO_DATE('2020-05-03', 'YYYY-MM-DD'), 3975, 2, 326);
UPDATE ALOJAMIENTO SET ULTIMA_RESERVA = TO_DATE('2020-05-03', 'YYYY-MM-DD') WHERE ID = 2;
INSERT INTO OFERTA (ID, DIA, PRECIO, ALOJAMIENTO_ID, RESERVA_ID) VALUES (524, TO_DATE('2020-05-03', 'YYYY-MM-DD'), 24, 136, 324);
UPDATE ALOJAMIENTO SET ULTIMA_RESERVA = TO_DATE('2020-05-03', 'YYYY-MM-DD') WHERE ID = 136;
INSERT INTO OFERTA (ID, DIA, PRECIO, ALOJAMIENTO_ID, RESERVA_ID) VALUES (525, TO_DATE('2020-05-03', 'YYYY-MM-DD'), 9607, 90, 325);
UPDATE ALOJAMIENTO SET ULTIMA_RESERVA = TO_DATE('2020-05-03', 'YYYY-MM-DD') WHERE ID = 90;
INSERT INTO OFERTA (ID, DIA, PRECIO, ALOJAMIENTO_ID, RESERVA_ID) VALUES (526, TO_DATE('2020-05-03', 'YYYY-MM-DD'), 496, 124, 325);
UPDATE ALOJAMIENTO SET ULTIMA_RESERVA = TO_DATE('2020-05-03', 'YYYY-MM-DD') WHERE ID = 124;
INSERT INTO OFERTA (ID, DIA, PRECIO, ALOJAMIENTO_ID, RESERVA_ID) VALUES (527, TO_DATE('2020-05-03', 'YYYY-MM-DD'), 8625, 121, 326);
UPDATE ALOJAMIENTO SET ULTIMA_RESERVA = TO_DATE('2020-05-03', 'YYYY-MM-DD') WHERE ID = 121;
INSERT INTO RESERVA (ID, ESTADO, VALOR_TOTAL, FECHA_REALIZACION, CLIENTE_ID) VALUES (327, 1, 8584, TO_DATE('2020-05-03', 'YYYY-MM-DD'), 10);
INSERT INTO RESERVA (ID, ESTADO, VALOR_TOTAL, FECHA_REALIZACION, RESERVA_COLECTIVA_ID, CLIENTE_ID) VALUES (328, 0, 9232, TO_DATE('2020-05-03', 'YYYY-MM-DD'), 9, 8);
INSERT INTO RESERVA (ID, ESTADO, VALOR_TOTAL, FECHA_REALIZACION, RESERVA_COLECTIVA_ID, CLIENTE_ID) VALUES (329, 0, 9695, TO_DATE('2020-05-03', 'YYYY-MM-DD'), 10, 8);
INSERT INTO OFERTA (ID, DIA, PRECIO, ALOJAMIENTO_ID, RESERVA_ID) VALUES (528, TO_DATE('2020-05-03', 'YYYY-MM-DD'), 1719, 25, 328);
UPDATE ALOJAMIENTO SET ULTIMA_RESERVA = TO_DATE('2020-05-03', 'YYYY-MM-DD') WHERE ID = 25;
INSERT INTO OFERTA (ID, DIA, PRECIO, ALOJAMIENTO_ID, RESERVA_ID) VALUES (529, TO_DATE('2020-05-03', 'YYYY-MM-DD'), 3915, 57, 328);
UPDATE ALOJAMIENTO SET ULTIMA_RESERVA = TO_DATE('2020-05-03', 'YYYY-MM-DD') WHERE ID = 57;
INSERT INTO OFERTA (ID, DIA, PRECIO, ALOJAMIENTO_ID, RESERVA_ID) VALUES (530, TO_DATE('2020-05-03', 'YYYY-MM-DD'), 3193, 45, 329);
UPDATE ALOJAMIENTO SET ULTIMA_RESERVA = TO_DATE('2020-05-03', 'YYYY-MM-DD') WHERE ID = 45;
INSERT INTO RESERVA (ID, ESTADO, VALOR_TOTAL, FECHA_REALIZACION, CLIENTE_ID) VALUES (330, 1, 9337, TO_DATE('2020-05-03', 'YYYY-MM-DD'), 31);
INSERT INTO RESERVA (ID, ESTADO, VALOR_TOTAL, FECHA_REALIZACION, RESERVA_COLECTIVA_ID, CLIENTE_ID) VALUES (331, 0, 405, TO_DATE('2020-05-03', 'YYYY-MM-DD'), 1, 37);
INSERT INTO RESERVA (ID, ESTADO, VALOR_TOTAL, FECHA_REALIZACION, RESERVA_COLECTIVA_ID, CLIENTE_ID) VALUES (332, 0, 4569, TO_DATE('2020-05-03', 'YYYY-MM-DD'), 10, 44);
INSERT INTO OFERTA (ID, DIA, PRECIO, ALOJAMIENTO_ID, RESERVA_ID) VALUES (531, TO_DATE('2020-05-03', 'YYYY-MM-DD'), 7390, 17, 330);
UPDATE ALOJAMIENTO SET ULTIMA_RESERVA = TO_DATE('2020-05-03', 'YYYY-MM-DD') WHERE ID = 17;
INSERT INTO OFERTA (ID, DIA, PRECIO, ALOJAMIENTO_ID, RESERVA_ID) VALUES (532, TO_DATE('2020-05-03', 'YYYY-MM-DD'), 9913, 178, 331);
UPDATE ALOJAMIENTO SET ULTIMA_RESERVA = TO_DATE('2020-05-03', 'YYYY-MM-DD') WHERE ID = 178;
INSERT INTO OFERTA (ID, DIA, PRECIO, ALOJAMIENTO_ID, RESERVA_ID) VALUES (533, TO_DATE('2020-05-03', 'YYYY-MM-DD'), 5421, 4, 332);
UPDATE ALOJAMIENTO SET ULTIMA_RESERVA = TO_DATE('2020-05-03', 'YYYY-MM-DD') WHERE ID = 4;
INSERT INTO RESERVA (ID, ESTADO, VALOR_TOTAL, FECHA_REALIZACION, CLIENTE_ID) VALUES (333, 0, 1919, TO_DATE('2020-05-03', 'YYYY-MM-DD'), 6);
INSERT INTO RESERVA (ID, ESTADO, VALOR_TOTAL, FECHA_REALIZACION, RESERVA_COLECTIVA_ID, CLIENTE_ID) VALUES (334, 0, 5326, TO_DATE('2020-05-03', 'YYYY-MM-DD'), 7, 20);
INSERT INTO RESERVA (ID, ESTADO, VALOR_TOTAL, FECHA_REALIZACION, RESERVA_COLECTIVA_ID, CLIENTE_ID) VALUES (335, 0, 2224, TO_DATE('2020-05-03', 'YYYY-MM-DD'), 7, 36);
INSERT INTO OFERTA (ID, DIA, PRECIO, ALOJAMIENTO_ID, RESERVA_ID) VALUES (534, TO_DATE('2020-05-03', 'YYYY-MM-DD'), 5706, 101, 334);
UPDATE ALOJAMIENTO SET ULTIMA_RESERVA = TO_DATE('2020-05-03', 'YYYY-MM-DD') WHERE ID = 101;
INSERT INTO OFERTA (ID, DIA, PRECIO, ALOJAMIENTO_ID, RESERVA_ID) VALUES (535, TO_DATE('2020-05-03', 'YYYY-MM-DD'), 4161, 112, 333);
UPDATE ALOJAMIENTO SET ULTIMA_RESERVA = TO_DATE('2020-05-03', 'YYYY-MM-DD') WHERE ID = 112;
INSERT INTO OFERTA (ID, DIA, PRECIO, ALOJAMIENTO_ID, RESERVA_ID) VALUES (536, TO_DATE('2020-05-03', 'YYYY-MM-DD'), 187, 54, 334);
UPDATE ALOJAMIENTO SET ULTIMA_RESERVA = TO_DATE('2020-05-03', 'YYYY-MM-DD') WHERE ID = 54;
INSERT INTO OFERTA (ID, DIA, PRECIO, ALOJAMIENTO_ID, RESERVA_ID) VALUES (537, TO_DATE('2020-05-03', 'YYYY-MM-DD'), 681, 59, 334);
UPDATE ALOJAMIENTO SET ULTIMA_RESERVA = TO_DATE('2020-05-03', 'YYYY-MM-DD') WHERE ID = 59;
INSERT INTO OFERTA (ID, DIA, PRECIO, ALOJAMIENTO_ID, RESERVA_ID) VALUES (538, TO_DATE('2020-05-03', 'YYYY-MM-DD'), 1127, 185, 333);
UPDATE ALOJAMIENTO SET ULTIMA_RESERVA = TO_DATE('2020-05-03', 'YYYY-MM-DD') WHERE ID = 185;
INSERT INTO RESERVA (ID, ESTADO, VALOR_TOTAL, FECHA_REALIZACION, CLIENTE_ID) VALUES (336, 0, 450, TO_DATE('2020-05-03', 'YYYY-MM-DD'), 0);
INSERT INTO RESERVA (ID, ESTADO, VALOR_TOTAL, FECHA_REALIZACION, RESERVA_COLECTIVA_ID, CLIENTE_ID) VALUES (337, 1, 344, TO_DATE('2020-05-03', 'YYYY-MM-DD'), 7, 46);
INSERT INTO OFERTA (ID, DIA, PRECIO, ALOJAMIENTO_ID, RESERVA_ID) VALUES (539, TO_DATE('2020-05-03', 'YYYY-MM-DD'), 3071, 160, 336);
UPDATE ALOJAMIENTO SET ULTIMA_RESERVA = TO_DATE('2020-05-03', 'YYYY-MM-DD') WHERE ID = 160;
INSERT INTO OFERTA (ID, DIA, PRECIO, ALOJAMIENTO_ID, RESERVA_ID) VALUES (540, TO_DATE('2020-05-03', 'YYYY-MM-DD'), 6796, 26, 337);
UPDATE ALOJAMIENTO SET ULTIMA_RESERVA = TO_DATE('2020-05-03', 'YYYY-MM-DD') WHERE ID = 26;
INSERT INTO OFERTA (ID, DIA, PRECIO, ALOJAMIENTO_ID, RESERVA_ID) VALUES (541, TO_DATE('2020-05-03', 'YYYY-MM-DD'), 9277, 95, 337);
UPDATE ALOJAMIENTO SET ULTIMA_RESERVA = TO_DATE('2020-05-03', 'YYYY-MM-DD') WHERE ID = 95;
INSERT INTO OFERTA (ID, DIA, PRECIO, ALOJAMIENTO_ID, RESERVA_ID) VALUES (542, TO_DATE('2020-05-03', 'YYYY-MM-DD'), 659, 60, 336);
UPDATE ALOJAMIENTO SET ULTIMA_RESERVA = TO_DATE('2020-05-03', 'YYYY-MM-DD') WHERE ID = 60;
INSERT INTO RESERVA (ID, ESTADO, VALOR_TOTAL, FECHA_REALIZACION, RESERVA_COLECTIVA_ID, CLIENTE_ID) VALUES (338, 0, 2181, TO_DATE('2020-05-03', 'YYYY-MM-DD'), 2, 18);
INSERT INTO OFERTA (ID, DIA, PRECIO, ALOJAMIENTO_ID, RESERVA_ID) VALUES (543, TO_DATE('2020-05-03', 'YYYY-MM-DD'), 361, 128, 338);
UPDATE ALOJAMIENTO SET ULTIMA_RESERVA = TO_DATE('2020-05-03', 'YYYY-MM-DD') WHERE ID = 128;
INSERT INTO OFERTA (ID, DIA, PRECIO, ALOJAMIENTO_ID, RESERVA_ID) VALUES (544, TO_DATE('2020-05-03', 'YYYY-MM-DD'), 8879, 45, 338);
UPDATE ALOJAMIENTO SET ULTIMA_RESERVA = TO_DATE('2020-05-03', 'YYYY-MM-DD') WHERE ID = 45;
INSERT INTO OFERTA (ID, DIA, PRECIO, ALOJAMIENTO_ID, RESERVA_ID) VALUES (545, TO_DATE('2020-05-03', 'YYYY-MM-DD'), 6287, 131, 338);
UPDATE ALOJAMIENTO SET ULTIMA_RESERVA = TO_DATE('2020-05-03', 'YYYY-MM-DD') WHERE ID = 131;
INSERT INTO OFERTA (ID, DIA, PRECIO, ALOJAMIENTO_ID, RESERVA_ID) VALUES (546, TO_DATE('2020-05-03', 'YYYY-MM-DD'), 7978, 0, 338);
UPDATE ALOJAMIENTO SET ULTIMA_RESERVA = TO_DATE('2020-05-03', 'YYYY-MM-DD') WHERE ID = 0;
INSERT INTO OFERTA (ID, DIA, PRECIO, ALOJAMIENTO_ID, RESERVA_ID) VALUES (547, TO_DATE('2020-05-03', 'YYYY-MM-DD'), 6098, 104, 338);
UPDATE ALOJAMIENTO SET ULTIMA_RESERVA = TO_DATE('2020-05-03', 'YYYY-MM-DD') WHERE ID = 104;
INSERT INTO OFERTA (ID, DIA, PRECIO, ALOJAMIENTO_ID, RESERVA_ID) VALUES (548, TO_DATE('2020-05-03', 'YYYY-MM-DD'), 7115, 119, 338);
UPDATE ALOJAMIENTO SET ULTIMA_RESERVA = TO_DATE('2020-05-03', 'YYYY-MM-DD') WHERE ID = 119;
INSERT INTO RESERVA (ID, ESTADO, VALOR_TOTAL, FECHA_REALIZACION, CLIENTE_ID) VALUES (339, 0, 5513, TO_DATE('2020-05-03', 'YYYY-MM-DD'), 35);
INSERT INTO RESERVA (ID, ESTADO, VALOR_TOTAL, FECHA_REALIZACION, RESERVA_COLECTIVA_ID, CLIENTE_ID) VALUES (340, 0, 6982, TO_DATE('2020-05-03', 'YYYY-MM-DD'), 10, 7);
INSERT INTO RESERVA (ID, ESTADO, VALOR_TOTAL, FECHA_REALIZACION, RESERVA_COLECTIVA_ID, CLIENTE_ID) VALUES (341, 1, 5362, TO_DATE('2020-05-03', 'YYYY-MM-DD'), 5, 6);
INSERT INTO OFERTA (ID, DIA, PRECIO, ALOJAMIENTO_ID, RESERVA_ID) VALUES (549, TO_DATE('2020-05-03', 'YYYY-MM-DD'), 4571, 92, 341);
UPDATE ALOJAMIENTO SET ULTIMA_RESERVA = TO_DATE('2020-05-03', 'YYYY-MM-DD') WHERE ID = 92;
INSERT INTO OFERTA (ID, DIA, PRECIO, ALOJAMIENTO_ID, RESERVA_ID) VALUES (550, TO_DATE('2020-05-03', 'YYYY-MM-DD'), 8845, 23, 341);
UPDATE ALOJAMIENTO SET ULTIMA_RESERVA = TO_DATE('2020-05-03', 'YYYY-MM-DD') WHERE ID = 23;
INSERT INTO OFERTA (ID, DIA, PRECIO, ALOJAMIENTO_ID, RESERVA_ID) VALUES (551, TO_DATE('2020-05-03', 'YYYY-MM-DD'), 1002, 133, 340);
UPDATE ALOJAMIENTO SET ULTIMA_RESERVA = TO_DATE('2020-05-03', 'YYYY-MM-DD') WHERE ID = 133;
INSERT INTO OFERTA (ID, DIA, PRECIO, ALOJAMIENTO_ID, RESERVA_ID) VALUES (552, TO_DATE('2020-05-03', 'YYYY-MM-DD'), 3588, 183, 339);
UPDATE ALOJAMIENTO SET ULTIMA_RESERVA = TO_DATE('2020-05-03', 'YYYY-MM-DD') WHERE ID = 183;
INSERT INTO OFERTA (ID, DIA, PRECIO, ALOJAMIENTO_ID, RESERVA_ID) VALUES (553, TO_DATE('2020-05-03', 'YYYY-MM-DD'), 4909, 148, 339);
UPDATE ALOJAMIENTO SET ULTIMA_RESERVA = TO_DATE('2020-05-03', 'YYYY-MM-DD') WHERE ID = 148;
INSERT INTO OFERTA (ID, DIA, PRECIO, ALOJAMIENTO_ID, RESERVA_ID) VALUES (554, TO_DATE('2020-05-03', 'YYYY-MM-DD'), 5770, 106, 339);
UPDATE ALOJAMIENTO SET ULTIMA_RESERVA = TO_DATE('2020-05-03', 'YYYY-MM-DD') WHERE ID = 106;
INSERT INTO RESERVA (ID, ESTADO, VALOR_TOTAL, FECHA_REALIZACION, CLIENTE_ID) VALUES (342, 0, 1321, TO_DATE('2020-05-03', 'YYYY-MM-DD'), 48);
INSERT INTO RESERVA (ID, ESTADO, VALOR_TOTAL, FECHA_REALIZACION, RESERVA_COLECTIVA_ID, CLIENTE_ID) VALUES (343, 0, 6788, TO_DATE('2020-05-03', 'YYYY-MM-DD'), 6, 3);
INSERT INTO OFERTA (ID, DIA, PRECIO, ALOJAMIENTO_ID, RESERVA_ID) VALUES (555, TO_DATE('2020-05-03', 'YYYY-MM-DD'), 9290, 148, 343);
UPDATE ALOJAMIENTO SET ULTIMA_RESERVA = TO_DATE('2020-05-03', 'YYYY-MM-DD') WHERE ID = 148;
INSERT INTO OFERTA (ID, DIA, PRECIO, ALOJAMIENTO_ID, RESERVA_ID) VALUES (556, TO_DATE('2020-05-03', 'YYYY-MM-DD'), 2459, 146, 342);
UPDATE ALOJAMIENTO SET ULTIMA_RESERVA = TO_DATE('2020-05-03', 'YYYY-MM-DD') WHERE ID = 146;
INSERT INTO OFERTA (ID, DIA, PRECIO, ALOJAMIENTO_ID, RESERVA_ID) VALUES (557, TO_DATE('2020-05-03', 'YYYY-MM-DD'), 868, 37, 343);
UPDATE ALOJAMIENTO SET ULTIMA_RESERVA = TO_DATE('2020-05-03', 'YYYY-MM-DD') WHERE ID = 37;
INSERT INTO OFERTA (ID, DIA, PRECIO, ALOJAMIENTO_ID, RESERVA_ID) VALUES (558, TO_DATE('2020-05-03', 'YYYY-MM-DD'), 419, 122, 343);
UPDATE ALOJAMIENTO SET ULTIMA_RESERVA = TO_DATE('2020-05-03', 'YYYY-MM-DD') WHERE ID = 122;
INSERT INTO OFERTA (ID, DIA, PRECIO, ALOJAMIENTO_ID, RESERVA_ID) VALUES (559, TO_DATE('2020-05-03', 'YYYY-MM-DD'), 2754, 81, 342);
UPDATE ALOJAMIENTO SET ULTIMA_RESERVA = TO_DATE('2020-05-03', 'YYYY-MM-DD') WHERE ID = 81;
INSERT INTO RESERVA (ID, ESTADO, VALOR_TOTAL, FECHA_REALIZACION, CLIENTE_ID) VALUES (344, 0, 4234, TO_DATE('2020-05-03', 'YYYY-MM-DD'), 23);
INSERT INTO RESERVA (ID, ESTADO, VALOR_TOTAL, FECHA_REALIZACION, RESERVA_COLECTIVA_ID, CLIENTE_ID) VALUES (345, 1, 7595, TO_DATE('2020-05-03', 'YYYY-MM-DD'), 3, 18);
INSERT INTO OFERTA (ID, DIA, PRECIO, ALOJAMIENTO_ID, RESERVA_ID) VALUES (560, TO_DATE('2020-05-03', 'YYYY-MM-DD'), 7196, 38, 345);
UPDATE ALOJAMIENTO SET ULTIMA_RESERVA = TO_DATE('2020-05-03', 'YYYY-MM-DD') WHERE ID = 38;
INSERT INTO RESERVA (ID, ESTADO, VALOR_TOTAL, FECHA_REALIZACION, CLIENTE_ID) VALUES (346, 1, 5572, TO_DATE('2020-05-03', 'YYYY-MM-DD'), 7);
INSERT INTO RESERVA (ID, ESTADO, VALOR_TOTAL, FECHA_REALIZACION, RESERVA_COLECTIVA_ID, CLIENTE_ID) VALUES (347, 0, 3133, TO_DATE('2020-05-03', 'YYYY-MM-DD'), 5, 19);
INSERT INTO RESERVA (ID, ESTADO, VALOR_TOTAL, FECHA_REALIZACION, RESERVA_COLECTIVA_ID, CLIENTE_ID) VALUES (348, 0, 8803, TO_DATE('2020-05-03', 'YYYY-MM-DD'), 1, 32);
INSERT INTO OFERTA (ID, DIA, PRECIO, ALOJAMIENTO_ID, RESERVA_ID) VALUES (561, TO_DATE('2020-05-03', 'YYYY-MM-DD'), 9754, 81, 348);
UPDATE ALOJAMIENTO SET ULTIMA_RESERVA = TO_DATE('2020-05-03', 'YYYY-MM-DD') WHERE ID = 81;
INSERT INTO OFERTA (ID, DIA, PRECIO, ALOJAMIENTO_ID, RESERVA_ID) VALUES (562, TO_DATE('2020-05-03', 'YYYY-MM-DD'), 3941, 182, 348);
UPDATE ALOJAMIENTO SET ULTIMA_RESERVA = TO_DATE('2020-05-03', 'YYYY-MM-DD') WHERE ID = 182;
INSERT INTO OFERTA (ID, DIA, PRECIO, ALOJAMIENTO_ID, RESERVA_ID) VALUES (563, TO_DATE('2020-05-03', 'YYYY-MM-DD'), 425, 164, 347);
UPDATE ALOJAMIENTO SET ULTIMA_RESERVA = TO_DATE('2020-05-03', 'YYYY-MM-DD') WHERE ID = 164;
INSERT INTO RESERVA (ID, ESTADO, VALOR_TOTAL, FECHA_REALIZACION, CLIENTE_ID) VALUES (349, 1, 9344, TO_DATE('2020-05-03', 'YYYY-MM-DD'), 22);
INSERT INTO RESERVA (ID, ESTADO, VALOR_TOTAL, FECHA_REALIZACION, RESERVA_COLECTIVA_ID, CLIENTE_ID) VALUES (350, 0, 6092, TO_DATE('2020-05-03', 'YYYY-MM-DD'), 1, 16);
INSERT INTO RESERVA (ID, ESTADO, VALOR_TOTAL, FECHA_REALIZACION, RESERVA_COLECTIVA_ID, CLIENTE_ID) VALUES (351, 1, 7137, TO_DATE('2020-05-03', 'YYYY-MM-DD'), 8, 25);
INSERT INTO OFERTA (ID, DIA, PRECIO, ALOJAMIENTO_ID, RESERVA_ID) VALUES (564, TO_DATE('2020-05-03', 'YYYY-MM-DD'), 5267, 148, 351);
UPDATE ALOJAMIENTO SET ULTIMA_RESERVA = TO_DATE('2020-05-03', 'YYYY-MM-DD') WHERE ID = 148;
INSERT INTO OFERTA (ID, DIA, PRECIO, ALOJAMIENTO_ID, RESERVA_ID) VALUES (565, TO_DATE('2020-05-03', 'YYYY-MM-DD'), 3845, 112, 350);
UPDATE ALOJAMIENTO SET ULTIMA_RESERVA = TO_DATE('2020-05-03', 'YYYY-MM-DD') WHERE ID = 112;
INSERT INTO OFERTA (ID, DIA, PRECIO, ALOJAMIENTO_ID, RESERVA_ID) VALUES (566, TO_DATE('2020-05-03', 'YYYY-MM-DD'), 2697, 151, 351);
UPDATE ALOJAMIENTO SET ULTIMA_RESERVA = TO_DATE('2020-05-03', 'YYYY-MM-DD') WHERE ID = 151;
INSERT INTO OFERTA (ID, DIA, PRECIO, ALOJAMIENTO_ID, RESERVA_ID) VALUES (567, TO_DATE('2020-05-03', 'YYYY-MM-DD'), 2127, 110, 351);
UPDATE ALOJAMIENTO SET ULTIMA_RESERVA = TO_DATE('2020-05-03', 'YYYY-MM-DD') WHERE ID = 110;
INSERT INTO RESERVA (ID, ESTADO, VALOR_TOTAL, FECHA_REALIZACION, CLIENTE_ID) VALUES (352, 0, 6305, TO_DATE('2020-05-03', 'YYYY-MM-DD'), 10);
INSERT INTO RESERVA (ID, ESTADO, VALOR_TOTAL, FECHA_REALIZACION, RESERVA_COLECTIVA_ID, CLIENTE_ID) VALUES (353, 0, 5230, TO_DATE('2020-05-03', 'YYYY-MM-DD'), 5, 45);
INSERT INTO OFERTA (ID, DIA, PRECIO, ALOJAMIENTO_ID, RESERVA_ID) VALUES (568, TO_DATE('2020-05-03', 'YYYY-MM-DD'), 858, 8, 353);
UPDATE ALOJAMIENTO SET ULTIMA_RESERVA = TO_DATE('2020-05-03', 'YYYY-MM-DD') WHERE ID = 8;
INSERT INTO OFERTA (ID, DIA, PRECIO, ALOJAMIENTO_ID, RESERVA_ID) VALUES (569, TO_DATE('2020-05-03', 'YYYY-MM-DD'), 5710, 158, 352);
UPDATE ALOJAMIENTO SET ULTIMA_RESERVA = TO_DATE('2020-05-03', 'YYYY-MM-DD') WHERE ID = 158;
INSERT INTO OFERTA (ID, DIA, PRECIO, ALOJAMIENTO_ID, RESERVA_ID) VALUES (570, TO_DATE('2020-05-03', 'YYYY-MM-DD'), 9379, 178, 352);
UPDATE ALOJAMIENTO SET ULTIMA_RESERVA = TO_DATE('2020-05-03', 'YYYY-MM-DD') WHERE ID = 178;
INSERT INTO OFERTA (ID, DIA, PRECIO, ALOJAMIENTO_ID, RESERVA_ID) VALUES (571, TO_DATE('2020-05-03', 'YYYY-MM-DD'), 1594, 76, 353);
UPDATE ALOJAMIENTO SET ULTIMA_RESERVA = TO_DATE('2020-05-03', 'YYYY-MM-DD') WHERE ID = 76;
INSERT INTO OFERTA (ID, DIA, PRECIO, ALOJAMIENTO_ID, RESERVA_ID) VALUES (572, TO_DATE('2020-05-03', 'YYYY-MM-DD'), 1735, 173, 353);
UPDATE ALOJAMIENTO SET ULTIMA_RESERVA = TO_DATE('2020-05-03', 'YYYY-MM-DD') WHERE ID = 173;
INSERT INTO RESERVA (ID, ESTADO, VALOR_TOTAL, FECHA_REALIZACION, CLIENTE_ID) VALUES (354, 0, 6458, TO_DATE('2020-05-03', 'YYYY-MM-DD'), 28);
INSERT INTO RESERVA (ID, ESTADO, VALOR_TOTAL, FECHA_REALIZACION, RESERVA_COLECTIVA_ID, CLIENTE_ID) VALUES (355, 1, 9866, TO_DATE('2020-05-03', 'YYYY-MM-DD'), 0, 2);
INSERT INTO RESERVA (ID, ESTADO, VALOR_TOTAL, FECHA_REALIZACION, RESERVA_COLECTIVA_ID, CLIENTE_ID) VALUES (356, 0, 3663, TO_DATE('2020-05-03', 'YYYY-MM-DD'), 1, 29);
INSERT INTO OFERTA (ID, DIA, PRECIO, ALOJAMIENTO_ID, RESERVA_ID) VALUES (573, TO_DATE('2020-05-03', 'YYYY-MM-DD'), 9406, 131, 354);
UPDATE ALOJAMIENTO SET ULTIMA_RESERVA = TO_DATE('2020-05-03', 'YYYY-MM-DD') WHERE ID = 131;
INSERT INTO OFERTA (ID, DIA, PRECIO, ALOJAMIENTO_ID, RESERVA_ID) VALUES (574, TO_DATE('2020-05-03', 'YYYY-MM-DD'), 7150, 21, 355);
UPDATE ALOJAMIENTO SET ULTIMA_RESERVA = TO_DATE('2020-05-03', 'YYYY-MM-DD') WHERE ID = 21;
INSERT INTO RESERVA (ID, ESTADO, VALOR_TOTAL, FECHA_REALIZACION, CLIENTE_ID) VALUES (357, 0, 1426, TO_DATE('2020-05-03', 'YYYY-MM-DD'), 38);
INSERT INTO RESERVA (ID, ESTADO, VALOR_TOTAL, FECHA_REALIZACION, RESERVA_COLECTIVA_ID, CLIENTE_ID) VALUES (358, 0, 893, TO_DATE('2020-05-03', 'YYYY-MM-DD'), 0, 11);
INSERT INTO RESERVA (ID, ESTADO, VALOR_TOTAL, FECHA_REALIZACION, RESERVA_COLECTIVA_ID, CLIENTE_ID) VALUES (359, 0, 5877, TO_DATE('2020-05-03', 'YYYY-MM-DD'), 5, 3);
INSERT INTO OFERTA (ID, DIA, PRECIO, ALOJAMIENTO_ID, RESERVA_ID) VALUES (575, TO_DATE('2020-05-03', 'YYYY-MM-DD'), 8619, 128, 358);
UPDATE ALOJAMIENTO SET ULTIMA_RESERVA = TO_DATE('2020-05-03', 'YYYY-MM-DD') WHERE ID = 128;
INSERT INTO OFERTA (ID, DIA, PRECIO, ALOJAMIENTO_ID, RESERVA_ID) VALUES (576, TO_DATE('2020-05-03', 'YYYY-MM-DD'), 1685, 82, 357);
UPDATE ALOJAMIENTO SET ULTIMA_RESERVA = TO_DATE('2020-05-03', 'YYYY-MM-DD') WHERE ID = 82;
INSERT INTO OFERTA (ID, DIA, PRECIO, ALOJAMIENTO_ID, RESERVA_ID) VALUES (577, TO_DATE('2020-05-03', 'YYYY-MM-DD'), 7126, 144, 357);
UPDATE ALOJAMIENTO SET ULTIMA_RESERVA = TO_DATE('2020-05-03', 'YYYY-MM-DD') WHERE ID = 144;
INSERT INTO OFERTA (ID, DIA, PRECIO, ALOJAMIENTO_ID, RESERVA_ID) VALUES (578, TO_DATE('2020-05-03', 'YYYY-MM-DD'), 9944, 168, 358);
UPDATE ALOJAMIENTO SET ULTIMA_RESERVA = TO_DATE('2020-05-03', 'YYYY-MM-DD') WHERE ID = 168;
INSERT INTO OFERTA (ID, DIA, PRECIO, ALOJAMIENTO_ID, RESERVA_ID) VALUES (579, TO_DATE('2020-05-03', 'YYYY-MM-DD'), 3856, 79, 358);
UPDATE ALOJAMIENTO SET ULTIMA_RESERVA = TO_DATE('2020-05-03', 'YYYY-MM-DD') WHERE ID = 79;
INSERT INTO RESERVA (ID, ESTADO, VALOR_TOTAL, FECHA_REALIZACION, CLIENTE_ID) VALUES (360, 1, 1408, TO_DATE('2020-05-03', 'YYYY-MM-DD'), 42);
INSERT INTO RESERVA (ID, ESTADO, VALOR_TOTAL, FECHA_REALIZACION, RESERVA_COLECTIVA_ID, CLIENTE_ID) VALUES (361, 0, 4417, TO_DATE('2020-05-03', 'YYYY-MM-DD'), 3, 13);
INSERT INTO OFERTA (ID, DIA, PRECIO, ALOJAMIENTO_ID, RESERVA_ID) VALUES (580, TO_DATE('2020-05-03', 'YYYY-MM-DD'), 8576, 54, 360);
UPDATE ALOJAMIENTO SET ULTIMA_RESERVA = TO_DATE('2020-05-03', 'YYYY-MM-DD') WHERE ID = 54;
INSERT INTO OFERTA (ID, DIA, PRECIO, ALOJAMIENTO_ID, RESERVA_ID) VALUES (581, TO_DATE('2020-05-03', 'YYYY-MM-DD'), 453, 56, 360);
UPDATE ALOJAMIENTO SET ULTIMA_RESERVA = TO_DATE('2020-05-03', 'YYYY-MM-DD') WHERE ID = 56;
INSERT INTO RESERVA (ID, ESTADO, VALOR_TOTAL, FECHA_REALIZACION, CLIENTE_ID) VALUES (362, 0, 6021, TO_DATE('2020-05-03', 'YYYY-MM-DD'), 48);
INSERT INTO RESERVA (ID, ESTADO, VALOR_TOTAL, FECHA_REALIZACION, RESERVA_COLECTIVA_ID, CLIENTE_ID) VALUES (363, 1, 2122, TO_DATE('2020-05-03', 'YYYY-MM-DD'), 5, 14);
INSERT INTO OFERTA (ID, DIA, PRECIO, ALOJAMIENTO_ID, RESERVA_ID) VALUES (582, TO_DATE('2020-05-03', 'YYYY-MM-DD'), 1793, 170, 363);
UPDATE ALOJAMIENTO SET ULTIMA_RESERVA = TO_DATE('2020-05-03', 'YYYY-MM-DD') WHERE ID = 170;
INSERT INTO OFERTA (ID, DIA, PRECIO, ALOJAMIENTO_ID, RESERVA_ID) VALUES (583, TO_DATE('2020-05-03', 'YYYY-MM-DD'), 8681, 20, 362);
UPDATE ALOJAMIENTO SET ULTIMA_RESERVA = TO_DATE('2020-05-03', 'YYYY-MM-DD') WHERE ID = 20;
INSERT INTO OFERTA (ID, DIA, PRECIO, ALOJAMIENTO_ID, RESERVA_ID) VALUES (584, TO_DATE('2020-05-03', 'YYYY-MM-DD'), 7310, 185, 363);
UPDATE ALOJAMIENTO SET ULTIMA_RESERVA = TO_DATE('2020-05-03', 'YYYY-MM-DD') WHERE ID = 185;
INSERT INTO OFERTA (ID, DIA, PRECIO, ALOJAMIENTO_ID, RESERVA_ID) VALUES (585, TO_DATE('2020-05-03', 'YYYY-MM-DD'), 1708, 73, 362);
UPDATE ALOJAMIENTO SET ULTIMA_RESERVA = TO_DATE('2020-05-03', 'YYYY-MM-DD') WHERE ID = 73;
INSERT INTO OFERTA (ID, DIA, PRECIO, ALOJAMIENTO_ID, RESERVA_ID) VALUES (586, TO_DATE('2020-05-03', 'YYYY-MM-DD'), 2839, 104, 362);
UPDATE ALOJAMIENTO SET ULTIMA_RESERVA = TO_DATE('2020-05-03', 'YYYY-MM-DD') WHERE ID = 104;
INSERT INTO OFERTA (ID, DIA, PRECIO, ALOJAMIENTO_ID, RESERVA_ID) VALUES (587, TO_DATE('2020-05-03', 'YYYY-MM-DD'), 1641, 144, 362);
UPDATE ALOJAMIENTO SET ULTIMA_RESERVA = TO_DATE('2020-05-03', 'YYYY-MM-DD') WHERE ID = 144;
INSERT INTO RESERVA (ID, ESTADO, VALOR_TOTAL, FECHA_REALIZACION, CLIENTE_ID) VALUES (364, 1, 7834, TO_DATE('2020-05-03', 'YYYY-MM-DD'), 49);
INSERT INTO RESERVA (ID, ESTADO, VALOR_TOTAL, FECHA_REALIZACION, RESERVA_COLECTIVA_ID, CLIENTE_ID) VALUES (365, 0, 4823, TO_DATE('2020-05-03', 'YYYY-MM-DD'), 5, 17);
INSERT INTO RESERVA (ID, ESTADO, VALOR_TOTAL, FECHA_REALIZACION, RESERVA_COLECTIVA_ID, CLIENTE_ID) VALUES (366, 0, 5687, TO_DATE('2020-05-03', 'YYYY-MM-DD'), 1, 43);
INSERT INTO OFERTA (ID, DIA, PRECIO, ALOJAMIENTO_ID, RESERVA_ID) VALUES (588, TO_DATE('2020-05-03', 'YYYY-MM-DD'), 7502, 171, 365);
UPDATE ALOJAMIENTO SET ULTIMA_RESERVA = TO_DATE('2020-05-03', 'YYYY-MM-DD') WHERE ID = 171;
INSERT INTO OFERTA (ID, DIA, PRECIO, ALOJAMIENTO_ID, RESERVA_ID) VALUES (589, TO_DATE('2020-05-03', 'YYYY-MM-DD'), 5462, 167, 366);
UPDATE ALOJAMIENTO SET ULTIMA_RESERVA = TO_DATE('2020-05-03', 'YYYY-MM-DD') WHERE ID = 167;
INSERT INTO OFERTA (ID, DIA, PRECIO, ALOJAMIENTO_ID, RESERVA_ID) VALUES (590, TO_DATE('2020-05-03', 'YYYY-MM-DD'), 4492, 14, 366);
UPDATE ALOJAMIENTO SET ULTIMA_RESERVA = TO_DATE('2020-05-03', 'YYYY-MM-DD') WHERE ID = 14;
INSERT INTO OFERTA (ID, DIA, PRECIO, ALOJAMIENTO_ID, RESERVA_ID) VALUES (591, TO_DATE('2020-05-03', 'YYYY-MM-DD'), 5703, 168, 364);
UPDATE ALOJAMIENTO SET ULTIMA_RESERVA = TO_DATE('2020-05-03', 'YYYY-MM-DD') WHERE ID = 168;
INSERT INTO OFERTA (ID, DIA, PRECIO, ALOJAMIENTO_ID, RESERVA_ID) VALUES (592, TO_DATE('2020-05-03', 'YYYY-MM-DD'), 3405, 136, 364);
UPDATE ALOJAMIENTO SET ULTIMA_RESERVA = TO_DATE('2020-05-03', 'YYYY-MM-DD') WHERE ID = 136;
INSERT INTO RESERVA (ID, ESTADO, VALOR_TOTAL, FECHA_REALIZACION, CLIENTE_ID) VALUES (367, 0, 5079, TO_DATE('2020-05-03', 'YYYY-MM-DD'), 43);
INSERT INTO RESERVA (ID, ESTADO, VALOR_TOTAL, FECHA_REALIZACION, RESERVA_COLECTIVA_ID, CLIENTE_ID) VALUES (368, 0, 401, TO_DATE('2020-05-03', 'YYYY-MM-DD'), 9, 6);
INSERT INTO RESERVA (ID, ESTADO, VALOR_TOTAL, FECHA_REALIZACION, RESERVA_COLECTIVA_ID, CLIENTE_ID) VALUES (369, 1, 666, TO_DATE('2020-05-03', 'YYYY-MM-DD'), 1, 12);
INSERT INTO OFERTA (ID, DIA, PRECIO, ALOJAMIENTO_ID, RESERVA_ID) VALUES (593, TO_DATE('2020-05-03', 'YYYY-MM-DD'), 5790, 112, 369);
UPDATE ALOJAMIENTO SET ULTIMA_RESERVA = TO_DATE('2020-05-03', 'YYYY-MM-DD') WHERE ID = 112;
INSERT INTO OFERTA (ID, DIA, PRECIO, ALOJAMIENTO_ID, RESERVA_ID) VALUES (594, TO_DATE('2020-05-03', 'YYYY-MM-DD'), 4717, 49, 367);
UPDATE ALOJAMIENTO SET ULTIMA_RESERVA = TO_DATE('2020-05-03', 'YYYY-MM-DD') WHERE ID = 49;
INSERT INTO OFERTA (ID, DIA, PRECIO, ALOJAMIENTO_ID, RESERVA_ID) VALUES (595, TO_DATE('2020-05-03', 'YYYY-MM-DD'), 8031, 137, 367);
UPDATE ALOJAMIENTO SET ULTIMA_RESERVA = TO_DATE('2020-05-03', 'YYYY-MM-DD') WHERE ID = 137;
INSERT INTO RESERVA (ID, ESTADO, VALOR_TOTAL, FECHA_REALIZACION, RESERVA_COLECTIVA_ID, CLIENTE_ID) VALUES (370, 1, 3451, TO_DATE('2020-05-03', 'YYYY-MM-DD'), 7, 27);
INSERT INTO OFERTA (ID, DIA, PRECIO, ALOJAMIENTO_ID, RESERVA_ID) VALUES (596, TO_DATE('2020-05-03', 'YYYY-MM-DD'), 9865, 93, 370);
UPDATE ALOJAMIENTO SET ULTIMA_RESERVA = TO_DATE('2020-05-03', 'YYYY-MM-DD') WHERE ID = 93;
INSERT INTO OFERTA (ID, DIA, PRECIO, ALOJAMIENTO_ID, RESERVA_ID) VALUES (597, TO_DATE('2020-05-03', 'YYYY-MM-DD'), 27, 91, 370);
UPDATE ALOJAMIENTO SET ULTIMA_RESERVA = TO_DATE('2020-05-03', 'YYYY-MM-DD') WHERE ID = 91;
INSERT INTO OFERTA (ID, DIA, PRECIO, ALOJAMIENTO_ID, RESERVA_ID) VALUES (598, TO_DATE('2020-05-03', 'YYYY-MM-DD'), 644, 38, 370);
UPDATE ALOJAMIENTO SET ULTIMA_RESERVA = TO_DATE('2020-05-03', 'YYYY-MM-DD') WHERE ID = 38;
INSERT INTO RESERVA (ID, ESTADO, VALOR_TOTAL, FECHA_REALIZACION, CLIENTE_ID) VALUES (371, 1, 2208, TO_DATE('2020-05-03', 'YYYY-MM-DD'), 5);
INSERT INTO RESERVA (ID, ESTADO, VALOR_TOTAL, FECHA_REALIZACION, RESERVA_COLECTIVA_ID, CLIENTE_ID) VALUES (372, 0, 9484, TO_DATE('2020-05-03', 'YYYY-MM-DD'), 1, 41);
INSERT INTO RESERVA (ID, ESTADO, VALOR_TOTAL, FECHA_REALIZACION, RESERVA_COLECTIVA_ID, CLIENTE_ID) VALUES (373, 1, 4048, TO_DATE('2020-05-03', 'YYYY-MM-DD'), 0, 0);
INSERT INTO OFERTA (ID, DIA, PRECIO, ALOJAMIENTO_ID, RESERVA_ID) VALUES (599, TO_DATE('2020-05-03', 'YYYY-MM-DD'), 4902, 50, 371);
UPDATE ALOJAMIENTO SET ULTIMA_RESERVA = TO_DATE('2020-05-03', 'YYYY-MM-DD') WHERE ID = 50;
INSERT INTO OFERTA (ID, DIA, PRECIO, ALOJAMIENTO_ID, RESERVA_ID) VALUES (600, TO_DATE('2020-05-03', 'YYYY-MM-DD'), 424, 123, 372);
UPDATE ALOJAMIENTO SET ULTIMA_RESERVA = TO_DATE('2020-05-03', 'YYYY-MM-DD') WHERE ID = 123;
INSERT INTO OFERTA (ID, DIA, PRECIO, ALOJAMIENTO_ID, RESERVA_ID) VALUES (601, TO_DATE('2020-05-03', 'YYYY-MM-DD'), 7990, 61, 371);
UPDATE ALOJAMIENTO SET ULTIMA_RESERVA = TO_DATE('2020-05-03', 'YYYY-MM-DD') WHERE ID = 61;
INSERT INTO OFERTA (ID, DIA, PRECIO, ALOJAMIENTO_ID, RESERVA_ID) VALUES (602, TO_DATE('2020-05-03', 'YYYY-MM-DD'), 8593, 178, 373);
UPDATE ALOJAMIENTO SET ULTIMA_RESERVA = TO_DATE('2020-05-03', 'YYYY-MM-DD') WHERE ID = 178;
INSERT INTO OFERTA (ID, DIA, PRECIO, ALOJAMIENTO_ID, RESERVA_ID) VALUES (603, TO_DATE('2020-05-03', 'YYYY-MM-DD'), 5057, 45, 373);
UPDATE ALOJAMIENTO SET ULTIMA_RESERVA = TO_DATE('2020-05-03', 'YYYY-MM-DD') WHERE ID = 45;
INSERT INTO OFERTA (ID, DIA, PRECIO, ALOJAMIENTO_ID, RESERVA_ID) VALUES (604, TO_DATE('2020-05-03', 'YYYY-MM-DD'), 4916, 94, 373);
UPDATE ALOJAMIENTO SET ULTIMA_RESERVA = TO_DATE('2020-05-03', 'YYYY-MM-DD') WHERE ID = 94;
INSERT INTO RESERVA (ID, ESTADO, VALOR_TOTAL, FECHA_REALIZACION, CLIENTE_ID) VALUES (374, 1, 9786, TO_DATE('2020-05-03', 'YYYY-MM-DD'), 1);
INSERT INTO RESERVA (ID, ESTADO, VALOR_TOTAL, FECHA_REALIZACION, RESERVA_COLECTIVA_ID, CLIENTE_ID) VALUES (375, 0, 7783, TO_DATE('2020-05-03', 'YYYY-MM-DD'), 1, 24);
INSERT INTO OFERTA (ID, DIA, PRECIO, ALOJAMIENTO_ID, RESERVA_ID) VALUES (605, TO_DATE('2020-05-03', 'YYYY-MM-DD'), 7430, 186, 375);
UPDATE ALOJAMIENTO SET ULTIMA_RESERVA = TO_DATE('2020-05-03', 'YYYY-MM-DD') WHERE ID = 186;
INSERT INTO OFERTA (ID, DIA, PRECIO, ALOJAMIENTO_ID, RESERVA_ID) VALUES (606, TO_DATE('2020-05-03', 'YYYY-MM-DD'), 7771, 93, 375);
UPDATE ALOJAMIENTO SET ULTIMA_RESERVA = TO_DATE('2020-05-03', 'YYYY-MM-DD') WHERE ID = 93;
INSERT INTO OFERTA (ID, DIA, PRECIO, ALOJAMIENTO_ID, RESERVA_ID) VALUES (607, TO_DATE('2020-05-03', 'YYYY-MM-DD'), 4108, 178, 374);
UPDATE ALOJAMIENTO SET ULTIMA_RESERVA = TO_DATE('2020-05-03', 'YYYY-MM-DD') WHERE ID = 178;
INSERT INTO OFERTA (ID, DIA, PRECIO, ALOJAMIENTO_ID, RESERVA_ID) VALUES (608, TO_DATE('2020-05-03', 'YYYY-MM-DD'), 3997, 147, 374);
UPDATE ALOJAMIENTO SET ULTIMA_RESERVA = TO_DATE('2020-05-03', 'YYYY-MM-DD') WHERE ID = 147;
INSERT INTO OFERTA (ID, DIA, PRECIO, ALOJAMIENTO_ID, RESERVA_ID) VALUES (609, TO_DATE('2020-05-03', 'YYYY-MM-DD'), 5590, 169, 374);
UPDATE ALOJAMIENTO SET ULTIMA_RESERVA = TO_DATE('2020-05-03', 'YYYY-MM-DD') WHERE ID = 169;
INSERT INTO RESERVA (ID, ESTADO, VALOR_TOTAL, FECHA_REALIZACION, RESERVA_COLECTIVA_ID, CLIENTE_ID) VALUES (376, 1, 910, TO_DATE('2020-05-03', 'YYYY-MM-DD'), 5, 18);
INSERT INTO OFERTA (ID, DIA, PRECIO, ALOJAMIENTO_ID, RESERVA_ID) VALUES (610, TO_DATE('2020-05-03', 'YYYY-MM-DD'), 9471, 127, 376);
UPDATE ALOJAMIENTO SET ULTIMA_RESERVA = TO_DATE('2020-05-03', 'YYYY-MM-DD') WHERE ID = 127;
INSERT INTO OFERTA (ID, DIA, PRECIO, ALOJAMIENTO_ID, RESERVA_ID) VALUES (611, TO_DATE('2020-05-03', 'YYYY-MM-DD'), 7686, 95, 376);
UPDATE ALOJAMIENTO SET ULTIMA_RESERVA = TO_DATE('2020-05-03', 'YYYY-MM-DD') WHERE ID = 95;
INSERT INTO RESERVA (ID, ESTADO, VALOR_TOTAL, FECHA_REALIZACION, CLIENTE_ID) VALUES (377, 1, 9459, TO_DATE('2020-05-03', 'YYYY-MM-DD'), 22);
INSERT INTO RESERVA (ID, ESTADO, VALOR_TOTAL, FECHA_REALIZACION, RESERVA_COLECTIVA_ID, CLIENTE_ID) VALUES (378, 0, 1093, TO_DATE('2020-05-03', 'YYYY-MM-DD'), 9, 15);
INSERT INTO RESERVA (ID, ESTADO, VALOR_TOTAL, FECHA_REALIZACION, RESERVA_COLECTIVA_ID, CLIENTE_ID) VALUES (379, 1, 8697, TO_DATE('2020-05-03', 'YYYY-MM-DD'), 7, 23);
INSERT INTO OFERTA (ID, DIA, PRECIO, ALOJAMIENTO_ID, RESERVA_ID) VALUES (612, TO_DATE('2020-05-03', 'YYYY-MM-DD'), 9902, 16, 379);
UPDATE ALOJAMIENTO SET ULTIMA_RESERVA = TO_DATE('2020-05-03', 'YYYY-MM-DD') WHERE ID = 16;
INSERT INTO OFERTA (ID, DIA, PRECIO, ALOJAMIENTO_ID, RESERVA_ID) VALUES (613, TO_DATE('2020-05-03', 'YYYY-MM-DD'), 9566, 108, 379);
UPDATE ALOJAMIENTO SET ULTIMA_RESERVA = TO_DATE('2020-05-03', 'YYYY-MM-DD') WHERE ID = 108;
INSERT INTO OFERTA (ID, DIA, PRECIO, ALOJAMIENTO_ID, RESERVA_ID) VALUES (614, TO_DATE('2020-05-03', 'YYYY-MM-DD'), 6032, 101, 378);
UPDATE ALOJAMIENTO SET ULTIMA_RESERVA = TO_DATE('2020-05-03', 'YYYY-MM-DD') WHERE ID = 101;
INSERT INTO OFERTA (ID, DIA, PRECIO, ALOJAMIENTO_ID, RESERVA_ID) VALUES (615, TO_DATE('2020-05-03', 'YYYY-MM-DD'), 5056, 104, 379);
UPDATE ALOJAMIENTO SET ULTIMA_RESERVA = TO_DATE('2020-05-03', 'YYYY-MM-DD') WHERE ID = 104;
INSERT INTO RESERVA (ID, ESTADO, VALOR_TOTAL, FECHA_REALIZACION, CLIENTE_ID) VALUES (380, 0, 4161, TO_DATE('2020-05-03', 'YYYY-MM-DD'), 35);
INSERT INTO RESERVA (ID, ESTADO, VALOR_TOTAL, FECHA_REALIZACION, RESERVA_COLECTIVA_ID, CLIENTE_ID) VALUES (381, 1, 5544, TO_DATE('2020-05-03', 'YYYY-MM-DD'), 4, 28);
INSERT INTO RESERVA (ID, ESTADO, VALOR_TOTAL, FECHA_REALIZACION, RESERVA_COLECTIVA_ID, CLIENTE_ID) VALUES (382, 0, 320, TO_DATE('2020-05-03', 'YYYY-MM-DD'), 2, 21);
INSERT INTO OFERTA (ID, DIA, PRECIO, ALOJAMIENTO_ID, RESERVA_ID) VALUES (616, TO_DATE('2020-05-03', 'YYYY-MM-DD'), 575, 104, 380);
UPDATE ALOJAMIENTO SET ULTIMA_RESERVA = TO_DATE('2020-05-03', 'YYYY-MM-DD') WHERE ID = 104;
INSERT INTO OFERTA (ID, DIA, PRECIO, ALOJAMIENTO_ID, RESERVA_ID) VALUES (617, TO_DATE('2020-05-03', 'YYYY-MM-DD'), 6883, 46, 382);
UPDATE ALOJAMIENTO SET ULTIMA_RESERVA = TO_DATE('2020-05-03', 'YYYY-MM-DD') WHERE ID = 46;
INSERT INTO OFERTA (ID, DIA, PRECIO, ALOJAMIENTO_ID, RESERVA_ID) VALUES (618, TO_DATE('2020-05-03', 'YYYY-MM-DD'), 2154, 155, 382);
UPDATE ALOJAMIENTO SET ULTIMA_RESERVA = TO_DATE('2020-05-03', 'YYYY-MM-DD') WHERE ID = 155;
INSERT INTO OFERTA (ID, DIA, PRECIO, ALOJAMIENTO_ID, RESERVA_ID) VALUES (619, TO_DATE('2020-05-03', 'YYYY-MM-DD'), 5373, 182, 381);
UPDATE ALOJAMIENTO SET ULTIMA_RESERVA = TO_DATE('2020-05-03', 'YYYY-MM-DD') WHERE ID = 182;
INSERT INTO RESERVA (ID, ESTADO, VALOR_TOTAL, FECHA_REALIZACION, CLIENTE_ID) VALUES (383, 0, 578, TO_DATE('2020-05-03', 'YYYY-MM-DD'), 27);
INSERT INTO RESERVA (ID, ESTADO, VALOR_TOTAL, FECHA_REALIZACION, RESERVA_COLECTIVA_ID, CLIENTE_ID) VALUES (384, 0, 2941, TO_DATE('2020-05-03', 'YYYY-MM-DD'), 8, 38);
INSERT INTO RESERVA (ID, ESTADO, VALOR_TOTAL, FECHA_REALIZACION, RESERVA_COLECTIVA_ID, CLIENTE_ID) VALUES (385, 0, 842, TO_DATE('2020-05-03', 'YYYY-MM-DD'), 10, 31);
INSERT INTO OFERTA (ID, DIA, PRECIO, ALOJAMIENTO_ID, RESERVA_ID) VALUES (620, TO_DATE('2020-05-03', 'YYYY-MM-DD'), 2808, 138, 383);
UPDATE ALOJAMIENTO SET ULTIMA_RESERVA = TO_DATE('2020-05-03', 'YYYY-MM-DD') WHERE ID = 138;
INSERT INTO OFERTA (ID, DIA, PRECIO, ALOJAMIENTO_ID, RESERVA_ID) VALUES (621, TO_DATE('2020-05-03', 'YYYY-MM-DD'), 3456, 155, 385);
UPDATE ALOJAMIENTO SET ULTIMA_RESERVA = TO_DATE('2020-05-03', 'YYYY-MM-DD') WHERE ID = 155;
INSERT INTO OFERTA (ID, DIA, PRECIO, ALOJAMIENTO_ID, RESERVA_ID) VALUES (622, TO_DATE('2020-05-03', 'YYYY-MM-DD'), 2260, 60, 383);
UPDATE ALOJAMIENTO SET ULTIMA_RESERVA = TO_DATE('2020-05-03', 'YYYY-MM-DD') WHERE ID = 60;
INSERT INTO OFERTA (ID, DIA, PRECIO, ALOJAMIENTO_ID, RESERVA_ID) VALUES (623, TO_DATE('2020-05-03', 'YYYY-MM-DD'), 4165, 81, 385);
UPDATE ALOJAMIENTO SET ULTIMA_RESERVA = TO_DATE('2020-05-03', 'YYYY-MM-DD') WHERE ID = 81;
INSERT INTO OFERTA (ID, DIA, PRECIO, ALOJAMIENTO_ID, RESERVA_ID) VALUES (624, TO_DATE('2020-05-03', 'YYYY-MM-DD'), 3420, 180, 383);
UPDATE ALOJAMIENTO SET ULTIMA_RESERVA = TO_DATE('2020-05-03', 'YYYY-MM-DD') WHERE ID = 180;
INSERT INTO RESERVA (ID, ESTADO, VALOR_TOTAL, FECHA_REALIZACION, CLIENTE_ID) VALUES (386, 1, 5002, TO_DATE('2020-05-03', 'YYYY-MM-DD'), 45);
INSERT INTO RESERVA (ID, ESTADO, VALOR_TOTAL, FECHA_REALIZACION, RESERVA_COLECTIVA_ID, CLIENTE_ID) VALUES (387, 1, 5058, TO_DATE('2020-05-03', 'YYYY-MM-DD'), 9, 7);
INSERT INTO RESERVA (ID, ESTADO, VALOR_TOTAL, FECHA_REALIZACION, RESERVA_COLECTIVA_ID, CLIENTE_ID) VALUES (388, 0, 7466, TO_DATE('2020-05-03', 'YYYY-MM-DD'), 1, 10);
INSERT INTO OFERTA (ID, DIA, PRECIO, ALOJAMIENTO_ID, RESERVA_ID) VALUES (625, TO_DATE('2020-05-03', 'YYYY-MM-DD'), 7212, 66, 388);
UPDATE ALOJAMIENTO SET ULTIMA_RESERVA = TO_DATE('2020-05-03', 'YYYY-MM-DD') WHERE ID = 66;
INSERT INTO OFERTA (ID, DIA, PRECIO, ALOJAMIENTO_ID, RESERVA_ID) VALUES (626, TO_DATE('2020-05-03', 'YYYY-MM-DD'), 3375, 57, 387);
UPDATE ALOJAMIENTO SET ULTIMA_RESERVA = TO_DATE('2020-05-03', 'YYYY-MM-DD') WHERE ID = 57;
INSERT INTO OFERTA (ID, DIA, PRECIO, ALOJAMIENTO_ID, RESERVA_ID) VALUES (627, TO_DATE('2020-05-03', 'YYYY-MM-DD'), 2361, 28, 388);
UPDATE ALOJAMIENTO SET ULTIMA_RESERVA = TO_DATE('2020-05-03', 'YYYY-MM-DD') WHERE ID = 28;
INSERT INTO OFERTA (ID, DIA, PRECIO, ALOJAMIENTO_ID, RESERVA_ID) VALUES (628, TO_DATE('2020-05-03', 'YYYY-MM-DD'), 8084, 49, 386);
UPDATE ALOJAMIENTO SET ULTIMA_RESERVA = TO_DATE('2020-05-03', 'YYYY-MM-DD') WHERE ID = 49;
INSERT INTO OFERTA (ID, DIA, PRECIO, ALOJAMIENTO_ID, RESERVA_ID) VALUES (629, TO_DATE('2020-05-03', 'YYYY-MM-DD'), 6925, 79, 387);
UPDATE ALOJAMIENTO SET ULTIMA_RESERVA = TO_DATE('2020-05-03', 'YYYY-MM-DD') WHERE ID = 79;
INSERT INTO OFERTA (ID, DIA, PRECIO, ALOJAMIENTO_ID, RESERVA_ID) VALUES (630, TO_DATE('2020-05-03', 'YYYY-MM-DD'), 7651, 134, 388);
UPDATE ALOJAMIENTO SET ULTIMA_RESERVA = TO_DATE('2020-05-03', 'YYYY-MM-DD') WHERE ID = 134;
INSERT INTO RESERVA (ID, ESTADO, VALOR_TOTAL, FECHA_REALIZACION, CLIENTE_ID) VALUES (389, 1, 7095, TO_DATE('2020-05-03', 'YYYY-MM-DD'), 7);
INSERT INTO RESERVA (ID, ESTADO, VALOR_TOTAL, FECHA_REALIZACION, RESERVA_COLECTIVA_ID, CLIENTE_ID) VALUES (390, 1, 7168, TO_DATE('2020-05-03', 'YYYY-MM-DD'), 2, 24);
INSERT INTO OFERTA (ID, DIA, PRECIO, ALOJAMIENTO_ID, RESERVA_ID) VALUES (631, TO_DATE('2020-05-03', 'YYYY-MM-DD'), 6466, 185, 390);
UPDATE ALOJAMIENTO SET ULTIMA_RESERVA = TO_DATE('2020-05-03', 'YYYY-MM-DD') WHERE ID = 185;
INSERT INTO OFERTA (ID, DIA, PRECIO, ALOJAMIENTO_ID, RESERVA_ID) VALUES (632, TO_DATE('2020-05-03', 'YYYY-MM-DD'), 3180, 131, 389);
UPDATE ALOJAMIENTO SET ULTIMA_RESERVA = TO_DATE('2020-05-03', 'YYYY-MM-DD') WHERE ID = 131;
INSERT INTO OFERTA (ID, DIA, PRECIO, ALOJAMIENTO_ID, RESERVA_ID) VALUES (633, TO_DATE('2020-05-03', 'YYYY-MM-DD'), 7307, 173, 389);
UPDATE ALOJAMIENTO SET ULTIMA_RESERVA = TO_DATE('2020-05-03', 'YYYY-MM-DD') WHERE ID = 173;
INSERT INTO OFERTA (ID, DIA, PRECIO, ALOJAMIENTO_ID, RESERVA_ID) VALUES (634, TO_DATE('2020-05-03', 'YYYY-MM-DD'), 5269, 138, 389);
UPDATE ALOJAMIENTO SET ULTIMA_RESERVA = TO_DATE('2020-05-03', 'YYYY-MM-DD') WHERE ID = 138;
INSERT INTO OFERTA (ID, DIA, PRECIO, ALOJAMIENTO_ID, RESERVA_ID) VALUES (635, TO_DATE('2020-05-03', 'YYYY-MM-DD'), 6325, 94, 390);
UPDATE ALOJAMIENTO SET ULTIMA_RESERVA = TO_DATE('2020-05-03', 'YYYY-MM-DD') WHERE ID = 94;
commit;